Workbook

Sheet analysis
A1: {=MID(CELL("filename"),SEARCH("[",CELL("filename"))+1,SEARCH("]",CELL("filename"))-SEARCH("[",CELL("filename"))-1)} -> 03 codeTables_QECC.xlsx
A3: Family Size | B3: =COUNT(AB:AB) -> 121 | C3: nMax | D3: =MAX(B68:B300) -> 123 | E3: nMin | F3: =MIN(B68:B300) -> 3 | G3: dMinSum | H3: =SUM(C68:C300) -> 1466 | M3: MaxTime | N3: =8*60*60 -> 28800
M4: Exact nMax | N4: 80 | O4: Exact Family | P4: =COUNTIFS(B68:B195,"<="&$N$4) -> 78
A5: Heuristic Methods | M5: Exact Methods
B6: m4riRW | C6: QDistRndMW | D6: QDistEvol | E6: BP-OSD | F6: GEStim | G6: CCStim | H6: UEStim | N6: Gurobi | O6: MIP-SCIP | P6: CLISAT | Q6: m4riCC | R6: Magma
A7: Result Returned | B7: =SUM(BI:BI) -> 121 | C7: =SUM(BJ:BJ) -> 121 | D7: =SUM(BK:BK) -> 121 | E7: =SUM(BL:BL) -> 121 | F7: =SUM(BM:BM) -> 9 | G7: =SUM(BN:BN) -> 11 | H7: =SUM(BO:BO) -> 47 | J7: #,##0 | M7: Result Returned | N7: =SUMIFS(BD:BD,$B:$B,"<="&$N$4) -> 78 | O7: =SUMIFS(BE:BE,$B:$B,"<="&$N$4) -> 78 | P7: =SUMIFS(BF:BF,$B:$B,"<="&$N$4) -> 78 | Q7: =SUMIFS(BG:BG,$B:$B,"<="&$N$4) -> 33 | R7: =SUMIFS(BH:BH,$B:$B,"<="&$N$4) -> 78 | S7: #,##0
A8: No Result | B8: =$B$3-B7 -> 0 | C8: =$B$3-C7 -> 0 | D8: =$B$3-D7 -> 0 | E8: =$B$3-E7 -> 0 | F8: =$B$3-F7 -> 112 | G8: =$B$3-G7 -> 110 | H8: =$B$3-H7 -> 74 | J8: #,##0 | M8: Completed < MaxTime | N8: =SUMIFS(AM:AM,$B:$B,"<="&$N$4) -> 46 | O8: =SUMIFS(AN:AN,$B:$B,"<="&$N$4) -> 40 | P8: =SUMIFS(AO:AO,$B:$B,"<="&$N$4) -> 39 | Q8: =SUMIFS(AP:AP,$B:$B,"<="&$N$4) -> 33 | R8: =SUMIFS(AQ:AQ,$B:$B,"<="&$N$4) -> 56 | S8: #,##0
A9: At lowest distance | B9: =SUM(CQ:CQ) -> 106 | C9: =SUM(CR:CR) -> 103 | D9: =SUM(CS:CS) -> 109 | E9: =SUM(CT:CT) -> 62 | F9: =SUM(CU:CU) -> 9 | G9: =SUM(CV:CV) -> 11 | H9: =SUM(CW:CW) -> 38 | J9: #,##0;; | M9: Completed > MaxTime | N9: =N7-N8 -> 32 | O9: =O7-O8 -> 38 | P9: =P7-P8 -> 39 | Q9: =Q7-Q8 -> 0 | R9: =R7-R8 -> 22 | S9: #,##0
A10: Overall Success Rate | B10: =B9/$B$3 -> 0.87603306 | C10: =C9/$B$3 -> 0.85123967 | D10: =D9/$B$3 -> 0.90082645 | E10: =E9/$B$3 -> 0.51239669 | F10: =F9/$B$3 -> 0.074380165 | G10: =G9/$B$3 -> 0.090909091 | H10: =H9/$B$3 -> 0.31404959 | J10: 0.0%;; | M10: No Result | N10: =$P$4-N7 -> 0 | O10: =$P$4-O7 -> 0 | P10: =$P$4-P7 -> 0 | Q10: =$P$4-Q7 -> 45 | R10: =$P$4-R7 -> 0 | S10: #,##0
A11: Total Time (s) | B11: =SUM(DH:DH) -> 208.53508 | C11: =SUM(DI:DI) -> 3572.9461 | D11: =SUM(DJ:DJ) -> 1312.9149 | E11: =SUM(DK:DK) -> 63088.397 | F11: =SUM(DL:DL) -> 3.5414486 | G11: =SUM(DM:DM) -> 3.8452323 | H11: =SUM(DN:DN) -> 62.377662 | J11: 0.0E+00;; | M11: At lowest distance | N11: =SUMIFS(CL:CL,$B:$B,"<="&$N$4) -> 67 | O11: =SUMIFS(CM:CM,$B:$B,"<="&$N$4) -> 67 | P11: =SUMIFS(CN:CN,$B:$B,"<="&$N$4) -> 49 | Q11: =SUMIFS(CO:CO,$B:$B,"<="&$N$4) -> 33 | R11: =SUMIFS(CP:CP,$B:$B,"<="&$N$4) -> 77 | S11: #,##0
A12: Trials | C12: =SUM(FH:FH) -> 1210000 | D12: =SUM(FI:FI) -> 1210000 | E12: =SUM(FJ:FJ) -> 1210000 | F12: =SUM(FK:FK) -> 121 | G12: =SUM(FL:FL) -> 121 | H12: =SUM(FM:FM) -> 935 | J12: #,##0 | M12: Overall success rate | N12: =N11/$P$4 -> 0.85897436 | O12: =O11/$P$4 -> 0.85897436 | P12: =P11/$P$4 -> 0.62820513 | Q12: =Q11/$P$4 -> 0.42307692 | R12: =R11/$P$4 -> 0.98717949 | S12: 0.0%;;
A13: Trials at lowest distance | C13: =SUM(DZ:DZ) -> 322477 | D13: =SUM(EA:EA) -> 543925 | E13: =SUM(EB:EB) -> 242798 | F13: =SUM(EC:EC) -> 9 | G13: =SUM(ED:ED) -> 11 | H13: =SUM(EE:EE) -> 74 | J13: #,##0;; | M13: Total Time | N13: =SUMIFS(DC:DC,$B:$B,"<="&$N$4)+N16*$N$3 -> 978906.75 | O13: =SUMIFS(DD:DD,$B:$B,"<="&$N$4)+O16*$N$3 -> 1173723.5 | P13: =SUMIFS(DE:DE,$B:$B,"<="&$N$4)+P16*$N$3 -> 1221977.7 | Q13: =SUMIFS(DF:DF,$B:$B,"<="&$N$4)+Q16*$N$3 -> 1325022 | R13: =SUMIFS(DG:DG,$B:$B,"<="&$N$4)+R16*$N$3 -> 692540.08 | S13: 0.0E+00;;
A14: Trial Success Rate | C14: =C13/C12 -> 0.26650992 | D14: =D13/D12 -> 0.44952479 | E14: =E13/E12 -> 0.2006595 | F14: =F13/F12 -> 0.074380165 | G14: =G13/G12 -> 0.090909091 | H14: =H13/H12 -> 0.079144385 | J14: 0.0%;; | M14: Time/Trial | N14: =N13/$P$4 -> 12550.087 | O14: =O13/$P$4 -> 15047.737 | P14: =P13/$P$4 -> 15666.381 | Q14: =Q13/$P$4 -> 16987.461 | R14: =R13/$P$4 -> 8878.7189 | S14: 0.0E+00;;
A15: Time/Trial | C15: =IF(C12,C11/C12,"") -> 0.002952848 | D15: =IF(D12,D11/D12,"") -> 0.0010850537 | E15: =IF(E12,E11/E12,"") -> 0.052139171 | F15: =IF(F12,F11/F12,"") -> 0.02926817 | G15: =IF(G12,G11/G12,"") -> 0.031778779 | H15: =IF(H12,H11/H12,"") -> 0.066714077 | J15: 0.0E+00;; | M15: Time/Successful Trial | N15: =IF(N11,N13/N11,"") -> 14610.549 | O15: =IF(O11,O13/O11,"") -> 17518.261 | P15: =IF(P11,P13/P11,"") -> 24938.321 | Q15: =IF(Q11,Q13/Q11,"") -> 40152.182 | R15: =IF(R11,R13/R11,"") -> 8994.027 | S15: 0.0E+00;; | U15: =IF(U12,U14/U12,"")
A16: Time/Successful Trial | C16: =IF(C13,C11/C13,"") -> 0.011079693 | D16: =IF(D13,D11/D13,"") -> 0.0024137794 | E16: =IF(E13,E11/E13,"") -> 0.25983903 | F16: =IF(F13,F11/F13,"") -> 0.39349429 | G16: =IF(G13,G11/G13,"") -> 0.34956657 | H16: =IF(H13,H11/H13,"") -> 0.84294138 | J16: 0.0E+00;; | M16: not completed | N16: =COUNTIFS(DC:DC,"=0",$B:$B,"<="&$N$4) -> 0 | O16: =COUNTIFS(DD:DD,"=0",$B:$B,"<="&$N$4) -> 0 | P16: =COUNTIFS(DE:DE,"=0",$B:$B,"<="&$N$4) -> 0 | Q16: =COUNTIFS(DF:DF,"=0",$B:$B,"<="&$N$4) -> 0 | R16: =COUNTIFS(DG:DG,"=0",$B:$B,"<="&$N$4) -> 0
A17: not completed | B17: =COUNTIFS(DH:DH,"=0") -> 0 | C17: =COUNTIFS(DI:DI,"=0") -> 0 | D17: =COUNTIFS(DJ:DJ,"=0") -> 0 | E17: =COUNTIFS(DK:DK,"=0") -> 0 | F17: =COUNTIFS(DL:DL,"=0") -> 0 | G17: =COUNTIFS(DM:DM,"=0") -> 0 | H17: =COUNTIFS(DN:DN,"=0") -> 0 | M17: nMax completed | N17: =_xlfn.MAXIFS($B67:$B267,DC67:DC267,"<>0",$B67:$B267,"<="&$N$4) -> 80 | O17: =_xlfn.MAXIFS($B67:$B267,DD67:DD267,"<>0",$B67:$B267,"<="&$N$4) -> 80 | P17: =_xlfn.MAXIFS($B67:$B267,DE67:DE267,"<>0",$B67:$B267,"<="&$N$4) -> 80 | Q17: =_xlfn.MAXIFS($B67:$B267,DF67:DF267,"<>0",$B67:$B267,"<="&$N$4) -> 80 | R17: =_xlfn.MAXIFS($B67:$B267,DG67:DG267,"<>0",$B67:$B267,"<="&$N$4) -> 80
A18: Avg Delta d | B18: =(SUM(BZ68:BZ300)-$H$3)/$H$3 -> 0.018417462 | C18: =(SUM(CA68:CA300)-$H$3)/$H$3 -> 0.022510232 | D18: =(SUM(CB68:CB300)-$H$3)/$H$3 -> 0.010914052 | E18: =(SUM(CC68:CC300)-$H$3)/$H$3 -> 0.1377899 | F18: =(SUM(CD68:CD300)-$H$3)/$H$3 -> 4.1705321 | G18: =(SUM(CE68:CE300)-$H$3)/$H$3 -> 4.1548431 | H18: =(SUM(CF68:CF300)-$H$3)/$H$3 -> 3.5675307
A19: Chart Dataset: | B19: QDistRndMW
A21: Exact - Processing Time/Succ Trial | E21: Heuristic - Processing Time/Succ Trial | J21: Heuristic - Success Rate per Trial | P21: Heuristic - Average Delta d
FX34: =IF(FU34,FT34/FU34,"")
FX35: =IF(FU35,FT35/FU35,"")
FX36: =IF(FU36,FT36/FU36,"")
FX37: =IF(FU37,FT37/FU37,"")
FX38: =IF(FU38,FT38/FU38,"")
A43: \begin{center} | M43: \begin{center}
A44: \begin{tabular}{ |l| | B44: r| | C44: r| | D44: r| | E44: r| | F44: r| | G44: r| | H44: r| | I44: } | J44: \hline | M44: \begin{tabular}{ |l| | N44: r| | O44: r| | P44: r| | Q44: r| | R44: r| | S44: } | T44: \hline
A45: =A2&" &" -> & | B45: ="\textbf{"&B6&"}"&IF(C45="\\",""," &") -> \textbf{m4riRW} & | C45: ="\textbf{"&C6&"}"&IF(D45="\\",""," &") -> \textbf{QDistRndMW} & | D45: ="\textbf{"&D6&"}"&IF(E45="\\",""," &") -> \textbf{QDistEvol} & | E45: ="\textbf{"&E6&"}"&IF(F45="\\",""," &") -> \textbf{BP-OSD} & | F45: ="\textbf{"&F6&"}"&IF(G45="\\",""," &") -> \textbf{GEStim} & | G45: ="\textbf{"&G6&"}"&IF(H45="\\",""," &") -> \textbf{CCStim} & | H45: ="\textbf{"&H6&"}"&IF(I45="\\",""," &") -> \textbf{UEStim} | I45: \\ | J45: \hline | M45: =M2&" &" -> & | N45: ="\textbf{"&N6&"}"&IF(O45="\\",""," &") -> \textbf{Gurobi} & | O45: ="\textbf{"&O6&"}"&IF(P45="\\",""," &") -> \textbf{MIP-SCIP} & | P45: ="\textbf{"&P6&"}"&IF(Q45="\\",""," &") -> \textbf{CLISAT} & | Q45: ="\textbf{"&Q6&"}"&IF(R45="\\",""," &") -> \textbf{m4riCC} & | R45: ="\textbf{"&R6&"}"&IF(S45="\\",""," &") -> \textbf{Magma} | S45: \\ | T45: \hline
A46: ="\textbf{"&A7&"} &" -> \textbf{Result Returned} & | B46: =SUBSTITUTE(TEXT(B7,$J7)&IF(C46="\\",""," &"),"%","\%") -> 121 & | C46: =SUBSTITUTE(TEXT(C7,$J7)&IF(D46="\\",""," &"),"%","\%") -> 121 & | D46: =SUBSTITUTE(TEXT(D7,$J7)&IF(E46="\\",""," &"),"%","\%") -> 121 & | E46: =SUBSTITUTE(TEXT(E7,$J7)&IF(F46="\\",""," &"),"%","\%") -> 121 & | F46: =SUBSTITUTE(TEXT(F7,$J7)&IF(G46="\\",""," &"),"%","\%") -> 9 & | G46: =SUBSTITUTE(TEXT(G7,$J7)&IF(H46="\\",""," &"),"%","\%") -> 11 & | H46: =SUBSTITUTE(TEXT(H7,$J7)&IF(I46="\\",""," &"),"%","\%") -> 47 | I46: \\ | M46: ="\textbf{"&M7&"} &" -> \textbf{Result Returned} & | N46: =SUBSTITUTE(TEXT(N7,$S7)&IF(O46="\\",""," &"),"%","\%") -> 78 & | O46: =SUBSTITUTE(TEXT(O7,$S7)&IF(P46="\\",""," &"),"%","\%") -> 78 & | P46: =SUBSTITUTE(TEXT(P7,$S7)&IF(Q46="\\",""," &"),"%","\%") -> 78 & | Q46: =SUBSTITUTE(TEXT(Q7,$S7)&IF(R46="\\",""," &"),"%","\%") -> 33 & | R46: =SUBSTITUTE(TEXT(R7,$S7)&IF(S46="\\",""," &"),"%","\%") -> 78 | S46: \\
A47: ="\textbf{"&A8&"} &" -> \textbf{No Result} & | B47: =SUBSTITUTE(TEXT(B8,$J8)&IF(C47="\\",""," &"),"%","\%") -> 0 & | C47: =SUBSTITUTE(TEXT(C8,$J8)&IF(D47="\\",""," &"),"%","\%") -> 0 & | D47: =SUBSTITUTE(TEXT(D8,$J8)&IF(E47="\\",""," &"),"%","\%") -> 0 & | E47: =SUBSTITUTE(TEXT(E8,$J8)&IF(F47="\\",""," &"),"%","\%") -> 0 & | F47: =SUBSTITUTE(TEXT(F8,$J8)&IF(G47="\\",""," &"),"%","\%") -> 112 & | G47: =SUBSTITUTE(TEXT(G8,$J8)&IF(H47="\\",""," &"),"%","\%") -> 110 & | H47: =SUBSTITUTE(TEXT(H8,$J8)&IF(I47="\\",""," &"),"%","\%") -> 74 | I47: \\ | M47: ="\textbf{"&M8&"} &" -> \textbf{Completed < MaxTime} & | N47: =SUBSTITUTE(TEXT(N8,$S8)&IF(O47="\\",""," &"),"%","\%") -> 46 & | O47: =SUBSTITUTE(TEXT(O8,$S8)&IF(P47="\\",""," &"),"%","\%") -> 40 & | P47: =SUBSTITUTE(TEXT(P8,$S8)&IF(Q47="\\",""," &"),"%","\%") -> 39 & | Q47: =SUBSTITUTE(TEXT(Q8,$S8)&IF(R47="\\",""," &"),"%","\%") -> 33 & | R47: =SUBSTITUTE(TEXT(R8,$S8)&IF(S47="\\",""," &"),"%","\%") -> 56 | S47: \\
A48: ="\textbf{"&A9&"} &" -> \textbf{At lowest distance} & | B48: =SUBSTITUTE(TEXT(B9,$J9)&IF(C48="\\",""," &"),"%","\%") -> 106 & | C48: =SUBSTITUTE(TEXT(C9,$J9)&IF(D48="\\",""," &"),"%","\%") -> 103 & | D48: =SUBSTITUTE(TEXT(D9,$J9)&IF(E48="\\",""," &"),"%","\%") -> 109 & | E48: =SUBSTITUTE(TEXT(E9,$J9)&IF(F48="\\",""," &"),"%","\%") -> 62 & | F48: =SUBSTITUTE(TEXT(F9,$J9)&IF(G48="\\",""," &"),"%","\%") -> 9 & | G48: =SUBSTITUTE(TEXT(G9,$J9)&IF(H48="\\",""," &"),"%","\%") -> 11 & | H48: =SUBSTITUTE(TEXT(H9,$J9)&IF(I48="\\",""," &"),"%","\%") -> 38 | I48: \\ | M48: ="\textbf{"&M9&"} &" -> \textbf{Completed > MaxTime} & | N48: =SUBSTITUTE(TEXT(N9,$S9)&IF(O48="\\",""," &"),"%","\%") -> 32 & | O48: =SUBSTITUTE(TEXT(O9,$S9)&IF(P48="\\",""," &"),"%","\%") -> 38 & | P48: =SUBSTITUTE(TEXT(P9,$S9)&IF(Q48="\\",""," &"),"%","\%") -> 39 & | Q48: =SUBSTITUTE(TEXT(Q9,$S9)&IF(R48="\\",""," &"),"%","\%") -> 0 & | R48: =SUBSTITUTE(TEXT(R9,$S9)&IF(S48="\\",""," &"),"%","\%") -> 22 | S48: \\
A49: ="\textbf{"&A10&"} &" -> \textbf{Overall Success Rate} & | B49: =SUBSTITUTE(TEXT(B10,$J10)&IF(C49="\\",""," &"),"%","\%") -> 87.6\% & | C49: =SUBSTITUTE(TEXT(C10,$J10)&IF(D49="\\",""," &"),"%","\%") -> 85.1\% & | D49: =SUBSTITUTE(TEXT(D10,$J10)&IF(E49="\\",""," &"),"%","\%") -> 90.1\% & | E49: =SUBSTITUTE(TEXT(E10,$J10)&IF(F49="\\",""," &"),"%","\%") -> 51.2\% & | F49: =SUBSTITUTE(TEXT(F10,$J10)&IF(G49="\\",""," &"),"%","\%") -> 7.4\% & | G49: =SUBSTITUTE(TEXT(G10,$J10)&IF(H49="\\",""," &"),"%","\%") -> 9.1\% & | H49: =SUBSTITUTE(TEXT(H10,$J10)&IF(I49="\\",""," &"),"%","\%") -> 31.4\% | I49: \\ | J49: \hline | M49: ="\textbf{"&M10&"} &" -> \textbf{No Result} & | N49: =SUBSTITUTE(TEXT(N10,$S10)&IF(O49="\\",""," &"),"%","\%") -> 0 & | O49: =SUBSTITUTE(TEXT(O10,$S10)&IF(P49="\\",""," &"),"%","\%") -> 0 & | P49: =SUBSTITUTE(TEXT(P10,$S10)&IF(Q49="\\",""," &"),"%","\%") -> 0 & | Q49: =SUBSTITUTE(TEXT(Q10,$S10)&IF(R49="\\",""," &"),"%","\%") -> 45 & | R49: =SUBSTITUTE(TEXT(R10,$S10)&IF(S49="\\",""," &"),"%","\%") -> 0 | S49: \\
A50: ="\textbf{"&A11&"} &" -> \textbf{Total Time (s)} & | B50: =SUBSTITUTE(TEXT(B11,$J11)&IF(C50="\\",""," &"),"%","\%") -> 2.1E+02 & | C50: =SUBSTITUTE(TEXT(C11,$J11)&IF(D50="\\",""," &"),"%","\%") -> 3.6E+03 & | D50: =SUBSTITUTE(TEXT(D11,$J11)&IF(E50="\\",""," &"),"%","\%") -> 1.3E+03 & | E50: =SUBSTITUTE(TEXT(E11,$J11)&IF(F50="\\",""," &"),"%","\%") -> 6.3E+04 & | F50: =SUBSTITUTE(TEXT(F11,$J11)&IF(G50="\\",""," &"),"%","\%") -> 3.5E+00 & | G50: =SUBSTITUTE(TEXT(G11,$J11)&IF(H50="\\",""," &"),"%","\%") -> 3.8E+00 & | H50: =SUBSTITUTE(TEXT(H11,$J11)&IF(I50="\\",""," &"),"%","\%") -> 6.2E+01 | I50: \\ | M50: ="\textbf{"&M11&"} &" -> \textbf{At lowest distance} & | N50: =SUBSTITUTE(TEXT(N11,$S11)&IF(O50="\\",""," &"),"%","\%") -> 67 & | O50: =SUBSTITUTE(TEXT(O11,$S11)&IF(P50="\\",""," &"),"%","\%") -> 67 & | P50: =SUBSTITUTE(TEXT(P11,$S11)&IF(Q50="\\",""," &"),"%","\%") -> 49 & | Q50: =SUBSTITUTE(TEXT(Q11,$S11)&IF(R50="\\",""," &"),"%","\%") -> 33 & | R50: =SUBSTITUTE(TEXT(R11,$S11)&IF(S50="\\",""," &"),"%","\%") -> 77 | S50: \\
A51: ="\textbf{"&A12&"} &" -> \textbf{Trials} & | B51: =SUBSTITUTE(TEXT(B12,$J12)&IF(C51="\\",""," &"),"%","\%") -> 0 & | C51: =SUBSTITUTE(TEXT(C12,$J12)&IF(D51="\\",""," &"),"%","\%") -> 1,210,000 & | D51: =SUBSTITUTE(TEXT(D12,$J12)&IF(E51="\\",""," &"),"%","\%") -> 1,210,000 & | E51: =SUBSTITUTE(TEXT(E12,$J12)&IF(F51="\\",""," &"),"%","\%") -> 1,210,000 & | F51: =SUBSTITUTE(TEXT(F12,$J12)&IF(G51="\\",""," &"),"%","\%") -> 121 & | G51: =SUBSTITUTE(TEXT(G12,$J12)&IF(H51="\\",""," &"),"%","\%") -> 121 & | H51: =SUBSTITUTE(TEXT(H12,$J12)&IF(I51="\\",""," &"),"%","\%") -> 935 | I51: \\ | M51: ="\textbf{"&M12&"} &" -> \textbf{Overall success rate} & | N51: =SUBSTITUTE(TEXT(N12,$S12)&IF(O51="\\",""," &"),"%","\%") -> 85.9\% & | O51: =SUBSTITUTE(TEXT(O12,$S12)&IF(P51="\\",""," &"),"%","\%") -> 85.9\% & | P51: =SUBSTITUTE(TEXT(P12,$S12)&IF(Q51="\\",""," &"),"%","\%") -> 62.8\% & | Q51: =SUBSTITUTE(TEXT(Q12,$S12)&IF(R51="\\",""," &"),"%","\%") -> 42.3\% & | R51: =SUBSTITUTE(TEXT(R12,$S12)&IF(S51="\\",""," &"),"%","\%") -> 98.7\% | S51: \\ | T51: \hline
A52: ="\textbf{"&A13&"} &" -> \textbf{Trials at lowest distance} & | B52: =SUBSTITUTE(TEXT(B13,$J13)&IF(C52="\\",""," &"),"%","\%") -> & | C52: =SUBSTITUTE(TEXT(C13,$J13)&IF(D52="\\",""," &"),"%","\%") -> 322,477 & | D52: =SUBSTITUTE(TEXT(D13,$J13)&IF(E52="\\",""," &"),"%","\%") -> 543,925 & | E52: =SUBSTITUTE(TEXT(E13,$J13)&IF(F52="\\",""," &"),"%","\%") -> 242,798 & | F52: =SUBSTITUTE(TEXT(F13,$J13)&IF(G52="\\",""," &"),"%","\%") -> 9 & | G52: =SUBSTITUTE(TEXT(G13,$J13)&IF(H52="\\",""," &"),"%","\%") -> 11 & | H52: =SUBSTITUTE(TEXT(H13,$J13)&IF(I52="\\",""," &"),"%","\%") -> 74 | I52: \\ | M52: ="\textbf{"&M13&"} &" -> \textbf{Total Time} & | N52: =SUBSTITUTE(TEXT(N13,$S13)&IF(O52="\\",""," &"),"%","\%") -> 9.8E+05 & | O52: =SUBSTITUTE(TEXT(O13,$S13)&IF(P52="\\",""," &"),"%","\%") -> 1.2E+06 & | P52: =SUBSTITUTE(TEXT(P13,$S13)&IF(Q52="\\",""," &"),"%","\%") -> 1.2E+06 & | Q52: =SUBSTITUTE(TEXT(Q13,$S13)&IF(R52="\\",""," &"),"%","\%") -> 1.3E+06 & | R52: =SUBSTITUTE(TEXT(R13,$S13)&IF(S52="\\",""," &"),"%","\%") -> 6.9E+05 | S52: \\
A53: ="\textbf{"&A14&"} &" -> \textbf{Trial Success Rate} & | B53: =SUBSTITUTE(TEXT(B14,$J14)&IF(C53="\\",""," &"),"%","\%") -> & | C53: =SUBSTITUTE(TEXT(C14,$J14)&IF(D53="\\",""," &"),"%","\%") -> 26.7\% & | D53: =SUBSTITUTE(TEXT(D14,$J14)&IF(E53="\\",""," &"),"%","\%") -> 45.0\% & | E53: =SUBSTITUTE(TEXT(E14,$J14)&IF(F53="\\",""," &"),"%","\%") -> 20.1\% & | F53: =SUBSTITUTE(TEXT(F14,$J14)&IF(G53="\\",""," &"),"%","\%") -> 7.4\% & | G53: =SUBSTITUTE(TEXT(G14,$J14)&IF(H53="\\",""," &"),"%","\%") -> 9.1\% & | H53: =SUBSTITUTE(TEXT(H14,$J14)&IF(I53="\\",""," &"),"%","\%") -> 7.9\% | I53: \\ | M53: ="\textbf{"&M14&"} &" -> \textbf{Time/Trial} & | N53: =SUBSTITUTE(TEXT(N14,$S14)&IF(O53="\\",""," &"),"%","\%") -> 1.3E+04 & | O53: =SUBSTITUTE(TEXT(O14,$S14)&IF(P53="\\",""," &"),"%","\%") -> 1.5E+04 & | P53: =SUBSTITUTE(TEXT(P14,$S14)&IF(Q53="\\",""," &"),"%","\%") -> 1.6E+04 & | Q53: =SUBSTITUTE(TEXT(Q14,$S14)&IF(R53="\\",""," &"),"%","\%") -> 1.7E+04 & | R53: =SUBSTITUTE(TEXT(R14,$S14)&IF(S53="\\",""," &"),"%","\%") -> 8.9E+03 | S53: \\
A54: ="\textbf{"&A15&"} &" -> \textbf{Time/Trial} & | B54: =SUBSTITUTE(TEXT(B15,$J15)&IF(C54="\\",""," &"),"%","\%") -> & | C54: =SUBSTITUTE(TEXT(C15,$J15)&IF(D54="\\",""," &"),"%","\%") -> 3.0E-03 & | D54: =SUBSTITUTE(TEXT(D15,$J15)&IF(E54="\\",""," &"),"%","\%") -> 1.1E-03 & | E54: =SUBSTITUTE(TEXT(E15,$J15)&IF(F54="\\",""," &"),"%","\%") -> 5.2E-02 & | F54: =SUBSTITUTE(TEXT(F15,$J15)&IF(G54="\\",""," &"),"%","\%") -> 2.9E-02 & | G54: =SUBSTITUTE(TEXT(G15,$J15)&IF(H54="\\",""," &"),"%","\%") -> 3.2E-02 & | H54: =SUBSTITUTE(TEXT(H15,$J15)&IF(I54="\\",""," &"),"%","\%") -> 6.7E-02 | I54: \\ | M54: ="\textbf{"&M15&"} &" -> \textbf{Time/Successful Trial} & | N54: =SUBSTITUTE(TEXT(N15,$S15)&IF(O54="\\",""," &"),"%","\%") -> 1.5E+04 & | O54: =SUBSTITUTE(TEXT(O15,$S15)&IF(P54="\\",""," &"),"%","\%") -> 1.8E+04 & | P54: =SUBSTITUTE(TEXT(P15,$S15)&IF(Q54="\\",""," &"),"%","\%") -> 2.5E+04 & | Q54: =SUBSTITUTE(TEXT(Q15,$S15)&IF(R54="\\",""," &"),"%","\%") -> 4.0E+04 & | R54: =SUBSTITUTE(TEXT(R15,$S15)&IF(S54="\\",""," &"),"%","\%") -> 9.0E+03 | S54: \\ | T54: \hline
A55: ="\textbf{"&A16&"} &" -> \textbf{Time/Successful Trial} & | B55: =SUBSTITUTE(TEXT(B16,$J16)&IF(C55="\\",""," &"),"%","\%") -> & | C55: =SUBSTITUTE(TEXT(C16,$J16)&IF(D55="\\",""," &"),"%","\%") -> 1.1E-02 & | D55: =SUBSTITUTE(TEXT(D16,$J16)&IF(E55="\\",""," &"),"%","\%") -> 2.4E-03 & | E55: =SUBSTITUTE(TEXT(E16,$J16)&IF(F55="\\",""," &"),"%","\%") -> 2.6E-01 & | F55: =SUBSTITUTE(TEXT(F16,$J16)&IF(G55="\\",""," &"),"%","\%") -> 3.9E-01 & | G55: =SUBSTITUTE(TEXT(G16,$J16)&IF(H55="\\",""," &"),"%","\%") -> 3.5E-01 & | H55: =SUBSTITUTE(TEXT(H16,$J16)&IF(I55="\\",""," &"),"%","\%") -> 8.4E-01 | I55: \\ | J55: \hline | M55: \end{tabular}
A56: \end{tabular} | M56: \end{center}
A57: \end{center}
A64: Offset | B64: =MATCH("name",INDIRECT($A$67&"!a:a"),) -> 27
FS65: Chart Data | FT65: =B19 -> QDistRndMW
E66: Match | V66: dCalc | AM66: Algorithm Completed within maxTime | AV66: Exact Method Check | BD66: d Estimated Successfully | BU66: dEst | CL66: d correct | DC66: Total Processing Time | DT66: Number of Trials at lowest distance | EK66: R | FB66: T | FS66: Offset | FT66: =MATCH(B19,E67:Q67,) -> 7 | FZ66: Avg Delta d | GN66: Processing Time/Successful Trial | HB66: Success Rate
A67: best | B67: n | C67: dMin | E67: Gurobi | F67: MIP-SCIP | G67: CLISAT | H67: m4ri_CC | I67: magma | J67: m4ri_RW | K67: QDistRndMW | L67: QDistEvol | M67: bposd | N67: GEStim | O67: CCStim | P67: UEStim | V67: =E67 -> Gurobi | W67: =F67 -> MIP-SCIP | X67: =G67 -> CLISAT | Y67: =H67 -> m4ri_CC | Z67: =I67 -> magma | AA67: =J67 -> m4ri_RW | AB67: =K67 -> QDistRndMW | AC67: =L67 -> QDistEvol | ... AG67: =P67 -> UEStim | AM67: =E67 -> Gurobi | AN67: =F67 -> MIP-SCIP | AO67: =G67 -> CLISAT | AP67: =H67 -> m4ri_CC | AQ67: =I67 -> magma | AV67: =AM67 -> Gurobi | AW67: =AN67 -> MIP-SCIP | AX67: =AO67 -> CLISAT | AY67: =AP67 -> m4ri_CC | AZ67: =AQ67 -> magma | BD67: =V67 -> Gurobi | BE67: =W67 -> MIP-SCIP | BF67: =X67 -> CLISAT | BG67: =Y67 -> m4ri_CC | BH67: =Z67 -> magma | BI67: =AA67 -> m4ri_RW | BJ67: =AB67 -> QDistRndMW | BK67: =AC67 -> QDistEvol | ... BO67: =AG67 -> UEStim | BU67: =BD67 -> Gurobi | BV67: =BE67 -> MIP-SCIP | BW67: =BF67 -> CLISAT | BX67: =BG67 -> m4ri_CC | BY67: =BH67 -> magma | BZ67: =BI67 -> m4ri_RW | CA67: =BJ67 -> QDistRndMW | CB67: =BK67 -> QDistEvol | ... CF67: =BO67 -> UEStim | CL67: =BU67 -> Gurobi | CM67: =BV67 -> MIP-SCIP | CN67: =BW67 -> CLISAT | CO67: =BX67 -> m4ri_CC | CP67: =BY67 -> magma | CQ67: =BZ67 -> m4ri_RW | CR67: =CA67 -> QDistRndMW | CS67: =CB67 -> QDistEvol | ... CW67: =CF67 -> UEStim | DC67: =CL67 -> Gurobi | DD67: =CM67 -> MIP-SCIP | DE67: =CN67 -> CLISAT | DF67: =CO67 -> m4ri_CC | DG67: =CP67 -> magma | DH67: =CQ67 -> m4ri_RW | DI67: =CR67 -> QDistRndMW | DJ67: =CS67 -> QDistEvol | ... DN67: =CW67 -> UEStim | DT67: =DC67 -> Gurobi | DU67: =DD67 -> MIP-SCIP | DV67: =DE67 -> CLISAT | DW67: =DF67 -> m4ri_CC | DX67: =DG67 -> magma | DY67: =DH67 -> m4ri_RW | DZ67: =DI67 -> QDistRndMW | EA67: =DJ67 -> QDistEvol | ... EE67: =DN67 -> UEStim | EK67: =DT67 -> Gurobi | EL67: =DU67 -> MIP-SCIP | EM67: =DV67 -> CLISAT | EN67: =DW67 -> m4ri_CC | EO67: =DX67 -> magma | EP67: =DY67 -> m4ri_RW | EQ67: =DZ67 -> QDistRndMW | ER67: =EA67 -> QDistEvol | ... EV67: =EE67 -> UEStim | FB67: =EK67 -> Gurobi | FC67: =EL67 -> MIP-SCIP | FD67: =EM67 -> CLISAT | FE67: =EN67 -> m4ri_CC | FF67: =EO67 -> magma | FG67: =EP67 -> m4ri_RW | FH67: =EQ67 -> QDistRndMW | FI67: =ER67 -> QDistEvol | ... FM67: =EV67 -> UEStim | FS67: n | FT67: t | FU67: R | FV67: T | FW67: success rate | FX67: t/R | FZ67: =GN67 -> n | GA67: Gurobi | GB67: MIP-SCIP | GC67: CLISAT | GD67: m4ri_CC | GE67: magma | GF67: m4ri_RW | GG67: QDistRndMW | GH67: QDistEvol | GI67: bposd | GJ67: GEStim | GK67: CCStim | GL67: UEStim | GN67: n | GO67: =GA67 -> Gurobi | GP67: =GB67 -> MIP-SCIP | GQ67: =GC67 -> CLISAT | GR67: =GD67 -> m4ri_CC | GS67: =GE67 -> magma | GT67: =GF67 -> m4ri_RW | GU67: =GG67 -> QDistRndMW | GV67: =GH67 -> QDistEvol | ... GZ67: =GL67 -> UEStim | HB67: =GN67 -> n | HC67: =GO67 -> Gurobi | HD67: =GP67 -> MIP-SCIP | HE67: =GQ67 -> CLISAT | HF67: =GR67 -> m4ri_CC | HG67: =GS67 -> magma | HH67: =GT67 -> m4ri_RW | HI67: =GU67 -> QDistRndMW | ... HN67: =GZ67 -> UEStim
A68: {=INDIRECT($A$67&"!A"&ROW(C1)+$B$64)} -> [[3,1,1]] | B68: {=INDIRECT($A$67&"!b"&ROW(D1)+$B$64)} -> 3 | C68: =MIN(INDIRECT($A$67&"!d"&ROW(E1)+$B$64),BU68:CG68) -> 1 | E68: =MATCH($A68,INDIRECT("'"&E$67&"'!A:A"),) -> 25 | F68: =MATCH($A68,INDIRECT("'"&F$67&"'!A:A"),) -> 26 | G68: =MATCH($A68,INDIRECT("'"&G$67&"'!A:A"),) -> 25 | H68: =MATCH($A68,INDIRECT("'"&H$67&"'!A:A"),) -> 29 | I68: =MATCH($A68,INDIRECT("'"&I$67&"'!A:A"),) -> 28 | J68: =MATCH($A68,INDIRECT("'"&J$67&"'!A:A"),) -> 33 | K68: =MATCH($A68,INDIRECT("'"&K$67&"'!A:A"),) -> 33 | L68: =MATCH($A68,INDIRECT("'"&L$67&"'!A:A"),) -> 34 | ... P68: =MATCH($A68,INDIRECT("'"&P$67&"'!A:A"),) -> 25 | V68: {=IF(ISNA(E68),$B68,OFFSET(INDIRECT("'"&V$67&"'!d1"),E68-1,))} -> 1 | W68: {=IF(ISNA(F68),,OFFSET(INDIRECT("'"&W$67&"'!d1"),F68-1,))} -> 1 | X68: {=IF(ISNA(G68),,OFFSET(INDIRECT("'"&X$67&"'!d1"),G68-1,))} -> 1 | Y68: {=IF(ISNA(H68),,OFFSET(INDIRECT("'"&Y$67&"'!d1"),H68-1,))} -> 1 | Z68: {=IF(ISNA(I68),,OFFSET(INDIRECT("'"&Z$67&"'!d1"),I68-1,))} -> 1 | AA68: {=IF(ISNA(J68),,OFFSET(INDIRECT("'"&AA$67&"'!d1"),J68-1,))} -> 1 | AB68: {=IF(ISNA(K68),,OFFSET(INDIRECT("'"&AB$67&"'!d1"),K68-1,))} -> 1 | AC68: {=IF(ISNA(L68),,OFFSET(INDIRECT("'"&AC$67&"'!d1"),L68-1,))} -> 1 | AD68: {=IF(ISNA(M68),,OFFSET(INDIRECT("'"&AD$67&"'!d1"),M68-1,))} -> 1 | ... AG68: {=IF(ISNA(P68),,OFFSET(INDIRECT("'"&AG$67&"'!d1"),P68-1,))} -> 1 | AM68: =IF(DC68>= $N$3,0,BD68) -> 1 | AN68: =IF(DD68>= $N$3,0,BE68) -> 1 | AO68: =IF(DE68>= $N$3,0,BF68) -> 1 | AP68: =IF(DF68>= $N$3,0,BG68) -> 1 | AQ68: =IF(DG68*1>= $N$3,0,BH68) -> 1 | AV68: =IF(AM68=1,CL68=1,"") -> TRUE | AW68: =IF(AN68=1,CM68=1,"") -> TRUE | AX68: =IF(AO68=1,CN68=1,"") -> TRUE | AY68: =IF(AP68=1,CO68=1,"") -> TRUE | AZ68: =IF(AQ68=1,CP68=1,"") -> TRUE | BD68: =IF(AND(V68>0,V68<$B68),1,0) -> 1 | BE68: =IF(AND(W68>0,W68<$B68),1,0) -> 1 | BF68: =IF(AND(X68>0,X68<$B68),1,0) -> 1 | BG68: =IF(AND(Y68>0,Y68<$B68),1,0) -> 1 | BH68: =IF(AND(Z68>0,Z68<$B68),1,0) -> 1 | BI68: =IF(AND(AA68>0,AA68<$B68),1,0) -> 1 | BJ68: =IF(AND(AB68>0,AB68<$B68),1,0) -> 1 | BK68: =IF(AND(AC68>0,AC68<$B68),1,0) -> 1 | ... BO68: =IF(AND(AG68>0,AG68<$B68),1,0) -> 1 | BU68: =IF(BD68,V68,$B68) -> 1 | BV68: =IF(BE68,W68,$B68) -> 1 | BW68: =IF(BF68,X68,$B68) -> 1 | BX68: =IF(BG68,Y68,$B68) -> 1 | BY68: =IF(BH68,Z68,$B68) -> 1 | BZ68: =IF(BI68,AA68,$B68) -> 1 | CA68: =IF(BJ68,AB68,$B68) -> 1 | CB68: =IF(BK68,AC68,$B68) -> 1 | ... CF68: =IF(BO68,AG68,$B68) -> 1 | CL68: =IF(BU68=$C68,1,0) -> 1 | CM68: =IF(BV68=$C68,1,0) -> 1 | CN68: =IF(BW68=$C68,1,0) -> 1 | CO68: =IF(BX68=$C68,1,0) -> 1 | CP68: =IF(BY68=$C68,1,0) -> 1 | CQ68: =IF(BZ68=$C68,1,0) -> 1 | CR68: =IF(CA68=$C68,1,0) -> 1 | CS68: =IF(CB68=$C68,1,0) -> 1 | ... CW68: =IF(CF68=$C68,1,0) -> 1 | DC68: {=IF(ISNA(E68),,OFFSET(INDIRECT("'"&DT$67&"'!f1"),E68-1,))*1} -> 0.18907932 | DD68: {=IF(ISNA(F68),,OFFSET(INDIRECT("'"&DU$67&"'!f1"),F68-1,))*1} -> 0.010640342 | DE68: {=IF(ISNA(G68),,OFFSET(INDIRECT("'"&DV$67&"'!f1"),G68-1,))*1} -> 0.012203424 | DF68: {=IF(ISNA(H68),,OFFSET(INDIRECT("'"&DW$67&"'!f1"),H68-1,))*1} -> 0.020189436 | DG68: {=IF(ISNA(I68),,OFFSET(INDIRECT("'"&DX$67&"'!f1"),I68-1,))*1} -> 0.86791575 | DH68: {=IF(ISNA(J68),,OFFSET(INDIRECT("'"&DY$67&"'!f1"),J68-1,))*1} -> 0.15588869 | DI68: {=IF(ISNA(K68),,OFFSET(INDIRECT("'"&DZ$67&"'!f1"),K68-1,))*1} -> 0.75857067 | DJ68: {=IF(ISNA(L68),,OFFSET(INDIRECT("'"&EA$67&"'!f1"),L68-1,))*1} -> 1.3875616 | ... DN68: {=IF(ISNA(P68),,OFFSET(INDIRECT("'"&EE$67&"'!f1"),P68-1,))*1} -> 0.02736374 | DT68: =IF(CL68,EK68,) -> 1 | DU68: =IF(CM68,EL68,) -> 1 | DV68: =IF(CN68,EM68,) -> 1 | DW68: =IF(CO68,EN68,) -> 1 | DX68: =IF(CP68,EO68,) -> 1 | DY68: =IF(CQ68,EP68,) -> 1 | DZ68: =IF(CR68,EQ68,) -> 10000 | EA68: =IF(CS68,ER68,) -> 10000 | ... EE68: =IF(CW68,EV68,) -> 2 | EK68: {=IF(ISNA(E68),0,OFFSET(INDIRECT("'"&EK$67&"'!g1"),E68-1,)*CL68)} -> 1 | EL68: {=IF(ISNA(F68),0,OFFSET(INDIRECT("'"&EL$67&"'!g1"),F68-1,)*CM68)} -> 1 | EM68: {=IF(ISNA(G68),0,OFFSET(INDIRECT("'"&EM$67&"'!g1"),G68-1,)*CN68)} -> 1 | EN68: {=IF(ISNA(H68),0,OFFSET(INDIRECT("'"&EN$67&"'!g1"),H68-1,)*CO68)} -> 1 | EO68: {=IF(ISNA(I68),0,OFFSET(INDIRECT("'"&EO$67&"'!g1"),I68-1,)*CP68)} -> 1 | EP68: {=IF(ISNA(J68),0,OFFSET(INDIRECT("'"&EP$67&"'!g1"),J68-1,)*CQ68)} -> 1 | EQ68: {=IF(ISNA(K68),0,OFFSET(INDIRECT("'"&EQ$67&"'!g1"),K68-1,)*CR68)} -> 10000 | ER68: {=IF(ISNA(L68),0,OFFSET(INDIRECT("'"&ER$67&"'!g1"),L68-1,)*CS68)} -> 10000 | ... EV68: {=IF(ISNA(P68),0,OFFSET(INDIRECT("'"&EV$67&"'!g1"),P68-1,)*CW68)} -> 2 | FB68: {=IF(ISNA(E68),0,OFFSET(INDIRECT("'"&EK$67&"'!h1"),E68-1,))} -> 1 | FC68: {=IF(ISNA(F68),0,OFFSET(INDIRECT("'"&EL$67&"'!h1"),F68-1,))} -> 1 | FD68: {=IF(ISNA(G68),0,OFFSET(INDIRECT("'"&EM$67&"'!h1"),G68-1,))} -> 1 | FE68: {=IF(ISNA(H68),0,OFFSET(INDIRECT("'"&EN$67&"'!h1"),H68-1,))} -> 1 | FF68: {=IF(ISNA(I68),0,OFFSET(INDIRECT("'"&EO$67&"'!h1"),I68-1,))} -> 1 | FG68: {=IF(ISNA(J68),0,OFFSET(INDIRECT("'"&EP$67&"'!h1"),J68-1,))} -> 1 | FH68: {=IF(ISNA(K68),0,OFFSET(INDIRECT("'"&EQ$67&"'!h1"),K68-1,))} -> 10000 | FI68: {=IF(ISNA(L68),0,OFFSET(INDIRECT("'"&ER$67&"'!h1"),L68-1,))} -> 10000 | ... FM68: {=IF(ISNA(P68),0,OFFSET(INDIRECT("'"&EV$67&"'!h1"),P68-1,))} -> 2 | FS68: =B68 -> 3 | FT68: =OFFSET($DC68,,$FT$66-1) -> 0.75857067 | FU68: =OFFSET($DT68,,$FT$66-1) -> 10000 | FV68: =OFFSET($FB68,,$FT$66-1) -> 10000 | FW68: =IF(FV68,FU68/FV68,NA()) -> 1 | FX68: =IF(FU68,FT68/FU68,NA()) -> 7.5857067e-05 | FZ68: =GN68 -> 3 | GA68: =IF(BD68,(BU68-$C68)/$C68,NA()) -> 0 | GB68: =IF(BE68,(BV68-$C68)/$C68,NA()) -> 0 | GC68: =IF(BF68,(BW68-$C68)/$C68,NA()) -> 0 | GD68: =IF(BG68,(BX68-$C68)/$C68,NA()) -> 0 | GE68: =IF(BH68,(BY68-$C68)/$C68,NA()) -> 0 | GF68: =IF(BI68,(BZ68-$C68)/$C68,NA()) -> 0 | GG68: =IF(BJ68,(CA68-$C68)/$C68,NA()) -> 0 | GH68: =IF(BK68,(CB68-$C68)/$C68,NA()) -> 0 | ... GL68: =IF(BO68,(CF68-$C68)/$C68,NA()) -> 0 | GN68: =B68 -> 3 | GO68: =IF(AND(AM68>0,DT68>0),DC68/DT68,NA()) -> 0.18907932 | GP68: =IF(AND(AN68>0,DU68>0),DD68/DU68,NA()) -> 0.010640342 | GQ68: =IF(AND(AO68>0,DV68>0),DE68/DV68,NA()) -> 0.012203424 | GR68: =IF(AND(AP68>0,DW68>0),DF68/DW68,NA()) -> 0.020189436 | GS68: =IF(AND(AQ68>0,DX68>0),DG68/DX68,NA()) -> 0.86791575 | GT68: =IF(DY68>0,DH68/DY68,NA()) -> 0.15588869 | GU68: =IF(DZ68>0,DI68/DZ68,NA()) -> 7.5857067e-05 | GV68: =IF(EA68>0,DJ68/EA68,NA()) -> 0.00013875616 | GW68: =IF(EB68>0,DK68/EB68,NA()) -> 0.00051040011 | GX68: =IF(EC68>0,DL68/EC68,NA()) -> 0.005295307 | GY68: =IF(ED68>0,DM68/ED68,NA()) -> 0.024531896 | GZ68: =IF(EE68>0,DN68/EE68,NA()) -> 0.01368187 | HB68: =GN68 -> 3 | HC68: =IF(FB68,DT68/FB68,) -> 1 | HD68: =IF(FC68,DU68/FC68,) -> 1 | HE68: =IF(FD68,DV68/FD68,) -> 1 | HF68: =IF(FE68,DW68/FE68,) -> 1 | HG68: =IF(FF68,DX68/FF68,) -> 1 | HH68: =IF(FG68,DY68/FG68,) -> 1 | HI68: =IF(FH68,DZ68/FH68,) -> 1 | HJ68: =IF(FI68,EA68/FI68,) -> 1 | ... HN68: =IF(FM68,EE68/FM68,) -> 1
A69: {=INDIRECT($A$67&"!A"&ROW(C2)+$B$64)} -> [[4,1,2]] | B69: {=INDIRECT($A$67&"!b"&ROW(D2)+$B$64)} -> 4 | C69: =MIN(INDIRECT($A$67&"!d"&ROW(E2)+$B$64),BU69:CG69) -> 2 | E69: =MATCH($A69,INDIRECT("'"&E$67&"'!A:A"),) -> 26 | F69: =MATCH($A69,INDIRECT("'"&F$67&"'!A:A"),) -> 27 | G69: =MATCH($A69,INDIRECT("'"&G$67&"'!A:A"),) -> 26 | H69: =MATCH($A69,INDIRECT("'"&H$67&"'!A:A"),) -> 30 | I69: =MATCH($A69,INDIRECT("'"&I$67&"'!A:A"),) -> 29 | J69: =MATCH($A69,INDIRECT("'"&J$67&"'!A:A"),) -> 34 | K69: =MATCH($A69,INDIRECT("'"&K$67&"'!A:A"),) -> 34 | L69: =MATCH($A69,INDIRECT("'"&L$67&"'!A:A"),) -> 35 | ... P69: =MATCH($A69,INDIRECT("'"&P$67&"'!A:A"),) -> 26 | V69: {=IF(ISNA(E69),,OFFSET(INDIRECT("'"&V$67&"'!d1"),E69-1,))} -> 2 | W69: {=IF(ISNA(F69),,OFFSET(INDIRECT("'"&W$67&"'!d1"),F69-1,))} -> 2 | X69: {=IF(ISNA(G69),,OFFSET(INDIRECT("'"&X$67&"'!d1"),G69-1,))} -> 2 | Y69: {=IF(ISNA(H69),,OFFSET(INDIRECT("'"&Y$67&"'!d1"),H69-1,))} -> 2 | Z69: {=IF(ISNA(I69),,OFFSET(INDIRECT("'"&Z$67&"'!d1"),I69-1,))} -> 2 | AA69: {=IF(ISNA(J69),,OFFSET(INDIRECT("'"&AA$67&"'!d1"),J69-1,))} -> 2 | AB69: {=IF(ISNA(K69),,OFFSET(INDIRECT("'"&AB$67&"'!d1"),K69-1,))} -> 2 | AC69: {=IF(ISNA(L69),,OFFSET(INDIRECT("'"&AC$67&"'!d1"),L69-1,))} -> 2 | ... AG69: {=IF(ISNA(P69),,OFFSET(INDIRECT("'"&AG$67&"'!d1"),P69-1,))} -> 2 | AM69: =IF(DC69>= $N$3,0,BD69) -> 1 | AN69: =IF(DD69>= $N$3,0,BE69) -> 1 | AO69: =IF(DE69>= $N$3,0,BF69) -> 1 | AP69: =IF(DF69>= $N$3,0,BG69) -> 1 | AQ69: =IF(DG69*1>= $N$3,0,BH69) -> 1 | AV69: =IF(AM69=1,CL69=1,"") -> TRUE | AW69: =IF(AN69=1,CM69=1,"") -> TRUE | AX69: =IF(AO69=1,CN69=1,"") -> TRUE | AY69: =IF(AP69=1,CO69=1,"") -> TRUE | AZ69: =IF(AQ69=1,CP69=1,"") -> TRUE | BD69: =IF(AND(V69>0,V69<$B69),1,0) -> 1 | BE69: =IF(AND(W69>0,W69<$B69),1,0) -> 1 | BF69: =IF(AND(X69>0,X69<$B69),1,0) -> 1 | BG69: =IF(AND(Y69>0,Y69<$B69),1,0) -> 1 | BH69: =IF(AND(Z69>0,Z69<$B69),1,0) -> 1 | BI69: =IF(AND(AA69>0,AA69<$B69),1,0) -> 1 | BJ69: =IF(AND(AB69>0,AB69<$B69),1,0) -> 1 | BK69: =IF(AND(AC69>0,AC69<$B69),1,0) -> 1 | ... BO69: =IF(AND(AG69>0,AG69<$B69),1,0) -> 1 | BU69: =IF(BD69,V69,$B69) -> 2 | BV69: =IF(BE69,W69,$B69) -> 2 | BW69: =IF(BF69,X69,$B69) -> 2 | BX69: =IF(BG69,Y69,$B69) -> 2 | BY69: =IF(BH69,Z69,$B69) -> 2 | BZ69: =IF(BI69,AA69,$B69) -> 2 | CA69: =IF(BJ69,AB69,$B69) -> 2 | CB69: =IF(BK69,AC69,$B69) -> 2 | ... CF69: =IF(BO69,AG69,$B69) -> 2 | CL69: =IF(BU69=$C69,1,0) -> 1 | CM69: =IF(BV69=$C69,1,0) -> 1 | CN69: =IF(BW69=$C69,1,0) -> 1 | CO69: =IF(BX69=$C69,1,0) -> 1 | CP69: =IF(BY69=$C69,1,0) -> 1 | CQ69: =IF(BZ69=$C69,1,0) -> 1 | CR69: =IF(CA69=$C69,1,0) -> 1 | CS69: =IF(CB69=$C69,1,0) -> 1 | ... CW69: =IF(CF69=$C69,1,0) -> 1 | DC69: {=IF(ISNA(E69),,OFFSET(INDIRECT("'"&DT$67&"'!f1"),E69-1,))*1} -> 0.023198581 | DD69: {=IF(ISNA(F69),,OFFSET(INDIRECT("'"&DU$67&"'!f1"),F69-1,))*1} -> 0.008838144 | DE69: {=IF(ISNA(G69),,OFFSET(INDIRECT("'"&DV$67&"'!f1"),G69-1,))*1} -> 0.01369831 | DF69: {=IF(ISNA(H69),,OFFSET(INDIRECT("'"&DW$67&"'!f1"),H69-1,))*1} -> 0.014716212 | DG69: {=IF(ISNA(I69),,OFFSET(INDIRECT("'"&DX$67&"'!f1"),I69-1,))*1} -> 0.057046084 | DH69: {=IF(ISNA(J69),,OFFSET(INDIRECT("'"&DY$67&"'!f1"),J69-1,))*1} -> 0.024490772 | DI69: {=IF(ISNA(K69),,OFFSET(INDIRECT("'"&DZ$67&"'!f1"),K69-1,))*1} -> 0.88872979 | DJ69: {=IF(ISNA(L69),,OFFSET(INDIRECT("'"&EA$67&"'!f1"),L69-1,))*1} -> 1.4877793 | ... DN69: {=IF(ISNA(P69),,OFFSET(INDIRECT("'"&EE$67&"'!f1"),P69-1,))*1} -> 0.0030073822 | DT69: =IF(CL69,EK69,) -> 1 | DU69: =IF(CM69,EL69,) -> 1 | DV69: =IF(CN69,EM69,) -> 1 | DW69: =IF(CO69,EN69,) -> 1 | DX69: =IF(CP69,EO69,) -> 1 | DY69: =IF(CQ69,EP69,) -> 1 | DZ69: =IF(CR69,EQ69,) -> 10000 | EA69: =IF(CS69,ER69,) -> 10000 | ... EE69: =IF(CW69,EV69,) -> 2 | EK69: {=IF(ISNA(E69),0,OFFSET(INDIRECT("'"&EK$67&"'!g1"),E69-1,)*CL69)} -> 1 | EL69: {=IF(ISNA(F69),0,OFFSET(INDIRECT("'"&EL$67&"'!g1"),F69-1,)*CM69)} -> 1 | EM69: {=IF(ISNA(G69),0,OFFSET(INDIRECT("'"&EM$67&"'!g1"),G69-1,)*CN69)} -> 1 | EN69: {=IF(ISNA(H69),0,OFFSET(INDIRECT("'"&EN$67&"'!g1"),H69-1,)*CO69)} -> 1 | EO69: {=IF(ISNA(I69),0,OFFSET(INDIRECT("'"&EO$67&"'!g1"),I69-1,)*CP69)} -> 1 | EP69: {=IF(ISNA(J69),0,OFFSET(INDIRECT("'"&EP$67&"'!g1"),J69-1,)*CQ69)} -> 1 | EQ69: {=IF(ISNA(K69),0,OFFSET(INDIRECT("'"&EQ$67&"'!g1"),K69-1,)*CR69)} -> 10000 | ER69: {=IF(ISNA(L69),0,OFFSET(INDIRECT("'"&ER$67&"'!g1"),L69-1,)*CS69)} -> 10000 | ... EV69: {=IF(ISNA(P69),0,OFFSET(INDIRECT("'"&EV$67&"'!g1"),P69-1,)*CW69)} -> 2 | FB69: {=IF(ISNA(E69),0,OFFSET(INDIRECT("'"&EK$67&"'!h1"),E69-1,))} -> 1 | FC69: {=IF(ISNA(F69),0,OFFSET(INDIRECT("'"&EL$67&"'!h1"),F69-1,))} -> 1 | FD69: {=IF(ISNA(G69),0,OFFSET(INDIRECT("'"&EM$67&"'!h1"),G69-1,))} -> 1 | FE69: {=IF(ISNA(H69),0,OFFSET(INDIRECT("'"&EN$67&"'!h1"),H69-1,))} -> 1 | FF69: {=IF(ISNA(I69),0,OFFSET(INDIRECT("'"&EO$67&"'!h1"),I69-1,))} -> 1 | FG69: {=IF(ISNA(J69),0,OFFSET(INDIRECT("'"&EP$67&"'!h1"),J69-1,))} -> 1 | FH69: {=IF(ISNA(K69),0,OFFSET(INDIRECT("'"&EQ$67&"'!h1"),K69-1,))} -> 10000 | FI69: {=IF(ISNA(L69),0,OFFSET(INDIRECT("'"&ER$67&"'!h1"),L69-1,))} -> 10000 | ... FM69: {=IF(ISNA(P69),0,OFFSET(INDIRECT("'"&EV$67&"'!h1"),P69-1,))} -> 2 | FS69: =B69 -> 4 | FT69: =OFFSET($DC69,,$FT$66-1) -> 0.88872979 | FU69: =OFFSET($DT69,,$FT$66-1) -> 10000 | FV69: =OFFSET($FB69,,$FT$66-1) -> 10000 | FW69: =IF(FV69,FU69/FV69,NA()) -> 1 | FX69: =IF(FU69,FT69/FU69,NA()) -> 8.8872979e-05 | FZ69: =GN69 -> 4 | GA69: =IF(BD69,(BU69-$C69)/$C69,NA()) -> 0 | GB69: =IF(BE69,(BV69-$C69)/$C69,NA()) -> 0 | GC69: =IF(BF69,(BW69-$C69)/$C69,NA()) -> 0 | GD69: =IF(BG69,(BX69-$C69)/$C69,NA()) -> 0 | GE69: =IF(BH69,(BY69-$C69)/$C69,NA()) -> 0 | GF69: =IF(BI69,(BZ69-$C69)/$C69,NA()) -> 0 | GG69: =IF(BJ69,(CA69-$C69)/$C69,NA()) -> 0 | GH69: =IF(BK69,(CB69-$C69)/$C69,NA()) -> 0 | ... GL69: =IF(BO69,(CF69-$C69)/$C69,NA()) -> 0 | GN69: =B69 -> 4 | GO69: =IF(AND(AM69>0,DT69>0),DC69/DT69,NA()) -> 0.023198581 | GP69: =IF(AND(AN69>0,DU69>0),DD69/DU69,NA()) -> 0.008838144 | GQ69: =IF(AND(AO69>0,DV69>0),DE69/DV69,NA()) -> 0.01369831 | GR69: =IF(AND(AP69>0,DW69>0),DF69/DW69,NA()) -> 0.014716212 | GS69: =IF(AND(AQ69>0,DX69>0),DG69/DX69,NA()) -> 0.057046084 | GT69: =IF(DY69>0,DH69/DY69,NA()) -> 0.024490772 | GU69: =IF(DZ69>0,DI69/DZ69,NA()) -> 8.8872979e-05 | GV69: =IF(EA69>0,DJ69/EA69,NA()) -> 0.00014877793 | GW69: =IF(EB69>0,DK69/EB69,NA()) -> 0.00080513571 | GX69: =IF(EC69>0,DL69/EC69,NA()) -> 0.00924025 | GY69: =IF(ED69>0,DM69/ED69,NA()) -> 0.009603876 | GZ69: =IF(EE69>0,DN69/EE69,NA()) -> 0.0015036911 | HB69: =GN69 -> 4 | HC69: =IF(FB69,DT69/FB69,) -> 1 | HD69: =IF(FC69,DU69/FC69,) -> 1 | HE69: =IF(FD69,DV69/FD69,) -> 1 | HF69: =IF(FE69,DW69/FE69,) -> 1 | HG69: =IF(FF69,DX69/FF69,) -> 1 | HH69: =IF(FG69,DY69/FG69,) -> 1 | HI69: =IF(FH69,DZ69/FH69,) -> 1 | HJ69: =IF(FI69,EA69/FI69,) -> 1 | ... HN69: =IF(FM69,EE69/FM69,) -> 1
A70: {=INDIRECT($A$67&"!A"&ROW(C3)+$B$64)} -> [[5,1,3]] | B70: {=INDIRECT($A$67&"!b"&ROW(D3)+$B$64)} -> 5 | C70: =MIN(INDIRECT($A$67&"!d"&ROW(E3)+$B$64),BU70:CG70) -> 3 | E70: =MATCH($A70,INDIRECT("'"&E$67&"'!A:A"),) -> 27 | F70: =MATCH($A70,INDIRECT("'"&F$67&"'!A:A"),) -> 28 | G70: =MATCH($A70,INDIRECT("'"&G$67&"'!A:A"),) -> 27 | H70: =MATCH($A70,INDIRECT("'"&H$67&"'!A:A"),) -> 31 | I70: =MATCH($A70,INDIRECT("'"&I$67&"'!A:A"),) -> 30 | J70: =MATCH($A70,INDIRECT("'"&J$67&"'!A:A"),) -> 35 | K70: =MATCH($A70,INDIRECT("'"&K$67&"'!A:A"),) -> 35 | L70: =MATCH($A70,INDIRECT("'"&L$67&"'!A:A"),) -> 36 | ... P70: =MATCH($A70,INDIRECT("'"&P$67&"'!A:A"),) -> 27 | V70: {=IF(ISNA(E70),,OFFSET(INDIRECT("'"&V$67&"'!d1"),E70-1,))} -> 3 | W70: {=IF(ISNA(F70),,OFFSET(INDIRECT("'"&W$67&"'!d1"),F70-1,))} -> 3 | X70: {=IF(ISNA(G70),,OFFSET(INDIRECT("'"&X$67&"'!d1"),G70-1,))} -> 3 | Y70: {=IF(ISNA(H70),,OFFSET(INDIRECT("'"&Y$67&"'!d1"),H70-1,))} -> 3 | Z70: {=IF(ISNA(I70),,OFFSET(INDIRECT("'"&Z$67&"'!d1"),I70-1,))} -> 3 | AA70: {=IF(ISNA(J70),,OFFSET(INDIRECT("'"&AA$67&"'!d1"),J70-1,))} -> 3 | AB70: {=IF(ISNA(K70),,OFFSET(INDIRECT("'"&AB$67&"'!d1"),K70-1,))} -> 3 | AC70: {=IF(ISNA(L70),,OFFSET(INDIRECT("'"&AC$67&"'!d1"),L70-1,))} -> 3 | ... AG70: {=IF(ISNA(P70),,OFFSET(INDIRECT("'"&AG$67&"'!d1"),P70-1,))} -> 3 | AM70: =IF(DC70>= $N$3,0,BD70) -> 1 | AN70: =IF(DD70>= $N$3,0,BE70) -> 1 | AO70: =IF(DE70>= $N$3,0,BF70) -> 1 | AP70: =IF(DF70>= $N$3,0,BG70) -> 1 | AQ70: =IF(DG70*1>= $N$3,0,BH70) -> 1 | AV70: =IF(AM70=1,CL70=1,"") -> TRUE | AW70: =IF(AN70=1,CM70=1,"") -> TRUE | AX70: =IF(AO70=1,CN70=1,"") -> TRUE | AY70: =IF(AP70=1,CO70=1,"") -> TRUE | AZ70: =IF(AQ70=1,CP70=1,"") -> TRUE | BD70: =IF(AND(V70>0,V70<$B70),1,0) -> 1 | BE70: =IF(AND(W70>0,W70<$B70),1,0) -> 1 | BF70: =IF(AND(X70>0,X70<$B70),1,0) -> 1 | BG70: =IF(AND(Y70>0,Y70<$B70),1,0) -> 1 | BH70: =IF(AND(Z70>0,Z70<$B70),1,0) -> 1 | BI70: =IF(AND(AA70>0,AA70<$B70),1,0) -> 1 | BJ70: =IF(AND(AB70>0,AB70<$B70),1,0) -> 1 | BK70: =IF(AND(AC70>0,AC70<$B70),1,0) -> 1 | ... BO70: =IF(AND(AG70>0,AG70<$B70),1,0) -> 1 | BU70: =IF(BD70,V70,$B70) -> 3 | BV70: =IF(BE70,W70,$B70) -> 3 | BW70: =IF(BF70,X70,$B70) -> 3 | BX70: =IF(BG70,Y70,$B70) -> 3 | BY70: =IF(BH70,Z70,$B70) -> 3 | BZ70: =IF(BI70,AA70,$B70) -> 3 | CA70: =IF(BJ70,AB70,$B70) -> 3 | CB70: =IF(BK70,AC70,$B70) -> 3 | ... CF70: =IF(BO70,AG70,$B70) -> 3 | CL70: =IF(BU70=$C70,1,0) -> 1 | CM70: =IF(BV70=$C70,1,0) -> 1 | CN70: =IF(BW70=$C70,1,0) -> 1 | CO70: =IF(BX70=$C70,1,0) -> 1 | CP70: =IF(BY70=$C70,1,0) -> 1 | CQ70: =IF(BZ70=$C70,1,0) -> 1 | CR70: =IF(CA70=$C70,1,0) -> 1 | CS70: =IF(CB70=$C70,1,0) -> 1 | ... CW70: =IF(CF70=$C70,1,0) -> 1 | DC70: {=IF(ISNA(E70),,OFFSET(INDIRECT("'"&DT$67&"'!f1"),E70-1,))*1} -> 0.043123511 | DD70: {=IF(ISNA(F70),,OFFSET(INDIRECT("'"&DU$67&"'!f1"),F70-1,))*1} -> 0.038595507 | DE70: {=IF(ISNA(G70),,OFFSET(INDIRECT("'"&DV$67&"'!f1"),G70-1,))*1} -> 0.014979268 | DF70: {=IF(ISNA(H70),,OFFSET(INDIRECT("'"&DW$67&"'!f1"),H70-1,))*1} -> 0.016103351 | DG70: {=IF(ISNA(I70),,OFFSET(INDIRECT("'"&DX$67&"'!f1"),I70-1,))*1} -> 0.057239333 | DH70: {=IF(ISNA(J70),,OFFSET(INDIRECT("'"&DY$67&"'!f1"),J70-1,))*1} -> 0.031393998 | DI70: {=IF(ISNA(K70),,OFFSET(INDIRECT("'"&DZ$67&"'!f1"),K70-1,))*1} -> 1.0443387 | DJ70: {=IF(ISNA(L70),,OFFSET(INDIRECT("'"&EA$67&"'!f1"),L70-1,))*1} -> 1.5954676 | ... DN70: {=IF(ISNA(P70),,OFFSET(INDIRECT("'"&EE$67&"'!f1"),P70-1,))*1} -> 0.0038156062 | DT70: =IF(CL70,EK70,) -> 1 | DU70: =IF(CM70,EL70,) -> 1 | DV70: =IF(CN70,EM70,) -> 1 | DW70: =IF(CO70,EN70,) -> 1 | DX70: =IF(CP70,EO70,) -> 1 | DY70: =IF(CQ70,EP70,) -> 1 | DZ70: =IF(CR70,EQ70,) -> 10000 | EA70: =IF(CS70,ER70,) -> 10000 | ... EE70: =IF(CW70,EV70,) -> 2 | EK70: {=IF(ISNA(E70),0,OFFSET(INDIRECT("'"&EK$67&"'!g1"),E70-1,)*CL70)} -> 1 | EL70: {=IF(ISNA(F70),0,OFFSET(INDIRECT("'"&EL$67&"'!g1"),F70-1,)*CM70)} -> 1 | EM70: {=IF(ISNA(G70),0,OFFSET(INDIRECT("'"&EM$67&"'!g1"),G70-1,)*CN70)} -> 1 | EN70: {=IF(ISNA(H70),0,OFFSET(INDIRECT("'"&EN$67&"'!g1"),H70-1,)*CO70)} -> 1 | EO70: {=IF(ISNA(I70),0,OFFSET(INDIRECT("'"&EO$67&"'!g1"),I70-1,)*CP70)} -> 1 | EP70: {=IF(ISNA(J70),0,OFFSET(INDIRECT("'"&EP$67&"'!g1"),J70-1,)*CQ70)} -> 1 | EQ70: {=IF(ISNA(K70),0,OFFSET(INDIRECT("'"&EQ$67&"'!g1"),K70-1,)*CR70)} -> 10000 | ER70: {=IF(ISNA(L70),0,OFFSET(INDIRECT("'"&ER$67&"'!g1"),L70-1,)*CS70)} -> 10000 | ... EV70: {=IF(ISNA(P70),0,OFFSET(INDIRECT("'"&EV$67&"'!g1"),P70-1,)*CW70)} -> 2 | FB70: {=IF(ISNA(E70),0,OFFSET(INDIRECT("'"&EK$67&"'!h1"),E70-1,))} -> 1 | FC70: {=IF(ISNA(F70),0,OFFSET(INDIRECT("'"&EL$67&"'!h1"),F70-1,))} -> 1 | FD70: {=IF(ISNA(G70),0,OFFSET(INDIRECT("'"&EM$67&"'!h1"),G70-1,))} -> 1 | FE70: {=IF(ISNA(H70),0,OFFSET(INDIRECT("'"&EN$67&"'!h1"),H70-1,))} -> 1 | FF70: {=IF(ISNA(I70),0,OFFSET(INDIRECT("'"&EO$67&"'!h1"),I70-1,))} -> 1 | FG70: {=IF(ISNA(J70),0,OFFSET(INDIRECT("'"&EP$67&"'!h1"),J70-1,))} -> 1 | FH70: {=IF(ISNA(K70),0,OFFSET(INDIRECT("'"&EQ$67&"'!h1"),K70-1,))} -> 10000 | FI70: {=IF(ISNA(L70),0,OFFSET(INDIRECT("'"&ER$67&"'!h1"),L70-1,))} -> 10000 | ... FM70: {=IF(ISNA(P70),0,OFFSET(INDIRECT("'"&EV$67&"'!h1"),P70-1,))} -> 2 | FS70: =B70 -> 5 | FT70: =OFFSET($DC70,,$FT$66-1) -> 1.0443387 | FU70: =OFFSET($DT70,,$FT$66-1) -> 10000 | FV70: =OFFSET($FB70,,$FT$66-1) -> 10000 | FW70: =IF(FV70,FU70/FV70,NA()) -> 1 | FX70: =IF(FU70,FT70/FU70,NA()) -> 0.00010443387 | FZ70: =GN70 -> 5 | GA70: =IF(BD70,(BU70-$C70)/$C70,NA()) -> 0 | GB70: =IF(BE70,(BV70-$C70)/$C70,NA()) -> 0 | GC70: =IF(BF70,(BW70-$C70)/$C70,NA()) -> 0 | GD70: =IF(BG70,(BX70-$C70)/$C70,NA()) -> 0 | GE70: =IF(BH70,(BY70-$C70)/$C70,NA()) -> 0 | GF70: =IF(BI70,(BZ70-$C70)/$C70,NA()) -> 0 | GG70: =IF(BJ70,(CA70-$C70)/$C70,NA()) -> 0 | GH70: =IF(BK70,(CB70-$C70)/$C70,NA()) -> 0 | ... GL70: =IF(BO70,(CF70-$C70)/$C70,NA()) -> 0 | GN70: =B70 -> 5 | GO70: =IF(AND(AM70>0,DT70>0),DC70/DT70,NA()) -> 0.043123511 | GP70: =IF(AND(AN70>0,DU70>0),DD70/DU70,NA()) -> 0.038595507 | GQ70: =IF(AND(AO70>0,DV70>0),DE70/DV70,NA()) -> 0.014979268 | GR70: =IF(AND(AP70>0,DW70>0),DF70/DW70,NA()) -> 0.016103351 | GS70: =IF(AND(AQ70>0,DX70>0),DG70/DX70,NA()) -> 0.057239333 | GT70: =IF(DY70>0,DH70/DY70,NA()) -> 0.031393998 | GU70: =IF(DZ70>0,DI70/DZ70,NA()) -> 0.00010443387 | GV70: =IF(EA70>0,DJ70/EA70,NA()) -> 0.00015954676 | GW70: =IF(EB70>0,DK70/EB70,NA()) -> 0.00096821607 | GX70: =IF(EC70>0,DL70/EC70,NA()) -> 0.007821483 | GY70: =IF(ED70>0,DM70/ED70,NA()) -> 0.012466405 | GZ70: =IF(EE70>0,DN70/EE70,NA()) -> 0.0019078031 | HB70: =GN70 -> 5 | HC70: =IF(FB70,DT70/FB70,) -> 1 | HD70: =IF(FC70,DU70/FC70,) -> 1 | HE70: =IF(FD70,DV70/FD70,) -> 1 | HF70: =IF(FE70,DW70/FE70,) -> 1 | HG70: =IF(FF70,DX70/FF70,) -> 1 | HH70: =IF(FG70,DY70/FG70,) -> 1 | HI70: =IF(FH70,DZ70/FH70,) -> 1 | HJ70: =IF(FI70,EA70/FI70,) -> 1 | ... HN70: =IF(FM70,EE70/FM70,) -> 1
A71: {=INDIRECT($A$67&"!A"&ROW(C4)+$B$64)} -> [[6,1,3]] | B71: {=INDIRECT($A$67&"!b"&ROW(D4)+$B$64)} -> 6 | C71: =MIN(INDIRECT($A$67&"!d"&ROW(E4)+$B$64),BU71:CG71) -> 3 | E71: =MATCH($A71,INDIRECT("'"&E$67&"'!A:A"),) -> 28 | F71: =MATCH($A71,INDIRECT("'"&F$67&"'!A:A"),) -> 29 | G71: =MATCH($A71,INDIRECT("'"&G$67&"'!A:A"),) -> 28 | H71: =MATCH($A71,INDIRECT("'"&H$67&"'!A:A"),) -> 32 | I71: =MATCH($A71,INDIRECT("'"&I$67&"'!A:A"),) -> 31 | J71: =MATCH($A71,INDIRECT("'"&J$67&"'!A:A"),) -> 36 | K71: =MATCH($A71,INDIRECT("'"&K$67&"'!A:A"),) -> 36 | L71: =MATCH($A71,INDIRECT("'"&L$67&"'!A:A"),) -> 37 | ... P71: =MATCH($A71,INDIRECT("'"&P$67&"'!A:A"),) -> 28 | V71: {=IF(ISNA(E71),,OFFSET(INDIRECT("'"&V$67&"'!d1"),E71-1,))} -> 3 | W71: {=IF(ISNA(F71),,OFFSET(INDIRECT("'"&W$67&"'!d1"),F71-1,))} -> 3 | X71: {=IF(ISNA(G71),,OFFSET(INDIRECT("'"&X$67&"'!d1"),G71-1,))} -> 3 | Y71: {=IF(ISNA(H71),,OFFSET(INDIRECT("'"&Y$67&"'!d1"),H71-1,))} -> 3 | Z71: {=IF(ISNA(I71),,OFFSET(INDIRECT("'"&Z$67&"'!d1"),I71-1,))} -> 3 | AA71: {=IF(ISNA(J71),,OFFSET(INDIRECT("'"&AA$67&"'!d1"),J71-1,))} -> 3 | AB71: {=IF(ISNA(K71),,OFFSET(INDIRECT("'"&AB$67&"'!d1"),K71-1,))} -> 3 | AC71: {=IF(ISNA(L71),,OFFSET(INDIRECT("'"&AC$67&"'!d1"),L71-1,))} -> 3 | ... AG71: {=IF(ISNA(P71),,OFFSET(INDIRECT("'"&AG$67&"'!d1"),P71-1,))} -> 3 | AM71: =IF(DC71>= $N$3,0,BD71) -> 1 | AN71: =IF(DD71>= $N$3,0,BE71) -> 1 | AO71: =IF(DE71>= $N$3,0,BF71) -> 1 | AP71: =IF(DF71>= $N$3,0,BG71) -> 1 | AQ71: =IF(DG71*1>= $N$3,0,BH71) -> 1 | AV71: =IF(AM71=1,CL71=1,"") -> TRUE | AW71: =IF(AN71=1,CM71=1,"") -> TRUE | AX71: =IF(AO71=1,CN71=1,"") -> TRUE | AY71: =IF(AP71=1,CO71=1,"") -> TRUE | AZ71: =IF(AQ71=1,CP71=1,"") -> TRUE | BD71: =IF(AND(V71>0,V71<$B71),1,0) -> 1 | BE71: =IF(AND(W71>0,W71<$B71),1,0) -> 1 | BF71: =IF(AND(X71>0,X71<$B71),1,0) -> 1 | BG71: =IF(AND(Y71>0,Y71<$B71),1,0) -> 1 | BH71: =IF(AND(Z71>0,Z71<$B71),1,0) -> 1 | BI71: =IF(AND(AA71>0,AA71<$B71),1,0) -> 1 | BJ71: =IF(AND(AB71>0,AB71<$B71),1,0) -> 1 | BK71: =IF(AND(AC71>0,AC71<$B71),1,0) -> 1 | ... BO71: =IF(AND(AG71>0,AG71<$B71),1,0) -> 1 | BU71: =IF(BD71,V71,$B71) -> 3 | BV71: =IF(BE71,W71,$B71) -> 3 | BW71: =IF(BF71,X71,$B71) -> 3 | BX71: =IF(BG71,Y71,$B71) -> 3 | BY71: =IF(BH71,Z71,$B71) -> 3 | BZ71: =IF(BI71,AA71,$B71) -> 3 | CA71: =IF(BJ71,AB71,$B71) -> 3 | CB71: =IF(BK71,AC71,$B71) -> 3 | ... CF71: =IF(BO71,AG71,$B71) -> 3 | CL71: =IF(BU71=$C71,1,0) -> 1 | CM71: =IF(BV71=$C71,1,0) -> 1 | CN71: =IF(BW71=$C71,1,0) -> 1 | CO71: =IF(BX71=$C71,1,0) -> 1 | CP71: =IF(BY71=$C71,1,0) -> 1 | CQ71: =IF(BZ71=$C71,1,0) -> 1 | CR71: =IF(CA71=$C71,1,0) -> 1 | CS71: =IF(CB71=$C71,1,0) -> 1 | ... CW71: =IF(CF71=$C71,1,0) -> 1 | DC71: {=IF(ISNA(E71),,OFFSET(INDIRECT("'"&DT$67&"'!f1"),E71-1,))*1} -> 0.03407228 | DD71: {=IF(ISNA(F71),,OFFSET(INDIRECT("'"&DU$67&"'!f1"),F71-1,))*1} -> 0.036940727 | DE71: {=IF(ISNA(G71),,OFFSET(INDIRECT("'"&DV$67&"'!f1"),G71-1,))*1} -> 0.012666463 | DF71: {=IF(ISNA(H71),,OFFSET(INDIRECT("'"&DW$67&"'!f1"),H71-1,))*1} -> 0.014352234 | DG71: {=IF(ISNA(I71),,OFFSET(INDIRECT("'"&DX$67&"'!f1"),I71-1,))*1} -> 0.057163917 | DH71: {=IF(ISNA(J71),,OFFSET(INDIRECT("'"&DY$67&"'!f1"),J71-1,))*1} -> 0.0363236 | DI71: {=IF(ISNA(K71),,OFFSET(INDIRECT("'"&DZ$67&"'!f1"),K71-1,))*1} -> 1.1292516 | DJ71: {=IF(ISNA(L71),,OFFSET(INDIRECT("'"&EA$67&"'!f1"),L71-1,))*1} -> 1.6339225 | ... DN71: {=IF(ISNA(P71),,OFFSET(INDIRECT("'"&EE$67&"'!f1"),P71-1,))*1} -> 0.0039978847 | DT71: =IF(CL71,EK71,) -> 1 | DU71: =IF(CM71,EL71,) -> 1 | DV71: =IF(CN71,EM71,) -> 1 | DW71: =IF(CO71,EN71,) -> 1 | DX71: =IF(CP71,EO71,) -> 1 | DY71: =IF(CQ71,EP71,) -> 1 | DZ71: =IF(CR71,EQ71,) -> 10000 | EA71: =IF(CS71,ER71,) -> 10000 | ... EE71: =IF(CW71,EV71,) -> 2 | EK71: {=IF(ISNA(E71),0,OFFSET(INDIRECT("'"&EK$67&"'!g1"),E71-1,)*CL71)} -> 1 | EL71: {=IF(ISNA(F71),0,OFFSET(INDIRECT("'"&EL$67&"'!g1"),F71-1,)*CM71)} -> 1 | EM71: {=IF(ISNA(G71),0,OFFSET(INDIRECT("'"&EM$67&"'!g1"),G71-1,)*CN71)} -> 1 | EN71: {=IF(ISNA(H71),0,OFFSET(INDIRECT("'"&EN$67&"'!g1"),H71-1,)*CO71)} -> 1 | EO71: {=IF(ISNA(I71),0,OFFSET(INDIRECT("'"&EO$67&"'!g1"),I71-1,)*CP71)} -> 1 | EP71: {=IF(ISNA(J71),0,OFFSET(INDIRECT("'"&EP$67&"'!g1"),J71-1,)*CQ71)} -> 1 | EQ71: {=IF(ISNA(K71),0,OFFSET(INDIRECT("'"&EQ$67&"'!g1"),K71-1,)*CR71)} -> 10000 | ER71: {=IF(ISNA(L71),0,OFFSET(INDIRECT("'"&ER$67&"'!g1"),L71-1,)*CS71)} -> 10000 | ... EV71: {=IF(ISNA(P71),0,OFFSET(INDIRECT("'"&EV$67&"'!g1"),P71-1,)*CW71)} -> 2 | FB71: {=IF(ISNA(E71),0,OFFSET(INDIRECT("'"&EK$67&"'!h1"),E71-1,))} -> 1 | FC71: {=IF(ISNA(F71),0,OFFSET(INDIRECT("'"&EL$67&"'!h1"),F71-1,))} -> 1 | FD71: {=IF(ISNA(G71),0,OFFSET(INDIRECT("'"&EM$67&"'!h1"),G71-1,))} -> 1 | FE71: {=IF(ISNA(H71),0,OFFSET(INDIRECT("'"&EN$67&"'!h1"),H71-1,))} -> 1 | FF71: {=IF(ISNA(I71),0,OFFSET(INDIRECT("'"&EO$67&"'!h1"),I71-1,))} -> 1 | FG71: {=IF(ISNA(J71),0,OFFSET(INDIRECT("'"&EP$67&"'!h1"),J71-1,))} -> 1 | FH71: {=IF(ISNA(K71),0,OFFSET(INDIRECT("'"&EQ$67&"'!h1"),K71-1,))} -> 10000 | FI71: {=IF(ISNA(L71),0,OFFSET(INDIRECT("'"&ER$67&"'!h1"),L71-1,))} -> 10000 | ... FM71: {=IF(ISNA(P71),0,OFFSET(INDIRECT("'"&EV$67&"'!h1"),P71-1,))} -> 2 | FS71: =B71 -> 6 | FT71: =OFFSET($DC71,,$FT$66-1) -> 1.1292516 | FU71: =OFFSET($DT71,,$FT$66-1) -> 10000 | FV71: =OFFSET($FB71,,$FT$66-1) -> 10000 | FW71: =IF(FV71,FU71/FV71,NA()) -> 1 | FX71: =IF(FU71,FT71/FU71,NA()) -> 0.00011292516 | FZ71: =GN71 -> 6 | GA71: =IF(BD71,(BU71-$C71)/$C71,NA()) -> 0 | GB71: =IF(BE71,(BV71-$C71)/$C71,NA()) -> 0 | GC71: =IF(BF71,(BW71-$C71)/$C71,NA()) -> 0 | GD71: =IF(BG71,(BX71-$C71)/$C71,NA()) -> 0 | GE71: =IF(BH71,(BY71-$C71)/$C71,NA()) -> 0 | GF71: =IF(BI71,(BZ71-$C71)/$C71,NA()) -> 0 | GG71: =IF(BJ71,(CA71-$C71)/$C71,NA()) -> 0 | GH71: =IF(BK71,(CB71-$C71)/$C71,NA()) -> 0 | ... GL71: =IF(BO71,(CF71-$C71)/$C71,NA()) -> 0 | GN71: =B71 -> 6 | GO71: =IF(AND(AM71>0,DT71>0),DC71/DT71,NA()) -> 0.03407228 | GP71: =IF(AND(AN71>0,DU71>0),DD71/DU71,NA()) -> 0.036940727 | GQ71: =IF(AND(AO71>0,DV71>0),DE71/DV71,NA()) -> 0.012666463 | GR71: =IF(AND(AP71>0,DW71>0),DF71/DW71,NA()) -> 0.014352234 | GS71: =IF(AND(AQ71>0,DX71>0),DG71/DX71,NA()) -> 0.057163917 | GT71: =IF(DY71>0,DH71/DY71,NA()) -> 0.0363236 | GU71: =IF(DZ71>0,DI71/DZ71,NA()) -> 0.00011292516 | GV71: =IF(EA71>0,DJ71/EA71,NA()) -> 0.00016339225 | GW71: =IF(EB71>0,DK71/EB71,NA()) -> 0.001002741 | GX71: =IF(EC71>0,DL71/EC71,NA()) -> 0.005956547 | GY71: =IF(ED71>0,DM71/ED71,NA()) -> 0.009122656 | GZ71: =IF(EE71>0,DN71/EE71,NA()) -> 0.0019989423 | HB71: =GN71 -> 6 | HC71: =IF(FB71,DT71/FB71,) -> 1 | HD71: =IF(FC71,DU71/FC71,) -> 1 | HE71: =IF(FD71,DV71/FD71,) -> 1 | HF71: =IF(FE71,DW71/FE71,) -> 1 | HG71: =IF(FF71,DX71/FF71,) -> 1 | HH71: =IF(FG71,DY71/FG71,) -> 1 | HI71: =IF(FH71,DZ71/FH71,) -> 1 | HJ71: =IF(FI71,EA71/FI71,) -> 1 | ... HN71: =IF(FM71,EE71/FM71,) -> 1
A72: {=INDIRECT($A$67&"!A"&ROW(C5)+$B$64)} -> [[7,1,3]] | B72: {=INDIRECT($A$67&"!b"&ROW(D5)+$B$64)} -> 7 | C72: =MIN(INDIRECT($A$67&"!d"&ROW(E5)+$B$64),BU72:CG72) -> 3 | E72: =MATCH($A72,INDIRECT("'"&E$67&"'!A:A"),) -> 29 | F72: =MATCH($A72,INDIRECT("'"&F$67&"'!A:A"),) -> 30 | G72: =MATCH($A72,INDIRECT("'"&G$67&"'!A:A"),) -> 29 | H72: =MATCH($A72,INDIRECT("'"&H$67&"'!A:A"),) -> 33 | I72: =MATCH($A72,INDIRECT("'"&I$67&"'!A:A"),) -> 32 | J72: =MATCH($A72,INDIRECT("'"&J$67&"'!A:A"),) -> 37 | K72: =MATCH($A72,INDIRECT("'"&K$67&"'!A:A"),) -> 37 | L72: =MATCH($A72,INDIRECT("'"&L$67&"'!A:A"),) -> 38 | ... P72: =MATCH($A72,INDIRECT("'"&P$67&"'!A:A"),) -> 29 | V72: {=IF(ISNA(E72),,OFFSET(INDIRECT("'"&V$67&"'!d1"),E72-1,))} -> 3 | W72: {=IF(ISNA(F72),,OFFSET(INDIRECT("'"&W$67&"'!d1"),F72-1,))} -> 3 | X72: {=IF(ISNA(G72),,OFFSET(INDIRECT("'"&X$67&"'!d1"),G72-1,))} -> 3 | Y72: {=IF(ISNA(H72),,OFFSET(INDIRECT("'"&Y$67&"'!d1"),H72-1,))} -> 3 | Z72: {=IF(ISNA(I72),,OFFSET(INDIRECT("'"&Z$67&"'!d1"),I72-1,))} -> 3 | AA72: {=IF(ISNA(J72),,OFFSET(INDIRECT("'"&AA$67&"'!d1"),J72-1,))} -> 3 | AB72: {=IF(ISNA(K72),,OFFSET(INDIRECT("'"&AB$67&"'!d1"),K72-1,))} -> 3 | AC72: {=IF(ISNA(L72),,OFFSET(INDIRECT("'"&AC$67&"'!d1"),L72-1,))} -> 3 | ... AG72: {=IF(ISNA(P72),,OFFSET(INDIRECT("'"&AG$67&"'!d1"),P72-1,))} -> 3 | AM72: =IF(DC72>= $N$3,0,BD72) -> 1 | AN72: =IF(DD72>= $N$3,0,BE72) -> 1 | AO72: =IF(DE72>= $N$3,0,BF72) -> 1 | AP72: =IF(DF72>= $N$3,0,BG72) -> 1 | AQ72: =IF(DG72*1>= $N$3,0,BH72) -> 1 | AV72: =IF(AM72=1,CL72=1,"") -> TRUE | AW72: =IF(AN72=1,CM72=1,"") -> TRUE | AX72: =IF(AO72=1,CN72=1,"") -> TRUE | AY72: =IF(AP72=1,CO72=1,"") -> TRUE | AZ72: =IF(AQ72=1,CP72=1,"") -> TRUE | BD72: =IF(AND(V72>0,V72<$B72),1,0) -> 1 | BE72: =IF(AND(W72>0,W72<$B72),1,0) -> 1 | BF72: =IF(AND(X72>0,X72<$B72),1,0) -> 1 | BG72: =IF(AND(Y72>0,Y72<$B72),1,0) -> 1 | BH72: =IF(AND(Z72>0,Z72<$B72),1,0) -> 1 | BI72: =IF(AND(AA72>0,AA72<$B72),1,0) -> 1 | BJ72: =IF(AND(AB72>0,AB72<$B72),1,0) -> 1 | BK72: =IF(AND(AC72>0,AC72<$B72),1,0) -> 1 | ... BO72: =IF(AND(AG72>0,AG72<$B72),1,0) -> 1 | BU72: =IF(BD72,V72,$B72) -> 3 | BV72: =IF(BE72,W72,$B72) -> 3 | BW72: =IF(BF72,X72,$B72) -> 3 | BX72: =IF(BG72,Y72,$B72) -> 3 | BY72: =IF(BH72,Z72,$B72) -> 3 | BZ72: =IF(BI72,AA72,$B72) -> 3 | CA72: =IF(BJ72,AB72,$B72) -> 3 | CB72: =IF(BK72,AC72,$B72) -> 3 | ... CF72: =IF(BO72,AG72,$B72) -> 3 | CL72: =IF(BU72=$C72,1,0) -> 1 | CM72: =IF(BV72=$C72,1,0) -> 1 | CN72: =IF(BW72=$C72,1,0) -> 1 | CO72: =IF(BX72=$C72,1,0) -> 1 | CP72: =IF(BY72=$C72,1,0) -> 1 | CQ72: =IF(BZ72=$C72,1,0) -> 1 | CR72: =IF(CA72=$C72,1,0) -> 1 | CS72: =IF(CB72=$C72,1,0) -> 1 | ... CW72: =IF(CF72=$C72,1,0) -> 1 | DC72: {=IF(ISNA(E72),,OFFSET(INDIRECT("'"&DT$67&"'!f1"),E72-1,))*1} -> 0.03363478 | DD72: {=IF(ISNA(F72),,OFFSET(INDIRECT("'"&DU$67&"'!f1"),F72-1,))*1} -> 0.063446703 | DE72: {=IF(ISNA(G72),,OFFSET(INDIRECT("'"&DV$67&"'!f1"),G72-1,))*1} -> 0.015219446 | DF72: {=IF(ISNA(H72),,OFFSET(INDIRECT("'"&DW$67&"'!f1"),H72-1,))*1} -> 0.017970439 | DG72: {=IF(ISNA(I72),,OFFSET(INDIRECT("'"&DX$67&"'!f1"),I72-1,))*1} -> 0.055149333 | DH72: {=IF(ISNA(J72),,OFFSET(INDIRECT("'"&DY$67&"'!f1"),J72-1,))*1} -> 0.042451309 | DI72: {=IF(ISNA(K72),,OFFSET(INDIRECT("'"&DZ$67&"'!f1"),K72-1,))*1} -> 1.175917 | DJ72: {=IF(ISNA(L72),,OFFSET(INDIRECT("'"&EA$67&"'!f1"),L72-1,))*1} -> 1.6754309 | ... DN72: {=IF(ISNA(P72),,OFFSET(INDIRECT("'"&EE$67&"'!f1"),P72-1,))*1} -> 0.0033669174 | DT72: =IF(CL72,EK72,) -> 1 | DU72: =IF(CM72,EL72,) -> 1 | DV72: =IF(CN72,EM72,) -> 1 | DW72: =IF(CO72,EN72,) -> 1 | DX72: =IF(CP72,EO72,) -> 1 | DY72: =IF(CQ72,EP72,) -> 1 | DZ72: =IF(CR72,EQ72,) -> 10000 | EA72: =IF(CS72,ER72,) -> 10000 | ... EE72: =IF(CW72,EV72,) -> 2 | EK72: {=IF(ISNA(E72),0,OFFSET(INDIRECT("'"&EK$67&"'!g1"),E72-1,)*CL72)} -> 1 | EL72: {=IF(ISNA(F72),0,OFFSET(INDIRECT("'"&EL$67&"'!g1"),F72-1,)*CM72)} -> 1 | EM72: {=IF(ISNA(G72),0,OFFSET(INDIRECT("'"&EM$67&"'!g1"),G72-1,)*CN72)} -> 1 | EN72: {=IF(ISNA(H72),0,OFFSET(INDIRECT("'"&EN$67&"'!g1"),H72-1,)*CO72)} -> 1 | EO72: {=IF(ISNA(I72),0,OFFSET(INDIRECT("'"&EO$67&"'!g1"),I72-1,)*CP72)} -> 1 | EP72: {=IF(ISNA(J72),0,OFFSET(INDIRECT("'"&EP$67&"'!g1"),J72-1,)*CQ72)} -> 1 | EQ72: {=IF(ISNA(K72),0,OFFSET(INDIRECT("'"&EQ$67&"'!g1"),K72-1,)*CR72)} -> 10000 | ER72: {=IF(ISNA(L72),0,OFFSET(INDIRECT("'"&ER$67&"'!g1"),L72-1,)*CS72)} -> 10000 | ... EV72: {=IF(ISNA(P72),0,OFFSET(INDIRECT("'"&EV$67&"'!g1"),P72-1,)*CW72)} -> 2 | FB72: {=IF(ISNA(E72),0,OFFSET(INDIRECT("'"&EK$67&"'!h1"),E72-1,))} -> 1 | FC72: {=IF(ISNA(F72),0,OFFSET(INDIRECT("'"&EL$67&"'!h1"),F72-1,))} -> 1 | FD72: {=IF(ISNA(G72),0,OFFSET(INDIRECT("'"&EM$67&"'!h1"),G72-1,))} -> 1 | FE72: {=IF(ISNA(H72),0,OFFSET(INDIRECT("'"&EN$67&"'!h1"),H72-1,))} -> 1 | FF72: {=IF(ISNA(I72),0,OFFSET(INDIRECT("'"&EO$67&"'!h1"),I72-1,))} -> 1 | FG72: {=IF(ISNA(J72),0,OFFSET(INDIRECT("'"&EP$67&"'!h1"),J72-1,))} -> 1 | FH72: {=IF(ISNA(K72),0,OFFSET(INDIRECT("'"&EQ$67&"'!h1"),K72-1,))} -> 10000 | FI72: {=IF(ISNA(L72),0,OFFSET(INDIRECT("'"&ER$67&"'!h1"),L72-1,))} -> 10000 | ... FM72: {=IF(ISNA(P72),0,OFFSET(INDIRECT("'"&EV$67&"'!h1"),P72-1,))} -> 2 | FS72: =B72 -> 7 | FT72: =OFFSET($DC72,,$FT$66-1) -> 1.175917 | FU72: =OFFSET($DT72,,$FT$66-1) -> 10000 | FV72: =OFFSET($FB72,,$FT$66-1) -> 10000 | FW72: =IF(FV72,FU72/FV72,NA()) -> 1 | FX72: =IF(FU72,FT72/FU72,NA()) -> 0.0001175917 | FZ72: =GN72 -> 7 | GA72: =IF(BD72,(BU72-$C72)/$C72,NA()) -> 0 | GB72: =IF(BE72,(BV72-$C72)/$C72,NA()) -> 0 | GC72: =IF(BF72,(BW72-$C72)/$C72,NA()) -> 0 | GD72: =IF(BG72,(BX72-$C72)/$C72,NA()) -> 0 | GE72: =IF(BH72,(BY72-$C72)/$C72,NA()) -> 0 | GF72: =IF(BI72,(BZ72-$C72)/$C72,NA()) -> 0 | GG72: =IF(BJ72,(CA72-$C72)/$C72,NA()) -> 0 | GH72: =IF(BK72,(CB72-$C72)/$C72,NA()) -> 0 | ... GL72: =IF(BO72,(CF72-$C72)/$C72,NA()) -> 0 | GN72: =B72 -> 7 | GO72: =IF(AND(AM72>0,DT72>0),DC72/DT72,NA()) -> 0.03363478 | GP72: =IF(AND(AN72>0,DU72>0),DD72/DU72,NA()) -> 0.063446703 | GQ72: =IF(AND(AO72>0,DV72>0),DE72/DV72,NA()) -> 0.015219446 | GR72: =IF(AND(AP72>0,DW72>0),DF72/DW72,NA()) -> 0.017970439 | GS72: =IF(AND(AQ72>0,DX72>0),DG72/DX72,NA()) -> 0.055149333 | GT72: =IF(DY72>0,DH72/DY72,NA()) -> 0.042451309 | GU72: =IF(DZ72>0,DI72/DZ72,NA()) -> 0.0001175917 | GV72: =IF(EA72>0,DJ72/EA72,NA()) -> 0.00016754309 | GW72: =IF(EB72>0,DK72/EB72,NA()) -> 0.00060806736 | GX72: =IF(EC72>0,DL72/EC72,NA()) -> 0.010338515 | GY72: =IF(ED72>0,DM72/ED72,NA()) -> 0.006998605 | GZ72: =IF(EE72>0,DN72/EE72,NA()) -> 0.0016834587 | HB72: =GN72 -> 7 | HC72: =IF(FB72,DT72/FB72,) -> 1 | HD72: =IF(FC72,DU72/FC72,) -> 1 | HE72: =IF(FD72,DV72/FD72,) -> 1 | HF72: =IF(FE72,DW72/FE72,) -> 1 | HG72: =IF(FF72,DX72/FF72,) -> 1 | HH72: =IF(FG72,DY72/FG72,) -> 1 | HI72: =IF(FH72,DZ72/FH72,) -> 1 | HJ72: =IF(FI72,EA72/FI72,) -> 1 | ... HN72: =IF(FM72,EE72/FM72,) -> 1
A73: {=INDIRECT($A$67&"!A"&ROW(C6)+$B$64)} -> [[8,1,3]] | B73: {=INDIRECT($A$67&"!b"&ROW(D6)+$B$64)} -> 8 | C73: =MIN(INDIRECT($A$67&"!d"&ROW(E6)+$B$64),BU73:CG73) -> 3 | E73: =MATCH($A73,INDIRECT("'"&E$67&"'!A:A"),) -> 30 | F73: =MATCH($A73,INDIRECT("'"&F$67&"'!A:A"),) -> 31 | G73: =MATCH($A73,INDIRECT("'"&G$67&"'!A:A"),) -> 30 | H73: =MATCH($A73,INDIRECT("'"&H$67&"'!A:A"),) -> 34 | I73: =MATCH($A73,INDIRECT("'"&I$67&"'!A:A"),) -> 33 | J73: =MATCH($A73,INDIRECT("'"&J$67&"'!A:A"),) -> 38 | K73: =MATCH($A73,INDIRECT("'"&K$67&"'!A:A"),) -> 38 | L73: =MATCH($A73,INDIRECT("'"&L$67&"'!A:A"),) -> 39 | ... P73: =MATCH($A73,INDIRECT("'"&P$67&"'!A:A"),) -> 30 | V73: {=IF(ISNA(E73),,OFFSET(INDIRECT("'"&V$67&"'!d1"),E73-1,))} -> 3 | W73: {=IF(ISNA(F73),,OFFSET(INDIRECT("'"&W$67&"'!d1"),F73-1,))} -> 3 | X73: {=IF(ISNA(G73),,OFFSET(INDIRECT("'"&X$67&"'!d1"),G73-1,))} -> 3 | Y73: {=IF(ISNA(H73),,OFFSET(INDIRECT("'"&Y$67&"'!d1"),H73-1,))} -> 3 | Z73: {=IF(ISNA(I73),,OFFSET(INDIRECT("'"&Z$67&"'!d1"),I73-1,))} -> 3 | AA73: {=IF(ISNA(J73),,OFFSET(INDIRECT("'"&AA$67&"'!d1"),J73-1,))} -> 3 | AB73: {=IF(ISNA(K73),,OFFSET(INDIRECT("'"&AB$67&"'!d1"),K73-1,))} -> 3 | AC73: {=IF(ISNA(L73),,OFFSET(INDIRECT("'"&AC$67&"'!d1"),L73-1,))} -> 3 | ... AG73: {=IF(ISNA(P73),,OFFSET(INDIRECT("'"&AG$67&"'!d1"),P73-1,))} -> 3 | AM73: =IF(DC73>= $N$3,0,BD73) -> 1 | AN73: =IF(DD73>= $N$3,0,BE73) -> 1 | AO73: =IF(DE73>= $N$3,0,BF73) -> 1 | AP73: =IF(DF73>= $N$3,0,BG73) -> 1 | AQ73: =IF(DG73*1>= $N$3,0,BH73) -> 1 | AV73: =IF(AM73=1,CL73=1,"") -> TRUE | AW73: =IF(AN73=1,CM73=1,"") -> TRUE | AX73: =IF(AO73=1,CN73=1,"") -> TRUE | AY73: =IF(AP73=1,CO73=1,"") -> TRUE | AZ73: =IF(AQ73=1,CP73=1,"") -> TRUE | BD73: =IF(AND(V73>0,V73<$B73),1,0) -> 1 | BE73: =IF(AND(W73>0,W73<$B73),1,0) -> 1 | BF73: =IF(AND(X73>0,X73<$B73),1,0) -> 1 | BG73: =IF(AND(Y73>0,Y73<$B73),1,0) -> 1 | BH73: =IF(AND(Z73>0,Z73<$B73),1,0) -> 1 | BI73: =IF(AND(AA73>0,AA73<$B73),1,0) -> 1 | BJ73: =IF(AND(AB73>0,AB73<$B73),1,0) -> 1 | BK73: =IF(AND(AC73>0,AC73<$B73),1,0) -> 1 | ... BO73: =IF(AND(AG73>0,AG73<$B73),1,0) -> 1 | BU73: =IF(BD73,V73,$B73) -> 3 | BV73: =IF(BE73,W73,$B73) -> 3 | BW73: =IF(BF73,X73,$B73) -> 3 | BX73: =IF(BG73,Y73,$B73) -> 3 | BY73: =IF(BH73,Z73,$B73) -> 3 | BZ73: =IF(BI73,AA73,$B73) -> 3 | CA73: =IF(BJ73,AB73,$B73) -> 3 | CB73: =IF(BK73,AC73,$B73) -> 3 | ... CF73: =IF(BO73,AG73,$B73) -> 3 | CL73: =IF(BU73=$C73,1,0) -> 1 | CM73: =IF(BV73=$C73,1,0) -> 1 | CN73: =IF(BW73=$C73,1,0) -> 1 | CO73: =IF(BX73=$C73,1,0) -> 1 | CP73: =IF(BY73=$C73,1,0) -> 1 | CQ73: =IF(BZ73=$C73,1,0) -> 1 | CR73: =IF(CA73=$C73,1,0) -> 1 | CS73: =IF(CB73=$C73,1,0) -> 1 | ... CW73: =IF(CF73=$C73,1,0) -> 1 | DC73: {=IF(ISNA(E73),,OFFSET(INDIRECT("'"&DT$67&"'!f1"),E73-1,))*1} -> 0.033171741 | DD73: {=IF(ISNA(F73),,OFFSET(INDIRECT("'"&DU$67&"'!f1"),F73-1,))*1} -> 0.0381209 | DE73: {=IF(ISNA(G73),,OFFSET(INDIRECT("'"&DV$67&"'!f1"),G73-1,))*1} -> 0.014188679 | DF73: {=IF(ISNA(H73),,OFFSET(INDIRECT("'"&DW$67&"'!f1"),H73-1,))*1} -> 0.07468291 | DG73: {=IF(ISNA(I73),,OFFSET(INDIRECT("'"&DX$67&"'!f1"),I73-1,))*1} -> 0.0527205 | DH73: {=IF(ISNA(J73),,OFFSET(INDIRECT("'"&DY$67&"'!f1"),J73-1,))*1} -> 0.045867452 | DI73: {=IF(ISNA(K73),,OFFSET(INDIRECT("'"&DZ$67&"'!f1"),K73-1,))*1} -> 1.244983 | DJ73: {=IF(ISNA(L73),,OFFSET(INDIRECT("'"&EA$67&"'!f1"),L73-1,))*1} -> 1.7009632 | ... DN73: {=IF(ISNA(P73),,OFFSET(INDIRECT("'"&EE$67&"'!f1"),P73-1,))*1} -> 0.0030534342 | DT73: =IF(CL73,EK73,) -> 1 | DU73: =IF(CM73,EL73,) -> 1 | DV73: =IF(CN73,EM73,) -> 1 | DW73: =IF(CO73,EN73,) -> 1 | DX73: =IF(CP73,EO73,) -> 1 | DY73: =IF(CQ73,EP73,) -> 1 | DZ73: =IF(CR73,EQ73,) -> 10000 | EA73: =IF(CS73,ER73,) -> 10000 | ... EE73: =IF(CW73,EV73,) -> 2 | EK73: {=IF(ISNA(E73),0,OFFSET(INDIRECT("'"&EK$67&"'!g1"),E73-1,)*CL73)} -> 1 | EL73: {=IF(ISNA(F73),0,OFFSET(INDIRECT("'"&EL$67&"'!g1"),F73-1,)*CM73)} -> 1 | EM73: {=IF(ISNA(G73),0,OFFSET(INDIRECT("'"&EM$67&"'!g1"),G73-1,)*CN73)} -> 1 | EN73: {=IF(ISNA(H73),0,OFFSET(INDIRECT("'"&EN$67&"'!g1"),H73-1,)*CO73)} -> 1 | EO73: {=IF(ISNA(I73),0,OFFSET(INDIRECT("'"&EO$67&"'!g1"),I73-1,)*CP73)} -> 1 | EP73: {=IF(ISNA(J73),0,OFFSET(INDIRECT("'"&EP$67&"'!g1"),J73-1,)*CQ73)} -> 1 | EQ73: {=IF(ISNA(K73),0,OFFSET(INDIRECT("'"&EQ$67&"'!g1"),K73-1,)*CR73)} -> 10000 | ER73: {=IF(ISNA(L73),0,OFFSET(INDIRECT("'"&ER$67&"'!g1"),L73-1,)*CS73)} -> 10000 | ... EV73: {=IF(ISNA(P73),0,OFFSET(INDIRECT("'"&EV$67&"'!g1"),P73-1,)*CW73)} -> 2 | FB73: {=IF(ISNA(E73),0,OFFSET(INDIRECT("'"&EK$67&"'!h1"),E73-1,))} -> 1 | FC73: {=IF(ISNA(F73),0,OFFSET(INDIRECT("'"&EL$67&"'!h1"),F73-1,))} -> 1 | FD73: {=IF(ISNA(G73),0,OFFSET(INDIRECT("'"&EM$67&"'!h1"),G73-1,))} -> 1 | FE73: {=IF(ISNA(H73),0,OFFSET(INDIRECT("'"&EN$67&"'!h1"),H73-1,))} -> 1 | FF73: {=IF(ISNA(I73),0,OFFSET(INDIRECT("'"&EO$67&"'!h1"),I73-1,))} -> 1 | FG73: {=IF(ISNA(J73),0,OFFSET(INDIRECT("'"&EP$67&"'!h1"),J73-1,))} -> 1 | FH73: {=IF(ISNA(K73),0,OFFSET(INDIRECT("'"&EQ$67&"'!h1"),K73-1,))} -> 10000 | FI73: {=IF(ISNA(L73),0,OFFSET(INDIRECT("'"&ER$67&"'!h1"),L73-1,))} -> 10000 | ... FM73: {=IF(ISNA(P73),0,OFFSET(INDIRECT("'"&EV$67&"'!h1"),P73-1,))} -> 2 | FS73: =B73 -> 8 | FT73: =OFFSET($DC73,,$FT$66-1) -> 1.244983 | FU73: =OFFSET($DT73,,$FT$66-1) -> 10000 | FV73: =OFFSET($FB73,,$FT$66-1) -> 10000 | FW73: =IF(FV73,FU73/FV73,NA()) -> 1 | FX73: =IF(FU73,FT73/FU73,NA()) -> 0.0001244983 | FZ73: =GN73 -> 8 | GA73: =IF(BD73,(BU73-$C73)/$C73,NA()) -> 0 | GB73: =IF(BE73,(BV73-$C73)/$C73,NA()) -> 0 | GC73: =IF(BF73,(BW73-$C73)/$C73,NA()) -> 0 | GD73: =IF(BG73,(BX73-$C73)/$C73,NA()) -> 0 | GE73: =IF(BH73,(BY73-$C73)/$C73,NA()) -> 0 | GF73: =IF(BI73,(BZ73-$C73)/$C73,NA()) -> 0 | GG73: =IF(BJ73,(CA73-$C73)/$C73,NA()) -> 0 | GH73: =IF(BK73,(CB73-$C73)/$C73,NA()) -> 0 | ... GL73: =IF(BO73,(CF73-$C73)/$C73,NA()) -> 0 | GN73: =B73 -> 8 | GO73: =IF(AND(AM73>0,DT73>0),DC73/DT73,NA()) -> 0.033171741 | GP73: =IF(AND(AN73>0,DU73>0),DD73/DU73,NA()) -> 0.0381209 | GQ73: =IF(AND(AO73>0,DV73>0),DE73/DV73,NA()) -> 0.014188679 | GR73: =IF(AND(AP73>0,DW73>0),DF73/DW73,NA()) -> 0.07468291 | GS73: =IF(AND(AQ73>0,DX73>0),DG73/DX73,NA()) -> 0.0527205 | GT73: =IF(DY73>0,DH73/DY73,NA()) -> 0.045867452 | GU73: =IF(DZ73>0,DI73/DZ73,NA()) -> 0.0001244983 | GV73: =IF(EA73>0,DJ73/EA73,NA()) -> 0.00017009632 | GW73: =IF(EB73>0,DK73/EB73,NA()) -> 0.0010059956 | GX73: =IF(EC73>0,DL73/EC73,NA()) -> 0.007006832 | GY73: =IF(ED73>0,DM73/ED73,NA()) -> 0.006775557 | GZ73: =IF(EE73>0,DN73/EE73,NA()) -> 0.0015267171 | HB73: =GN73 -> 8 | HC73: =IF(FB73,DT73/FB73,) -> 1 | HD73: =IF(FC73,DU73/FC73,) -> 1 | HE73: =IF(FD73,DV73/FD73,) -> 1 | HF73: =IF(FE73,DW73/FE73,) -> 1 | HG73: =IF(FF73,DX73/FF73,) -> 1 | HH73: =IF(FG73,DY73/FG73,) -> 1 | HI73: =IF(FH73,DZ73/FH73,) -> 1 | HJ73: =IF(FI73,EA73/FI73,) -> 1 | ... HN73: =IF(FM73,EE73/FM73,) -> 1
A74: {=INDIRECT($A$67&"!A"&ROW(C7)+$B$64)} -> [[9,1,3]] | B74: {=INDIRECT($A$67&"!b"&ROW(D7)+$B$64)} -> 9 | C74: =MIN(INDIRECT($A$67&"!d"&ROW(E7)+$B$64),BU74:CG74) -> 3 | E74: =MATCH($A74,INDIRECT("'"&E$67&"'!A:A"),) -> 31 | F74: =MATCH($A74,INDIRECT("'"&F$67&"'!A:A"),) -> 32 | G74: =MATCH($A74,INDIRECT("'"&G$67&"'!A:A"),) -> 31 | H74: =MATCH($A74,INDIRECT("'"&H$67&"'!A:A"),) -> 35 | I74: =MATCH($A74,INDIRECT("'"&I$67&"'!A:A"),) -> 34 | J74: =MATCH($A74,INDIRECT("'"&J$67&"'!A:A"),) -> 39 | K74: =MATCH($A74,INDIRECT("'"&K$67&"'!A:A"),) -> 39 | L74: =MATCH($A74,INDIRECT("'"&L$67&"'!A:A"),) -> 40 | ... P74: =MATCH($A74,INDIRECT("'"&P$67&"'!A:A"),) -> 31 | V74: {=IF(ISNA(E74),,OFFSET(INDIRECT("'"&V$67&"'!d1"),E74-1,))} -> 3 | W74: {=IF(ISNA(F74),,OFFSET(INDIRECT("'"&W$67&"'!d1"),F74-1,))} -> 3 | X74: {=IF(ISNA(G74),,OFFSET(INDIRECT("'"&X$67&"'!d1"),G74-1,))} -> 3 | Y74: {=IF(ISNA(H74),,OFFSET(INDIRECT("'"&Y$67&"'!d1"),H74-1,))} -> 3 | Z74: {=IF(ISNA(I74),,OFFSET(INDIRECT("'"&Z$67&"'!d1"),I74-1,))} -> 3 | AA74: {=IF(ISNA(J74),,OFFSET(INDIRECT("'"&AA$67&"'!d1"),J74-1,))} -> 3 | AB74: {=IF(ISNA(K74),,OFFSET(INDIRECT("'"&AB$67&"'!d1"),K74-1,))} -> 3 | AC74: {=IF(ISNA(L74),,OFFSET(INDIRECT("'"&AC$67&"'!d1"),L74-1,))} -> 3 | ... AG74: {=IF(ISNA(P74),,OFFSET(INDIRECT("'"&AG$67&"'!d1"),P74-1,))} -> 3 | AM74: =IF(DC74>= $N$3,0,BD74) -> 1 | AN74: =IF(DD74>= $N$3,0,BE74) -> 1 | AO74: =IF(DE74>= $N$3,0,BF74) -> 1 | AP74: =IF(DF74>= $N$3,0,BG74) -> 1 | AQ74: =IF(DG74*1>= $N$3,0,BH74) -> 1 | AV74: =IF(AM74=1,CL74=1,"") -> TRUE | AW74: =IF(AN74=1,CM74=1,"") -> TRUE | AX74: =IF(AO74=1,CN74=1,"") -> TRUE | AY74: =IF(AP74=1,CO74=1,"") -> TRUE | AZ74: =IF(AQ74=1,CP74=1,"") -> TRUE | BD74: =IF(AND(V74>0,V74<$B74),1,0) -> 1 | BE74: =IF(AND(W74>0,W74<$B74),1,0) -> 1 | BF74: =IF(AND(X74>0,X74<$B74),1,0) -> 1 | BG74: =IF(AND(Y74>0,Y74<$B74),1,0) -> 1 | BH74: =IF(AND(Z74>0,Z74<$B74),1,0) -> 1 | BI74: =IF(AND(AA74>0,AA74<$B74),1,0) -> 1 | BJ74: =IF(AND(AB74>0,AB74<$B74),1,0) -> 1 | BK74: =IF(AND(AC74>0,AC74<$B74),1,0) -> 1 | ... BO74: =IF(AND(AG74>0,AG74<$B74),1,0) -> 1 | BU74: =IF(BD74,V74,$B74) -> 3 | BV74: =IF(BE74,W74,$B74) -> 3 | BW74: =IF(BF74,X74,$B74) -> 3 | BX74: =IF(BG74,Y74,$B74) -> 3 | BY74: =IF(BH74,Z74,$B74) -> 3 | BZ74: =IF(BI74,AA74,$B74) -> 3 | CA74: =IF(BJ74,AB74,$B74) -> 3 | CB74: =IF(BK74,AC74,$B74) -> 3 | ... CF74: =IF(BO74,AG74,$B74) -> 3 | CL74: =IF(BU74=$C74,1,0) -> 1 | CM74: =IF(BV74=$C74,1,0) -> 1 | CN74: =IF(BW74=$C74,1,0) -> 1 | CO74: =IF(BX74=$C74,1,0) -> 1 | CP74: =IF(BY74=$C74,1,0) -> 1 | CQ74: =IF(BZ74=$C74,1,0) -> 1 | CR74: =IF(CA74=$C74,1,0) -> 1 | CS74: =IF(CB74=$C74,1,0) -> 1 | ... CW74: =IF(CF74=$C74,1,0) -> 1 | DC74: {=IF(ISNA(E74),,OFFSET(INDIRECT("'"&DT$67&"'!f1"),E74-1,))*1} -> 0.033051515 | DD74: {=IF(ISNA(F74),,OFFSET(INDIRECT("'"&DU$67&"'!f1"),F74-1,))*1} -> 0.036050474 | DE74: {=IF(ISNA(G74),,OFFSET(INDIRECT("'"&DV$67&"'!f1"),G74-1,))*1} -> 0.013701441 | DF74: {=IF(ISNA(H74),,OFFSET(INDIRECT("'"&DW$67&"'!f1"),H74-1,))*1} -> 0.013759532 | DG74: {=IF(ISNA(I74),,OFFSET(INDIRECT("'"&DX$67&"'!f1"),I74-1,))*1} -> 0.052406625 | DH74: {=IF(ISNA(J74),,OFFSET(INDIRECT("'"&DY$67&"'!f1"),J74-1,))*1} -> 0.052039035 | DI74: {=IF(ISNA(K74),,OFFSET(INDIRECT("'"&DZ$67&"'!f1"),K74-1,))*1} -> 1.3492577 | DJ74: {=IF(ISNA(L74),,OFFSET(INDIRECT("'"&EA$67&"'!f1"),L74-1,))*1} -> 1.7361957 | ... DN74: {=IF(ISNA(P74),,OFFSET(INDIRECT("'"&EE$67&"'!f1"),P74-1,))*1} -> 0.0031337067 | DT74: =IF(CL74,EK74,) -> 1 | DU74: =IF(CM74,EL74,) -> 1 | DV74: =IF(CN74,EM74,) -> 1 | DW74: =IF(CO74,EN74,) -> 1 | DX74: =IF(CP74,EO74,) -> 1 | DY74: =IF(CQ74,EP74,) -> 1 | DZ74: =IF(CR74,EQ74,) -> 10000 | EA74: =IF(CS74,ER74,) -> 10000 | ... EE74: =IF(CW74,EV74,) -> 2 | EK74: {=IF(ISNA(E74),0,OFFSET(INDIRECT("'"&EK$67&"'!g1"),E74-1,)*CL74)} -> 1 | EL74: {=IF(ISNA(F74),0,OFFSET(INDIRECT("'"&EL$67&"'!g1"),F74-1,)*CM74)} -> 1 | EM74: {=IF(ISNA(G74),0,OFFSET(INDIRECT("'"&EM$67&"'!g1"),G74-1,)*CN74)} -> 1 | EN74: {=IF(ISNA(H74),0,OFFSET(INDIRECT("'"&EN$67&"'!g1"),H74-1,)*CO74)} -> 1 | EO74: {=IF(ISNA(I74),0,OFFSET(INDIRECT("'"&EO$67&"'!g1"),I74-1,)*CP74)} -> 1 | EP74: {=IF(ISNA(J74),0,OFFSET(INDIRECT("'"&EP$67&"'!g1"),J74-1,)*CQ74)} -> 1 | EQ74: {=IF(ISNA(K74),0,OFFSET(INDIRECT("'"&EQ$67&"'!g1"),K74-1,)*CR74)} -> 10000 | ER74: {=IF(ISNA(L74),0,OFFSET(INDIRECT("'"&ER$67&"'!g1"),L74-1,)*CS74)} -> 10000 | ... EV74: {=IF(ISNA(P74),0,OFFSET(INDIRECT("'"&EV$67&"'!g1"),P74-1,)*CW74)} -> 2 | FB74: {=IF(ISNA(E74),0,OFFSET(INDIRECT("'"&EK$67&"'!h1"),E74-1,))} -> 1 | FC74: {=IF(ISNA(F74),0,OFFSET(INDIRECT("'"&EL$67&"'!h1"),F74-1,))} -> 1 | FD74: {=IF(ISNA(G74),0,OFFSET(INDIRECT("'"&EM$67&"'!h1"),G74-1,))} -> 1 | FE74: {=IF(ISNA(H74),0,OFFSET(INDIRECT("'"&EN$67&"'!h1"),H74-1,))} -> 1 | FF74: {=IF(ISNA(I74),0,OFFSET(INDIRECT("'"&EO$67&"'!h1"),I74-1,))} -> 1 | FG74: {=IF(ISNA(J74),0,OFFSET(INDIRECT("'"&EP$67&"'!h1"),J74-1,))} -> 1 | FH74: {=IF(ISNA(K74),0,OFFSET(INDIRECT("'"&EQ$67&"'!h1"),K74-1,))} -> 10000 | FI74: {=IF(ISNA(L74),0,OFFSET(INDIRECT("'"&ER$67&"'!h1"),L74-1,))} -> 10000 | ... FM74: {=IF(ISNA(P74),0,OFFSET(INDIRECT("'"&EV$67&"'!h1"),P74-1,))} -> 2 | FS74: =B74 -> 9 | FT74: =OFFSET($DC74,,$FT$66-1) -> 1.3492577 | FU74: =OFFSET($DT74,,$FT$66-1) -> 10000 | FV74: =OFFSET($FB74,,$FT$66-1) -> 10000 | FW74: =IF(FV74,FU74/FV74,NA()) -> 1 | FX74: =IF(FU74,FT74/FU74,NA()) -> 0.00013492577 | FZ74: =GN74 -> 9 | GA74: =IF(BD74,(BU74-$C74)/$C74,NA()) -> 0 | GB74: =IF(BE74,(BV74-$C74)/$C74,NA()) -> 0 | GC74: =IF(BF74,(BW74-$C74)/$C74,NA()) -> 0 | GD74: =IF(BG74,(BX74-$C74)/$C74,NA()) -> 0 | GE74: =IF(BH74,(BY74-$C74)/$C74,NA()) -> 0 | GF74: =IF(BI74,(BZ74-$C74)/$C74,NA()) -> 0 | GG74: =IF(BJ74,(CA74-$C74)/$C74,NA()) -> 0 | GH74: =IF(BK74,(CB74-$C74)/$C74,NA()) -> 0 | ... GL74: =IF(BO74,(CF74-$C74)/$C74,NA()) -> 0 | GN74: =B74 -> 9 | GO74: =IF(AND(AM74>0,DT74>0),DC74/DT74,NA()) -> 0.033051515 | GP74: =IF(AND(AN74>0,DU74>0),DD74/DU74,NA()) -> 0.036050474 | GQ74: =IF(AND(AO74>0,DV74>0),DE74/DV74,NA()) -> 0.013701441 | GR74: =IF(AND(AP74>0,DW74>0),DF74/DW74,NA()) -> 0.013759532 | GS74: =IF(AND(AQ74>0,DX74>0),DG74/DX74,NA()) -> 0.052406625 | GT74: =IF(DY74>0,DH74/DY74,NA()) -> 0.052039035 | GU74: =IF(DZ74>0,DI74/DZ74,NA()) -> 0.00013492577 | GV74: =IF(EA74>0,DJ74/EA74,NA()) -> 0.00017361957 | GW74: =IF(EB74>0,DK74/EB74,NA()) -> 0.0010045316 | GX74: =IF(EC74>0,DL74/EC74,NA()) -> 0.009119239 | GY74: =IF(ED74>0,DM74/ED74,NA()) -> 0.009113377 | GZ74: =IF(EE74>0,DN74/EE74,NA()) -> 0.0015668534 | HB74: =GN74 -> 9 | HC74: =IF(FB74,DT74/FB74,) -> 1 | HD74: =IF(FC74,DU74/FC74,) -> 1 | HE74: =IF(FD74,DV74/FD74,) -> 1 | HF74: =IF(FE74,DW74/FE74,) -> 1 | HG74: =IF(FF74,DX74/FF74,) -> 1 | HH74: =IF(FG74,DY74/FG74,) -> 1 | HI74: =IF(FH74,DZ74/FH74,) -> 1 | HJ74: =IF(FI74,EA74/FI74,) -> 1 | ... HN74: =IF(FM74,EE74/FM74,) -> 1
A75: {=INDIRECT($A$67&"!A"&ROW(C8)+$B$64)} -> [[10,1,4]] | B75: {=INDIRECT($A$67&"!b"&ROW(D8)+$B$64)} -> 10 | C75: =MIN(INDIRECT($A$67&"!d"&ROW(E8)+$B$64),BU75:CG75) -> 4 | E75: =MATCH($A75,INDIRECT("'"&E$67&"'!A:A"),) -> 32 | F75: =MATCH($A75,INDIRECT("'"&F$67&"'!A:A"),) -> 33 | G75: =MATCH($A75,INDIRECT("'"&G$67&"'!A:A"),) -> 32 | H75: =MATCH($A75,INDIRECT("'"&H$67&"'!A:A"),) -> 36 | I75: =MATCH($A75,INDIRECT("'"&I$67&"'!A:A"),) -> 35 | J75: =MATCH($A75,INDIRECT("'"&J$67&"'!A:A"),) -> 40 | K75: =MATCH($A75,INDIRECT("'"&K$67&"'!A:A"),) -> 40 | L75: =MATCH($A75,INDIRECT("'"&L$67&"'!A:A"),) -> 41 | ... P75: =MATCH($A75,INDIRECT("'"&P$67&"'!A:A"),) -> 32 | V75: {=IF(ISNA(E75),,OFFSET(INDIRECT("'"&V$67&"'!d1"),E75-1,))} -> 4 | W75: {=IF(ISNA(F75),,OFFSET(INDIRECT("'"&W$67&"'!d1"),F75-1,))} -> 4 | X75: {=IF(ISNA(G75),,OFFSET(INDIRECT("'"&X$67&"'!d1"),G75-1,))} -> 4 | Y75: {=IF(ISNA(H75),,OFFSET(INDIRECT("'"&Y$67&"'!d1"),H75-1,))} -> 4 | Z75: {=IF(ISNA(I75),,OFFSET(INDIRECT("'"&Z$67&"'!d1"),I75-1,))} -> 4 | AA75: {=IF(ISNA(J75),,OFFSET(INDIRECT("'"&AA$67&"'!d1"),J75-1,))} -> 4 | AB75: {=IF(ISNA(K75),,OFFSET(INDIRECT("'"&AB$67&"'!d1"),K75-1,))} -> 4 | AC75: {=IF(ISNA(L75),,OFFSET(INDIRECT("'"&AC$67&"'!d1"),L75-1,))} -> 4 | ... AG75: {=IF(ISNA(P75),,OFFSET(INDIRECT("'"&AG$67&"'!d1"),P75-1,))} -> 4 | AM75: =IF(DC75>= $N$3,0,BD75) -> 1 | AN75: =IF(DD75>= $N$3,0,BE75) -> 1 | AO75: =IF(DE75>= $N$3,0,BF75) -> 1 | AP75: =IF(DF75>= $N$3,0,BG75) -> 1 | AQ75: =IF(DG75*1>= $N$3,0,BH75) -> 1 | AV75: =IF(AM75=1,CL75=1,"") -> TRUE | AW75: =IF(AN75=1,CM75=1,"") -> TRUE | AX75: =IF(AO75=1,CN75=1,"") -> TRUE | AY75: =IF(AP75=1,CO75=1,"") -> TRUE | AZ75: =IF(AQ75=1,CP75=1,"") -> TRUE | BD75: =IF(AND(V75>0,V75<$B75),1,0) -> 1 | BE75: =IF(AND(W75>0,W75<$B75),1,0) -> 1 | BF75: =IF(AND(X75>0,X75<$B75),1,0) -> 1 | BG75: =IF(AND(Y75>0,Y75<$B75),1,0) -> 1 | BH75: =IF(AND(Z75>0,Z75<$B75),1,0) -> 1 | BI75: =IF(AND(AA75>0,AA75<$B75),1,0) -> 1 | BJ75: =IF(AND(AB75>0,AB75<$B75),1,0) -> 1 | BK75: =IF(AND(AC75>0,AC75<$B75),1,0) -> 1 | ... BO75: =IF(AND(AG75>0,AG75<$B75),1,0) -> 1 | BU75: =IF(BD75,V75,$B75) -> 4 | BV75: =IF(BE75,W75,$B75) -> 4 | BW75: =IF(BF75,X75,$B75) -> 4 | BX75: =IF(BG75,Y75,$B75) -> 4 | BY75: =IF(BH75,Z75,$B75) -> 4 | BZ75: =IF(BI75,AA75,$B75) -> 4 | CA75: =IF(BJ75,AB75,$B75) -> 4 | CB75: =IF(BK75,AC75,$B75) -> 4 | ... CF75: =IF(BO75,AG75,$B75) -> 4 | CL75: =IF(BU75=$C75,1,0) -> 1 | CM75: =IF(BV75=$C75,1,0) -> 1 | CN75: =IF(BW75=$C75,1,0) -> 1 | CO75: =IF(BX75=$C75,1,0) -> 1 | CP75: =IF(BY75=$C75,1,0) -> 1 | CQ75: =IF(BZ75=$C75,1,0) -> 1 | CR75: =IF(CA75=$C75,1,0) -> 1 | CS75: =IF(CB75=$C75,1,0) -> 1 | ... CW75: =IF(CF75=$C75,1,0) -> 1 | DC75: {=IF(ISNA(E75),,OFFSET(INDIRECT("'"&DT$67&"'!f1"),E75-1,))*1} -> 0.063373277 | DD75: {=IF(ISNA(F75),,OFFSET(INDIRECT("'"&DU$67&"'!f1"),F75-1,))*1} -> 0.15932862 | DE75: {=IF(ISNA(G75),,OFFSET(INDIRECT("'"&DV$67&"'!f1"),G75-1,))*1} -> 0.042717428 | DF75: {=IF(ISNA(H75),,OFFSET(INDIRECT("'"&DW$67&"'!f1"),H75-1,))*1} -> 0.014279019 | DG75: {=IF(ISNA(I75),,OFFSET(INDIRECT("'"&DX$67&"'!f1"),I75-1,))*1} -> 0.052589167 | DH75: {=IF(ISNA(J75),,OFFSET(INDIRECT("'"&DY$67&"'!f1"),J75-1,))*1} -> 0.074420775 | DI75: {=IF(ISNA(K75),,OFFSET(INDIRECT("'"&DZ$67&"'!f1"),K75-1,))*1} -> 1.3009775 | DJ75: {=IF(ISNA(L75),,OFFSET(INDIRECT("'"&EA$67&"'!f1"),L75-1,))*1} -> 1.7418523 | ... DN75: {=IF(ISNA(P75),,OFFSET(INDIRECT("'"&EE$67&"'!f1"),P75-1,))*1} -> 0.0035501271 | DT75: =IF(CL75,EK75,) -> 1 | DU75: =IF(CM75,EL75,) -> 1 | DV75: =IF(CN75,EM75,) -> 1 | DW75: =IF(CO75,EN75,) -> 1 | DX75: =IF(CP75,EO75,) -> 1 | DY75: =IF(CQ75,EP75,) -> 1 | DZ75: =IF(CR75,EQ75,) -> 9987 | EA75: =IF(CS75,ER75,) -> 10000 | ... EE75: =IF(CW75,EV75,) -> 2 | EK75: {=IF(ISNA(E75),0,OFFSET(INDIRECT("'"&EK$67&"'!g1"),E75-1,)*CL75)} -> 1 | EL75: {=IF(ISNA(F75),0,OFFSET(INDIRECT("'"&EL$67&"'!g1"),F75-1,)*CM75)} -> 1 | EM75: {=IF(ISNA(G75),0,OFFSET(INDIRECT("'"&EM$67&"'!g1"),G75-1,)*CN75)} -> 1 | EN75: {=IF(ISNA(H75),0,OFFSET(INDIRECT("'"&EN$67&"'!g1"),H75-1,)*CO75)} -> 1 | EO75: {=IF(ISNA(I75),0,OFFSET(INDIRECT("'"&EO$67&"'!g1"),I75-1,)*CP75)} -> 1 | EP75: {=IF(ISNA(J75),0,OFFSET(INDIRECT("'"&EP$67&"'!g1"),J75-1,)*CQ75)} -> 1 | EQ75: {=IF(ISNA(K75),0,OFFSET(INDIRECT("'"&EQ$67&"'!g1"),K75-1,)*CR75)} -> 9987 | ER75: {=IF(ISNA(L75),0,OFFSET(INDIRECT("'"&ER$67&"'!g1"),L75-1,)*CS75)} -> 10000 | ... EV75: {=IF(ISNA(P75),0,OFFSET(INDIRECT("'"&EV$67&"'!g1"),P75-1,)*CW75)} -> 2 | FB75: {=IF(ISNA(E75),0,OFFSET(INDIRECT("'"&EK$67&"'!h1"),E75-1,))} -> 1 | FC75: {=IF(ISNA(F75),0,OFFSET(INDIRECT("'"&EL$67&"'!h1"),F75-1,))} -> 1 | FD75: {=IF(ISNA(G75),0,OFFSET(INDIRECT("'"&EM$67&"'!h1"),G75-1,))} -> 1 | FE75: {=IF(ISNA(H75),0,OFFSET(INDIRECT("'"&EN$67&"'!h1"),H75-1,))} -> 1 | FF75: {=IF(ISNA(I75),0,OFFSET(INDIRECT("'"&EO$67&"'!h1"),I75-1,))} -> 1 | FG75: {=IF(ISNA(J75),0,OFFSET(INDIRECT("'"&EP$67&"'!h1"),J75-1,))} -> 1 | FH75: {=IF(ISNA(K75),0,OFFSET(INDIRECT("'"&EQ$67&"'!h1"),K75-1,))} -> 10000 | FI75: {=IF(ISNA(L75),0,OFFSET(INDIRECT("'"&ER$67&"'!h1"),L75-1,))} -> 10000 | ... FM75: {=IF(ISNA(P75),0,OFFSET(INDIRECT("'"&EV$67&"'!h1"),P75-1,))} -> 2 | FS75: =B75 -> 10 | FT75: =OFFSET($DC75,,$FT$66-1) -> 1.3009775 | FU75: =OFFSET($DT75,,$FT$66-1) -> 9987 | FV75: =OFFSET($FB75,,$FT$66-1) -> 10000 | FW75: =IF(FV75,FU75/FV75,NA()) -> 0.9987 | FX75: =IF(FU75,FT75/FU75,NA()) -> 0.0001302671 | FZ75: =GN75 -> 10 | GA75: =IF(BD75,(BU75-$C75)/$C75,NA()) -> 0 | GB75: =IF(BE75,(BV75-$C75)/$C75,NA()) -> 0 | GC75: =IF(BF75,(BW75-$C75)/$C75,NA()) -> 0 | GD75: =IF(BG75,(BX75-$C75)/$C75,NA()) -> 0 | GE75: =IF(BH75,(BY75-$C75)/$C75,NA()) -> 0 | GF75: =IF(BI75,(BZ75-$C75)/$C75,NA()) -> 0 | GG75: =IF(BJ75,(CA75-$C75)/$C75,NA()) -> 0 | GH75: =IF(BK75,(CB75-$C75)/$C75,NA()) -> 0 | ... GL75: =IF(BO75,(CF75-$C75)/$C75,NA()) -> 0 | GN75: =B75 -> 10 | GO75: =IF(AND(AM75>0,DT75>0),DC75/DT75,NA()) -> 0.063373277 | GP75: =IF(AND(AN75>0,DU75>0),DD75/DU75,NA()) -> 0.15932862 | GQ75: =IF(AND(AO75>0,DV75>0),DE75/DV75,NA()) -> 0.042717428 | GR75: =IF(AND(AP75>0,DW75>0),DF75/DW75,NA()) -> 0.014279019 | GS75: =IF(AND(AQ75>0,DX75>0),DG75/DX75,NA()) -> 0.052589167 | GT75: =IF(DY75>0,DH75/DY75,NA()) -> 0.074420775 | GU75: =IF(DZ75>0,DI75/DZ75,NA()) -> 0.0001302671 | GV75: =IF(EA75>0,DJ75/EA75,NA()) -> 0.00017418523 | GW75: =IF(EB75>0,DK75/EB75,NA()) -> 0.0022563469 | GX75: =IF(EC75>0,DL75/EC75,NA()) -> #N/A | GY75: =IF(ED75>0,DM75/ED75,NA()) -> 0.010689431 | GZ75: =IF(EE75>0,DN75/EE75,NA()) -> 0.0017750636 | HB75: =GN75 -> 10 | HC75: =IF(FB75,DT75/FB75,) -> 1 | HD75: =IF(FC75,DU75/FC75,) -> 1 | HE75: =IF(FD75,DV75/FD75,) -> 1 | HF75: =IF(FE75,DW75/FE75,) -> 1 | HG75: =IF(FF75,DX75/FF75,) -> 1 | HH75: =IF(FG75,DY75/FG75,) -> 1 | HI75: =IF(FH75,DZ75/FH75,) -> 0.9987 | HJ75: =IF(FI75,EA75/FI75,) -> 1 | ... HN75: =IF(FM75,EE75/FM75,) -> 1
A76: {=INDIRECT($A$67&"!A"&ROW(C9)+$B$64)} -> [[11,1,5]] | B76: {=INDIRECT($A$67&"!b"&ROW(D9)+$B$64)} -> 11 | C76: =MIN(INDIRECT($A$67&"!d"&ROW(E9)+$B$64),BU76:CG76) -> 5 | E76: =MATCH($A76,INDIRECT("'"&E$67&"'!A:A"),) -> 33 | F76: =MATCH($A76,INDIRECT("'"&F$67&"'!A:A"),) -> 34 | G76: =MATCH($A76,INDIRECT("'"&G$67&"'!A:A"),) -> 33 | H76: =MATCH($A76,INDIRECT("'"&H$67&"'!A:A"),) -> 37 | I76: =MATCH($A76,INDIRECT("'"&I$67&"'!A:A"),) -> 36 | J76: =MATCH($A76,INDIRECT("'"&J$67&"'!A:A"),) -> 41 | K76: =MATCH($A76,INDIRECT("'"&K$67&"'!A:A"),) -> 41 | L76: =MATCH($A76,INDIRECT("'"&L$67&"'!A:A"),) -> 42 | ... P76: =MATCH($A76,INDIRECT("'"&P$67&"'!A:A"),) -> 33 | V76: {=IF(ISNA(E76),,OFFSET(INDIRECT("'"&V$67&"'!d1"),E76-1,))} -> 5 | W76: {=IF(ISNA(F76),,OFFSET(INDIRECT("'"&W$67&"'!d1"),F76-1,))} -> 5 | X76: {=IF(ISNA(G76),,OFFSET(INDIRECT("'"&X$67&"'!d1"),G76-1,))} -> 5 | Y76: {=IF(ISNA(H76),,OFFSET(INDIRECT("'"&Y$67&"'!d1"),H76-1,))} -> 5 | Z76: {=IF(ISNA(I76),,OFFSET(INDIRECT("'"&Z$67&"'!d1"),I76-1,))} -> 5 | AA76: {=IF(ISNA(J76),,OFFSET(INDIRECT("'"&AA$67&"'!d1"),J76-1,))} -> 5 | AB76: {=IF(ISNA(K76),,OFFSET(INDIRECT("'"&AB$67&"'!d1"),K76-1,))} -> 5 | AC76: {=IF(ISNA(L76),,OFFSET(INDIRECT("'"&AC$67&"'!d1"),L76-1,))} -> 5 | ... AG76: {=IF(ISNA(P76),,OFFSET(INDIRECT("'"&AG$67&"'!d1"),P76-1,))} -> 5 | AM76: =IF(DC76>= $N$3,0,BD76) -> 1 | AN76: =IF(DD76>= $N$3,0,BE76) -> 1 | AO76: =IF(DE76>= $N$3,0,BF76) -> 1 | AP76: =IF(DF76>= $N$3,0,BG76) -> 1 | AQ76: =IF(DG76*1>= $N$3,0,BH76) -> 1 | AV76: =IF(AM76=1,CL76=1,"") -> TRUE | AW76: =IF(AN76=1,CM76=1,"") -> TRUE | AX76: =IF(AO76=1,CN76=1,"") -> TRUE | AY76: =IF(AP76=1,CO76=1,"") -> TRUE | AZ76: =IF(AQ76=1,CP76=1,"") -> TRUE | BD76: =IF(AND(V76>0,V76<$B76),1,0) -> 1 | BE76: =IF(AND(W76>0,W76<$B76),1,0) -> 1 | BF76: =IF(AND(X76>0,X76<$B76),1,0) -> 1 | BG76: =IF(AND(Y76>0,Y76<$B76),1,0) -> 1 | BH76: =IF(AND(Z76>0,Z76<$B76),1,0) -> 1 | BI76: =IF(AND(AA76>0,AA76<$B76),1,0) -> 1 | BJ76: =IF(AND(AB76>0,AB76<$B76),1,0) -> 1 | BK76: =IF(AND(AC76>0,AC76<$B76),1,0) -> 1 | ... BO76: =IF(AND(AG76>0,AG76<$B76),1,0) -> 1 | BU76: =IF(BD76,V76,$B76) -> 5 | BV76: =IF(BE76,W76,$B76) -> 5 | BW76: =IF(BF76,X76,$B76) -> 5 | BX76: =IF(BG76,Y76,$B76) -> 5 | BY76: =IF(BH76,Z76,$B76) -> 5 | BZ76: =IF(BI76,AA76,$B76) -> 5 | CA76: =IF(BJ76,AB76,$B76) -> 5 | CB76: =IF(BK76,AC76,$B76) -> 5 | ... CF76: =IF(BO76,AG76,$B76) -> 5 | CL76: =IF(BU76=$C76,1,0) -> 1 | CM76: =IF(BV76=$C76,1,0) -> 1 | CN76: =IF(BW76=$C76,1,0) -> 1 | CO76: =IF(BX76=$C76,1,0) -> 1 | CP76: =IF(BY76=$C76,1,0) -> 1 | CQ76: =IF(BZ76=$C76,1,0) -> 1 | CR76: =IF(CA76=$C76,1,0) -> 1 | CS76: =IF(CB76=$C76,1,0) -> 1 | ... CW76: =IF(CF76=$C76,1,0) -> 1 | DC76: {=IF(ISNA(E76),,OFFSET(INDIRECT("'"&DT$67&"'!f1"),E76-1,))*1} -> 0.083773401 | DD76: {=IF(ISNA(F76),,OFFSET(INDIRECT("'"&DU$67&"'!f1"),F76-1,))*1} -> 0.29138261 | DE76: {=IF(ISNA(G76),,OFFSET(INDIRECT("'"&DV$67&"'!f1"),G76-1,))*1} -> 0.076803989 | DF76: {=IF(ISNA(H76),,OFFSET(INDIRECT("'"&DW$67&"'!f1"),H76-1,))*1} -> 0.01594353 | DG76: {=IF(ISNA(I76),,OFFSET(INDIRECT("'"&DX$67&"'!f1"),I76-1,))*1} -> 0.052994916 | DH76: {=IF(ISNA(J76),,OFFSET(INDIRECT("'"&DY$67&"'!f1"),J76-1,))*1} -> 0.073163796 | DI76: {=IF(ISNA(K76),,OFFSET(INDIRECT("'"&DZ$67&"'!f1"),K76-1,))*1} -> 1.7889357 | DJ76: {=IF(ISNA(L76),,OFFSET(INDIRECT("'"&EA$67&"'!f1"),L76-1,))*1} -> 2.0059989 | ... DN76: {=IF(ISNA(P76),,OFFSET(INDIRECT("'"&EE$67&"'!f1"),P76-1,))*1} -> 0.012711838 | DT76: =IF(CL76,EK76,) -> 1 | DU76: =IF(CM76,EL76,) -> 1 | DV76: =IF(CN76,EM76,) -> 1 | DW76: =IF(CO76,EN76,) -> 1 | DX76: =IF(CP76,EO76,) -> 1 | DY76: =IF(CQ76,EP76,) -> 1 | DZ76: =IF(CR76,EQ76,) -> 10000 | EA76: =IF(CS76,ER76,) -> 10000 | ... EE76: =IF(CW76,EV76,) -> 2 | EK76: {=IF(ISNA(E76),0,OFFSET(INDIRECT("'"&EK$67&"'!g1"),E76-1,)*CL76)} -> 1 | EL76: {=IF(ISNA(F76),0,OFFSET(INDIRECT("'"&EL$67&"'!g1"),F76-1,)*CM76)} -> 1 | EM76: {=IF(ISNA(G76),0,OFFSET(INDIRECT("'"&EM$67&"'!g1"),G76-1,)*CN76)} -> 1 | EN76: {=IF(ISNA(H76),0,OFFSET(INDIRECT("'"&EN$67&"'!g1"),H76-1,)*CO76)} -> 1 | EO76: {=IF(ISNA(I76),0,OFFSET(INDIRECT("'"&EO$67&"'!g1"),I76-1,)*CP76)} -> 1 | EP76: {=IF(ISNA(J76),0,OFFSET(INDIRECT("'"&EP$67&"'!g1"),J76-1,)*CQ76)} -> 1 | EQ76: {=IF(ISNA(K76),0,OFFSET(INDIRECT("'"&EQ$67&"'!g1"),K76-1,)*CR76)} -> 10000 | ER76: {=IF(ISNA(L76),0,OFFSET(INDIRECT("'"&ER$67&"'!g1"),L76-1,)*CS76)} -> 10000 | ... EV76: {=IF(ISNA(P76),0,OFFSET(INDIRECT("'"&EV$67&"'!g1"),P76-1,)*CW76)} -> 2 | FB76: {=IF(ISNA(E76),0,OFFSET(INDIRECT("'"&EK$67&"'!h1"),E76-1,))} -> 1 | FC76: {=IF(ISNA(F76),0,OFFSET(INDIRECT("'"&EL$67&"'!h1"),F76-1,))} -> 1 | FD76: {=IF(ISNA(G76),0,OFFSET(INDIRECT("'"&EM$67&"'!h1"),G76-1,))} -> 1 | FE76: {=IF(ISNA(H76),0,OFFSET(INDIRECT("'"&EN$67&"'!h1"),H76-1,))} -> 1 | FF76: {=IF(ISNA(I76),0,OFFSET(INDIRECT("'"&EO$67&"'!h1"),I76-1,))} -> 1 | FG76: {=IF(ISNA(J76),0,OFFSET(INDIRECT("'"&EP$67&"'!h1"),J76-1,))} -> 1 | FH76: {=IF(ISNA(K76),0,OFFSET(INDIRECT("'"&EQ$67&"'!h1"),K76-1,))} -> 10000 | FI76: {=IF(ISNA(L76),0,OFFSET(INDIRECT("'"&ER$67&"'!h1"),L76-1,))} -> 10000 | ... FM76: {=IF(ISNA(P76),0,OFFSET(INDIRECT("'"&EV$67&"'!h1"),P76-1,))} -> 4 | FS76: =B76 -> 11 | FT76: =OFFSET($DC76,,$FT$66-1) -> 1.7889357 | FU76: =OFFSET($DT76,,$FT$66-1) -> 10000 | FV76: =OFFSET($FB76,,$FT$66-1) -> 10000 | FW76: =IF(FV76,FU76/FV76,NA()) -> 1 | FX76: =IF(FU76,FT76/FU76,NA()) -> 0.00017889357 | FZ76: =GN76 -> 11 | GA76: =IF(BD76,(BU76-$C76)/$C76,NA()) -> 0 | GB76: =IF(BE76,(BV76-$C76)/$C76,NA()) -> 0 | GC76: =IF(BF76,(BW76-$C76)/$C76,NA()) -> 0 | GD76: =IF(BG76,(BX76-$C76)/$C76,NA()) -> 0 | GE76: =IF(BH76,(BY76-$C76)/$C76,NA()) -> 0 | GF76: =IF(BI76,(BZ76-$C76)/$C76,NA()) -> 0 | GG76: =IF(BJ76,(CA76-$C76)/$C76,NA()) -> 0 | GH76: =IF(BK76,(CB76-$C76)/$C76,NA()) -> 0 | ... GL76: =IF(BO76,(CF76-$C76)/$C76,NA()) -> 0 | GN76: =B76 -> 11 | GO76: =IF(AND(AM76>0,DT76>0),DC76/DT76,NA()) -> 0.083773401 | GP76: =IF(AND(AN76>0,DU76>0),DD76/DU76,NA()) -> 0.29138261 | GQ76: =IF(AND(AO76>0,DV76>0),DE76/DV76,NA()) -> 0.076803989 | GR76: =IF(AND(AP76>0,DW76>0),DF76/DW76,NA()) -> 0.01594353 | GS76: =IF(AND(AQ76>0,DX76>0),DG76/DX76,NA()) -> 0.052994916 | GT76: =IF(DY76>0,DH76/DY76,NA()) -> 0.073163796 | GU76: =IF(DZ76>0,DI76/DZ76,NA()) -> 0.00017889357 | GV76: =IF(EA76>0,DJ76/EA76,NA()) -> 0.00020059989 | GW76: =IF(EB76>0,DK76/EB76,NA()) -> 0.0025773481 | GX76: =IF(EC76>0,DL76/EC76,NA()) -> #N/A | GY76: =IF(ED76>0,DM76/ED76,NA()) -> #N/A | GZ76: =IF(EE76>0,DN76/EE76,NA()) -> 0.0063559189 | HB76: =GN76 -> 11 | HC76: =IF(FB76,DT76/FB76,) -> 1 | HD76: =IF(FC76,DU76/FC76,) -> 1 | HE76: =IF(FD76,DV76/FD76,) -> 1 | HF76: =IF(FE76,DW76/FE76,) -> 1 | HG76: =IF(FF76,DX76/FF76,) -> 1 | HH76: =IF(FG76,DY76/FG76,) -> 1 | HI76: =IF(FH76,DZ76/FH76,) -> 1 | HJ76: =IF(FI76,EA76/FI76,) -> 1 | ... HN76: =IF(FM76,EE76/FM76,) -> 0.5
A77: {=INDIRECT($A$67&"!A"&ROW(C10)+$B$64)} -> [[12,6,3]] | B77: {=INDIRECT($A$67&"!b"&ROW(D10)+$B$64)} -> 12 | C77: =MIN(INDIRECT($A$67&"!d"&ROW(E10)+$B$64),BU77:CG77) -> 3 | E77: =MATCH($A77,INDIRECT("'"&E$67&"'!A:A"),) -> 34 | F77: =MATCH($A77,INDIRECT("'"&F$67&"'!A:A"),) -> 35 | G77: =MATCH($A77,INDIRECT("'"&G$67&"'!A:A"),) -> 34 | H77: =MATCH($A77,INDIRECT("'"&H$67&"'!A:A"),) -> 38 | I77: =MATCH($A77,INDIRECT("'"&I$67&"'!A:A"),) -> 37 | J77: =MATCH($A77,INDIRECT("'"&J$67&"'!A:A"),) -> 42 | K77: =MATCH($A77,INDIRECT("'"&K$67&"'!A:A"),) -> 42 | L77: =MATCH($A77,INDIRECT("'"&L$67&"'!A:A"),) -> 43 | ... P77: =MATCH($A77,INDIRECT("'"&P$67&"'!A:A"),) -> 34 | V77: {=IF(ISNA(E77),,OFFSET(INDIRECT("'"&V$67&"'!d1"),E77-1,))} -> 3 | W77: {=IF(ISNA(F77),,OFFSET(INDIRECT("'"&W$67&"'!d1"),F77-1,))} -> 3 | X77: {=IF(ISNA(G77),,OFFSET(INDIRECT("'"&X$67&"'!d1"),G77-1,))} -> 3 | Y77: {=IF(ISNA(H77),,OFFSET(INDIRECT("'"&Y$67&"'!d1"),H77-1,))} -> 3 | Z77: {=IF(ISNA(I77),,OFFSET(INDIRECT("'"&Z$67&"'!d1"),I77-1,))} -> 3 | AA77: {=IF(ISNA(J77),,OFFSET(INDIRECT("'"&AA$67&"'!d1"),J77-1,))} -> 3 | AB77: {=IF(ISNA(K77),,OFFSET(INDIRECT("'"&AB$67&"'!d1"),K77-1,))} -> 3 | AC77: {=IF(ISNA(L77),,OFFSET(INDIRECT("'"&AC$67&"'!d1"),L77-1,))} -> 3 | ... AG77: {=IF(ISNA(P77),,OFFSET(INDIRECT("'"&AG$67&"'!d1"),P77-1,))} -> 3 | AM77: =IF(DC77>= $N$3,0,BD77) -> 1 | AN77: =IF(DD77>= $N$3,0,BE77) -> 1 | AO77: =IF(DE77>= $N$3,0,BF77) -> 1 | AP77: =IF(DF77>= $N$3,0,BG77) -> 1 | AQ77: =IF(DG77*1>= $N$3,0,BH77) -> 1 | AV77: =IF(AM77=1,CL77=1,"") -> TRUE | AW77: =IF(AN77=1,CM77=1,"") -> TRUE | AX77: =IF(AO77=1,CN77=1,"") -> TRUE | AY77: =IF(AP77=1,CO77=1,"") -> TRUE | AZ77: =IF(AQ77=1,CP77=1,"") -> TRUE | BD77: =IF(AND(V77>0,V77<$B77),1,0) -> 1 | BE77: =IF(AND(W77>0,W77<$B77),1,0) -> 1 | BF77: =IF(AND(X77>0,X77<$B77),1,0) -> 1 | BG77: =IF(AND(Y77>0,Y77<$B77),1,0) -> 1 | BH77: =IF(AND(Z77>0,Z77<$B77),1,0) -> 1 | BI77: =IF(AND(AA77>0,AA77<$B77),1,0) -> 1 | BJ77: =IF(AND(AB77>0,AB77<$B77),1,0) -> 1 | BK77: =IF(AND(AC77>0,AC77<$B77),1,0) -> 1 | ... BO77: =IF(AND(AG77>0,AG77<$B77),1,0) -> 1 | BU77: =IF(BD77,V77,$B77) -> 3 | BV77: =IF(BE77,W77,$B77) -> 3 | BW77: =IF(BF77,X77,$B77) -> 3 | BX77: =IF(BG77,Y77,$B77) -> 3 | BY77: =IF(BH77,Z77,$B77) -> 3 | BZ77: =IF(BI77,AA77,$B77) -> 3 | CA77: =IF(BJ77,AB77,$B77) -> 3 | CB77: =IF(BK77,AC77,$B77) -> 3 | ... CF77: =IF(BO77,AG77,$B77) -> 3 | CL77: =IF(BU77=$C77,1,0) -> 1 | CM77: =IF(BV77=$C77,1,0) -> 1 | CN77: =IF(BW77=$C77,1,0) -> 1 | CO77: =IF(BX77=$C77,1,0) -> 1 | CP77: =IF(BY77=$C77,1,0) -> 1 | CQ77: =IF(BZ77=$C77,1,0) -> 1 | CR77: =IF(CA77=$C77,1,0) -> 1 | CS77: =IF(CB77=$C77,1,0) -> 1 | ... CW77: =IF(CF77=$C77,1,0) -> 1 | DC77: {=IF(ISNA(E77),,OFFSET(INDIRECT("'"&DT$67&"'!f1"),E77-1,))*1} -> 0.043239481 | DD77: {=IF(ISNA(F77),,OFFSET(INDIRECT("'"&DU$67&"'!f1"),F77-1,))*1} -> 0.22493944 | DE77: {=IF(ISNA(G77),,OFFSET(INDIRECT("'"&DV$67&"'!f1"),G77-1,))*1} -> 0.025352247 | DF77: {=IF(ISNA(H77),,OFFSET(INDIRECT("'"&DW$67&"'!f1"),H77-1,))*1} -> 0.013633458 | DG77: {=IF(ISNA(I77),,OFFSET(INDIRECT("'"&DX$67&"'!f1"),I77-1,))*1} -> 0.052198792 | DH77: {=IF(ISNA(J77),,OFFSET(INDIRECT("'"&DY$67&"'!f1"),J77-1,))*1} -> 0.063535203 | DI77: {=IF(ISNA(K77),,OFFSET(INDIRECT("'"&DZ$67&"'!f1"),K77-1,))*1} -> 1.9401358 | DJ77: {=IF(ISNA(L77),,OFFSET(INDIRECT("'"&EA$67&"'!f1"),L77-1,))*1} -> 2.0994773 | ... DN77: {=IF(ISNA(P77),,OFFSET(INDIRECT("'"&EE$67&"'!f1"),P77-1,))*1} -> 0.0058512166 | DT77: =IF(CL77,EK77,) -> 1 | DU77: =IF(CM77,EL77,) -> 1 | DV77: =IF(CN77,EM77,) -> 1 | DW77: =IF(CO77,EN77,) -> 1 | DX77: =IF(CP77,EO77,) -> 1 | DY77: =IF(CQ77,EP77,) -> 1 | DZ77: =IF(CR77,EQ77,) -> 9995 | EA77: =IF(CS77,ER77,) -> 9999 | ... EE77: =IF(CW77,EV77,) -> 2 | EK77: {=IF(ISNA(E77),0,OFFSET(INDIRECT("'"&EK$67&"'!g1"),E77-1,)*CL77)} -> 1 | EL77: {=IF(ISNA(F77),0,OFFSET(INDIRECT("'"&EL$67&"'!g1"),F77-1,)*CM77)} -> 1 | EM77: {=IF(ISNA(G77),0,OFFSET(INDIRECT("'"&EM$67&"'!g1"),G77-1,)*CN77)} -> 1 | EN77: {=IF(ISNA(H77),0,OFFSET(INDIRECT("'"&EN$67&"'!g1"),H77-1,)*CO77)} -> 1 | EO77: {=IF(ISNA(I77),0,OFFSET(INDIRECT("'"&EO$67&"'!g1"),I77-1,)*CP77)} -> 1 | EP77: {=IF(ISNA(J77),0,OFFSET(INDIRECT("'"&EP$67&"'!g1"),J77-1,)*CQ77)} -> 1 | EQ77: {=IF(ISNA(K77),0,OFFSET(INDIRECT("'"&EQ$67&"'!g1"),K77-1,)*CR77)} -> 9995 | ER77: {=IF(ISNA(L77),0,OFFSET(INDIRECT("'"&ER$67&"'!g1"),L77-1,)*CS77)} -> 9999 | ... EV77: {=IF(ISNA(P77),0,OFFSET(INDIRECT("'"&EV$67&"'!g1"),P77-1,)*CW77)} -> 2 | FB77: {=IF(ISNA(E77),0,OFFSET(INDIRECT("'"&EK$67&"'!h1"),E77-1,))} -> 1 | FC77: {=IF(ISNA(F77),0,OFFSET(INDIRECT("'"&EL$67&"'!h1"),F77-1,))} -> 1 | FD77: {=IF(ISNA(G77),0,OFFSET(INDIRECT("'"&EM$67&"'!h1"),G77-1,))} -> 1 | FE77: {=IF(ISNA(H77),0,OFFSET(INDIRECT("'"&EN$67&"'!h1"),H77-1,))} -> 1 | FF77: {=IF(ISNA(I77),0,OFFSET(INDIRECT("'"&EO$67&"'!h1"),I77-1,))} -> 1 | FG77: {=IF(ISNA(J77),0,OFFSET(INDIRECT("'"&EP$67&"'!h1"),J77-1,))} -> 1 | FH77: {=IF(ISNA(K77),0,OFFSET(INDIRECT("'"&EQ$67&"'!h1"),K77-1,))} -> 10000 | FI77: {=IF(ISNA(L77),0,OFFSET(INDIRECT("'"&ER$67&"'!h1"),L77-1,))} -> 10000 | ... FM77: {=IF(ISNA(P77),0,OFFSET(INDIRECT("'"&EV$67&"'!h1"),P77-1,))} -> 2 | FS77: =B77 -> 12 | FT77: =OFFSET($DC77,,$FT$66-1) -> 1.9401358 | FU77: =OFFSET($DT77,,$FT$66-1) -> 9995 | FV77: =OFFSET($FB77,,$FT$66-1) -> 10000 | FW77: =IF(FV77,FU77/FV77,NA()) -> 0.9995 | FX77: =IF(FU77,FT77/FU77,NA()) -> 0.00019411064 | FZ77: =GN77 -> 12 | GA77: =IF(BD77,(BU77-$C77)/$C77,NA()) -> 0 | GB77: =IF(BE77,(BV77-$C77)/$C77,NA()) -> 0 | GC77: =IF(BF77,(BW77-$C77)/$C77,NA()) -> 0 | GD77: =IF(BG77,(BX77-$C77)/$C77,NA()) -> 0 | GE77: =IF(BH77,(BY77-$C77)/$C77,NA()) -> 0 | GF77: =IF(BI77,(BZ77-$C77)/$C77,NA()) -> 0 | GG77: =IF(BJ77,(CA77-$C77)/$C77,NA()) -> 0 | GH77: =IF(BK77,(CB77-$C77)/$C77,NA()) -> 0 | ... GL77: =IF(BO77,(CF77-$C77)/$C77,NA()) -> 0 | GN77: =B77 -> 12 | GO77: =IF(AND(AM77>0,DT77>0),DC77/DT77,NA()) -> 0.043239481 | GP77: =IF(AND(AN77>0,DU77>0),DD77/DU77,NA()) -> 0.22493944 | GQ77: =IF(AND(AO77>0,DV77>0),DE77/DV77,NA()) -> 0.025352247 | GR77: =IF(AND(AP77>0,DW77>0),DF77/DW77,NA()) -> 0.013633458 | GS77: =IF(AND(AQ77>0,DX77>0),DG77/DX77,NA()) -> 0.052198792 | GT77: =IF(DY77>0,DH77/DY77,NA()) -> 0.063535203 | GU77: =IF(DZ77>0,DI77/DZ77,NA()) -> 0.00019411064 | GV77: =IF(EA77>0,DJ77/EA77,NA()) -> 0.00020996872 | GW77: =IF(EB77>0,DK77/EB77,NA()) -> 0.0023723222 | GX77: =IF(EC77>0,DL77/EC77,NA()) -> 0.011035135 | GY77: =IF(ED77>0,DM77/ED77,NA()) -> 0.010623207 | GZ77: =IF(EE77>0,DN77/EE77,NA()) -> 0.0029256083 | HB77: =GN77 -> 12 | HC77: =IF(FB77,DT77/FB77,) -> 1 | HD77: =IF(FC77,DU77/FC77,) -> 1 | HE77: =IF(FD77,DV77/FD77,) -> 1 | HF77: =IF(FE77,DW77/FE77,) -> 1 | HG77: =IF(FF77,DX77/FF77,) -> 1 | HH77: =IF(FG77,DY77/FG77,) -> 1 | HI77: =IF(FH77,DZ77/FH77,) -> 0.9995 | HJ77: =IF(FI77,EA77/FI77,) -> 0.9999 | ... HN77: =IF(FM77,EE77/FM77,) -> 1
A78: {=INDIRECT($A$67&"!A"&ROW(C11)+$B$64)} -> [[13,6,3]] | B78: {=INDIRECT($A$67&"!b"&ROW(D11)+$B$64)} -> 13 | C78: =MIN(INDIRECT($A$67&"!d"&ROW(E11)+$B$64),BU78:CG78) -> 3 | E78: =MATCH($A78,INDIRECT("'"&E$67&"'!A:A"),) -> 35 | F78: =MATCH($A78,INDIRECT("'"&F$67&"'!A:A"),) -> 36 | G78: =MATCH($A78,INDIRECT("'"&G$67&"'!A:A"),) -> 35 | H78: =MATCH($A78,INDIRECT("'"&H$67&"'!A:A"),) -> 39 | I78: =MATCH($A78,INDIRECT("'"&I$67&"'!A:A"),) -> 38 | J78: =MATCH($A78,INDIRECT("'"&J$67&"'!A:A"),) -> 43 | K78: =MATCH($A78,INDIRECT("'"&K$67&"'!A:A"),) -> 43 | L78: =MATCH($A78,INDIRECT("'"&L$67&"'!A:A"),) -> 44 | ... P78: =MATCH($A78,INDIRECT("'"&P$67&"'!A:A"),) -> 35 | V78: {=IF(ISNA(E78),,OFFSET(INDIRECT("'"&V$67&"'!d1"),E78-1,))} -> 3 | W78: {=IF(ISNA(F78),,OFFSET(INDIRECT("'"&W$67&"'!d1"),F78-1,))} -> 3 | X78: {=IF(ISNA(G78),,OFFSET(INDIRECT("'"&X$67&"'!d1"),G78-1,))} -> 3 | Y78: {=IF(ISNA(H78),,OFFSET(INDIRECT("'"&Y$67&"'!d1"),H78-1,))} -> 3 | Z78: {=IF(ISNA(I78),,OFFSET(INDIRECT("'"&Z$67&"'!d1"),I78-1,))} -> 3 | AA78: {=IF(ISNA(J78),,OFFSET(INDIRECT("'"&AA$67&"'!d1"),J78-1,))} -> 3 | AB78: {=IF(ISNA(K78),,OFFSET(INDIRECT("'"&AB$67&"'!d1"),K78-1,))} -> 3 | AC78: {=IF(ISNA(L78),,OFFSET(INDIRECT("'"&AC$67&"'!d1"),L78-1,))} -> 3 | ... AG78: {=IF(ISNA(P78),,OFFSET(INDIRECT("'"&AG$67&"'!d1"),P78-1,))} -> 3 | AM78: =IF(DC78>= $N$3,0,BD78) -> 1 | AN78: =IF(DD78>= $N$3,0,BE78) -> 1 | AO78: =IF(DE78>= $N$3,0,BF78) -> 1 | AP78: =IF(DF78>= $N$3,0,BG78) -> 1 | AQ78: =IF(DG78*1>= $N$3,0,BH78) -> 1 | AV78: =IF(AM78=1,CL78=1,"") -> TRUE | AW78: =IF(AN78=1,CM78=1,"") -> TRUE | AX78: =IF(AO78=1,CN78=1,"") -> TRUE | AY78: =IF(AP78=1,CO78=1,"") -> TRUE | AZ78: =IF(AQ78=1,CP78=1,"") -> TRUE | BD78: =IF(AND(V78>0,V78<$B78),1,0) -> 1 | BE78: =IF(AND(W78>0,W78<$B78),1,0) -> 1 | BF78: =IF(AND(X78>0,X78<$B78),1,0) -> 1 | BG78: =IF(AND(Y78>0,Y78<$B78),1,0) -> 1 | BH78: =IF(AND(Z78>0,Z78<$B78),1,0) -> 1 | BI78: =IF(AND(AA78>0,AA78<$B78),1,0) -> 1 | BJ78: =IF(AND(AB78>0,AB78<$B78),1,0) -> 1 | BK78: =IF(AND(AC78>0,AC78<$B78),1,0) -> 1 | ... BO78: =IF(AND(AG78>0,AG78<$B78),1,0) -> 1 | BU78: =IF(BD78,V78,$B78) -> 3 | BV78: =IF(BE78,W78,$B78) -> 3 | BW78: =IF(BF78,X78,$B78) -> 3 | BX78: =IF(BG78,Y78,$B78) -> 3 | BY78: =IF(BH78,Z78,$B78) -> 3 | BZ78: =IF(BI78,AA78,$B78) -> 3 | CA78: =IF(BJ78,AB78,$B78) -> 3 | CB78: =IF(BK78,AC78,$B78) -> 3 | ... CF78: =IF(BO78,AG78,$B78) -> 3 | CL78: =IF(BU78=$C78,1,0) -> 1 | CM78: =IF(BV78=$C78,1,0) -> 1 | CN78: =IF(BW78=$C78,1,0) -> 1 | CO78: =IF(BX78=$C78,1,0) -> 1 | CP78: =IF(BY78=$C78,1,0) -> 1 | CQ78: =IF(BZ78=$C78,1,0) -> 1 | CR78: =IF(CA78=$C78,1,0) -> 1 | CS78: =IF(CB78=$C78,1,0) -> 1 | ... CW78: =IF(CF78=$C78,1,0) -> 1 | DC78: {=IF(ISNA(E78),,OFFSET(INDIRECT("'"&DT$67&"'!f1"),E78-1,))*1} -> 0.05351482 | DD78: {=IF(ISNA(F78),,OFFSET(INDIRECT("'"&DU$67&"'!f1"),F78-1,))*1} -> 0.29314299 | DE78: {=IF(ISNA(G78),,OFFSET(INDIRECT("'"&DV$67&"'!f1"),G78-1,))*1} -> 0.02165185 | DF78: {=IF(ISNA(H78),,OFFSET(INDIRECT("'"&DW$67&"'!f1"),H78-1,))*1} -> 0.013476771 | DG78: {=IF(ISNA(I78),,OFFSET(INDIRECT("'"&DX$67&"'!f1"),I78-1,))*1} -> 0.053350833 | DH78: {=IF(ISNA(J78),,OFFSET(INDIRECT("'"&DY$67&"'!f1"),J78-1,))*1} -> 0.081499826 | DI78: {=IF(ISNA(K78),,OFFSET(INDIRECT("'"&DZ$67&"'!f1"),K78-1,))*1} -> 2.063655 | DJ78: {=IF(ISNA(L78),,OFFSET(INDIRECT("'"&EA$67&"'!f1"),L78-1,))*1} -> 2.1698873 | ... DN78: {=IF(ISNA(P78),,OFFSET(INDIRECT("'"&EE$67&"'!f1"),P78-1,))*1} -> 0.0059120208 | DT78: =IF(CL78,EK78,) -> 1 | DU78: =IF(CM78,EL78,) -> 1 | DV78: =IF(CN78,EM78,) -> 1 | DW78: =IF(CO78,EN78,) -> 1 | DX78: =IF(CP78,EO78,) -> 1 | DY78: =IF(CQ78,EP78,) -> 1 | DZ78: =IF(CR78,EQ78,) -> 9999 | EA78: =IF(CS78,ER78,) -> 9998 | ... EE78: =IF(CW78,EV78,) -> 2 | EK78: {=IF(ISNA(E78),0,OFFSET(INDIRECT("'"&EK$67&"'!g1"),E78-1,)*CL78)} -> 1 | EL78: {=IF(ISNA(F78),0,OFFSET(INDIRECT("'"&EL$67&"'!g1"),F78-1,)*CM78)} -> 1 | EM78: {=IF(ISNA(G78),0,OFFSET(INDIRECT("'"&EM$67&"'!g1"),G78-1,)*CN78)} -> 1 | EN78: {=IF(ISNA(H78),0,OFFSET(INDIRECT("'"&EN$67&"'!g1"),H78-1,)*CO78)} -> 1 | EO78: {=IF(ISNA(I78),0,OFFSET(INDIRECT("'"&EO$67&"'!g1"),I78-1,)*CP78)} -> 1 | EP78: {=IF(ISNA(J78),0,OFFSET(INDIRECT("'"&EP$67&"'!g1"),J78-1,)*CQ78)} -> 1 | EQ78: {=IF(ISNA(K78),0,OFFSET(INDIRECT("'"&EQ$67&"'!g1"),K78-1,)*CR78)} -> 9999 | ER78: {=IF(ISNA(L78),0,OFFSET(INDIRECT("'"&ER$67&"'!g1"),L78-1,)*CS78)} -> 9998 | ... EV78: {=IF(ISNA(P78),0,OFFSET(INDIRECT("'"&EV$67&"'!g1"),P78-1,)*CW78)} -> 2 | FB78: {=IF(ISNA(E78),0,OFFSET(INDIRECT("'"&EK$67&"'!h1"),E78-1,))} -> 1 | FC78: {=IF(ISNA(F78),0,OFFSET(INDIRECT("'"&EL$67&"'!h1"),F78-1,))} -> 1 | FD78: {=IF(ISNA(G78),0,OFFSET(INDIRECT("'"&EM$67&"'!h1"),G78-1,))} -> 1 | FE78: {=IF(ISNA(H78),0,OFFSET(INDIRECT("'"&EN$67&"'!h1"),H78-1,))} -> 1 | FF78: {=IF(ISNA(I78),0,OFFSET(INDIRECT("'"&EO$67&"'!h1"),I78-1,))} -> 1 | FG78: {=IF(ISNA(J78),0,OFFSET(INDIRECT("'"&EP$67&"'!h1"),J78-1,))} -> 1 | FH78: {=IF(ISNA(K78),0,OFFSET(INDIRECT("'"&EQ$67&"'!h1"),K78-1,))} -> 10000 | FI78: {=IF(ISNA(L78),0,OFFSET(INDIRECT("'"&ER$67&"'!h1"),L78-1,))} -> 10000 | ... FM78: {=IF(ISNA(P78),0,OFFSET(INDIRECT("'"&EV$67&"'!h1"),P78-1,))} -> 2 | FS78: =B78 -> 13 | FT78: =OFFSET($DC78,,$FT$66-1) -> 2.063655 | FU78: =OFFSET($DT78,,$FT$66-1) -> 9999 | FV78: =OFFSET($FB78,,$FT$66-1) -> 10000 | FW78: =IF(FV78,FU78/FV78,NA()) -> 0.9999 | FX78: =IF(FU78,FT78/FU78,NA()) -> 0.00020638613 | FZ78: =GN78 -> 13 | GA78: =IF(BD78,(BU78-$C78)/$C78,NA()) -> 0 | GB78: =IF(BE78,(BV78-$C78)/$C78,NA()) -> 0 | GC78: =IF(BF78,(BW78-$C78)/$C78,NA()) -> 0 | GD78: =IF(BG78,(BX78-$C78)/$C78,NA()) -> 0 | GE78: =IF(BH78,(BY78-$C78)/$C78,NA()) -> 0 | GF78: =IF(BI78,(BZ78-$C78)/$C78,NA()) -> 0 | GG78: =IF(BJ78,(CA78-$C78)/$C78,NA()) -> 0 | GH78: =IF(BK78,(CB78-$C78)/$C78,NA()) -> 0 | ... GL78: =IF(BO78,(CF78-$C78)/$C78,NA()) -> 0 | GN78: =B78 -> 13 | GO78: =IF(AND(AM78>0,DT78>0),DC78/DT78,NA()) -> 0.05351482 | GP78: =IF(AND(AN78>0,DU78>0),DD78/DU78,NA()) -> 0.29314299 | GQ78: =IF(AND(AO78>0,DV78>0),DE78/DV78,NA()) -> 0.02165185 | GR78: =IF(AND(AP78>0,DW78>0),DF78/DW78,NA()) -> 0.013476771 | GS78: =IF(AND(AQ78>0,DX78>0),DG78/DX78,NA()) -> 0.053350833 | GT78: =IF(DY78>0,DH78/DY78,NA()) -> 0.081499826 | GU78: =IF(DZ78>0,DI78/DZ78,NA()) -> 0.00020638613 | GV78: =IF(EA78>0,DJ78/EA78,NA()) -> 0.00021703214 | GW78: =IF(EB78>0,DK78/EB78,NA()) -> 0.0023095465 | GX78: =IF(EC78>0,DL78/EC78,NA()) -> 0.010205183 | GY78: =IF(ED78>0,DM78/ED78,NA()) -> 0.008970082 | GZ78: =IF(EE78>0,DN78/EE78,NA()) -> 0.0029560104 | HB78: =GN78 -> 13 | HC78: =IF(FB78,DT78/FB78,) -> 1 | HD78: =IF(FC78,DU78/FC78,) -> 1 | HE78: =IF(FD78,DV78/FD78,) -> 1 | HF78: =IF(FE78,DW78/FE78,) -> 1 | HG78: =IF(FF78,DX78/FF78,) -> 1 | HH78: =IF(FG78,DY78/FG78,) -> 1 | HI78: =IF(FH78,DZ78/FH78,) -> 0.9999 | HJ78: =IF(FI78,EA78/FI78,) -> 0.9998 | ... HN78: =IF(FM78,EE78/FM78,) -> 1
A79: {=INDIRECT($A$67&"!A"&ROW(C12)+$B$64)} -> [[14,2,5]] | B79: {=INDIRECT($A$67&"!b"&ROW(D12)+$B$64)} -> 14 | C79: =MIN(INDIRECT($A$67&"!d"&ROW(E12)+$B$64),BU79:CG79) -> 5 | E79: =MATCH($A79,INDIRECT("'"&E$67&"'!A:A"),) -> 36 | F79: =MATCH($A79,INDIRECT("'"&F$67&"'!A:A"),) -> 37 | G79: =MATCH($A79,INDIRECT("'"&G$67&"'!A:A"),) -> 36 | H79: =MATCH($A79,INDIRECT("'"&H$67&"'!A:A"),) -> 40 | I79: =MATCH($A79,INDIRECT("'"&I$67&"'!A:A"),) -> 39 | J79: =MATCH($A79,INDIRECT("'"&J$67&"'!A:A"),) -> 44 | K79: =MATCH($A79,INDIRECT("'"&K$67&"'!A:A"),) -> 44 | L79: =MATCH($A79,INDIRECT("'"&L$67&"'!A:A"),) -> 45 | ... P79: =MATCH($A79,INDIRECT("'"&P$67&"'!A:A"),) -> 36 | V79: {=IF(ISNA(E79),,OFFSET(INDIRECT("'"&V$67&"'!d1"),E79-1,))} -> 5 | W79: {=IF(ISNA(F79),,OFFSET(INDIRECT("'"&W$67&"'!d1"),F79-1,))} -> 5 | X79: {=IF(ISNA(G79),,OFFSET(INDIRECT("'"&X$67&"'!d1"),G79-1,))} -> 5 | Y79: {=IF(ISNA(H79),,OFFSET(INDIRECT("'"&Y$67&"'!d1"),H79-1,))} -> 5 | Z79: {=IF(ISNA(I79),,OFFSET(INDIRECT("'"&Z$67&"'!d1"),I79-1,))} -> 5 | AA79: {=IF(ISNA(J79),,OFFSET(INDIRECT("'"&AA$67&"'!d1"),J79-1,))} -> 5 | AB79: {=IF(ISNA(K79),,OFFSET(INDIRECT("'"&AB$67&"'!d1"),K79-1,))} -> 5 | AC79: {=IF(ISNA(L79),,OFFSET(INDIRECT("'"&AC$67&"'!d1"),L79-1,))} -> 5 | ... AG79: {=IF(ISNA(P79),,OFFSET(INDIRECT("'"&AG$67&"'!d1"),P79-1,))} -> 5 | AM79: =IF(DC79>= $N$3,0,BD79) -> 1 | AN79: =IF(DD79>= $N$3,0,BE79) -> 1 | AO79: =IF(DE79>= $N$3,0,BF79) -> 1 | AP79: =IF(DF79>= $N$3,0,BG79) -> 1 | AQ79: =IF(DG79*1>= $N$3,0,BH79) -> 1 | AV79: =IF(AM79=1,CL79=1,"") -> TRUE | AW79: =IF(AN79=1,CM79=1,"") -> TRUE | AX79: =IF(AO79=1,CN79=1,"") -> TRUE | AY79: =IF(AP79=1,CO79=1,"") -> TRUE | AZ79: =IF(AQ79=1,CP79=1,"") -> TRUE | BD79: =IF(AND(V79>0,V79<$B79),1,0) -> 1 | BE79: =IF(AND(W79>0,W79<$B79),1,0) -> 1 | BF79: =IF(AND(X79>0,X79<$B79),1,0) -> 1 | BG79: =IF(AND(Y79>0,Y79<$B79),1,0) -> 1 | BH79: =IF(AND(Z79>0,Z79<$B79),1,0) -> 1 | BI79: =IF(AND(AA79>0,AA79<$B79),1,0) -> 1 | BJ79: =IF(AND(AB79>0,AB79<$B79),1,0) -> 1 | BK79: =IF(AND(AC79>0,AC79<$B79),1,0) -> 1 | ... BO79: =IF(AND(AG79>0,AG79<$B79),1,0) -> 1 | BU79: =IF(BD79,V79,$B79) -> 5 | BV79: =IF(BE79,W79,$B79) -> 5 | BW79: =IF(BF79,X79,$B79) -> 5 | BX79: =IF(BG79,Y79,$B79) -> 5 | BY79: =IF(BH79,Z79,$B79) -> 5 | BZ79: =IF(BI79,AA79,$B79) -> 5 | CA79: =IF(BJ79,AB79,$B79) -> 5 | CB79: =IF(BK79,AC79,$B79) -> 5 | ... CF79: =IF(BO79,AG79,$B79) -> 5 | CL79: =IF(BU79=$C79,1,0) -> 1 | CM79: =IF(BV79=$C79,1,0) -> 1 | CN79: =IF(BW79=$C79,1,0) -> 1 | CO79: =IF(BX79=$C79,1,0) -> 1 | CP79: =IF(BY79=$C79,1,0) -> 1 | CQ79: =IF(BZ79=$C79,1,0) -> 1 | CR79: =IF(CA79=$C79,1,0) -> 1 | CS79: =IF(CB79=$C79,1,0) -> 1 | ... CW79: =IF(CF79=$C79,1,0) -> 1 | DC79: {=IF(ISNA(E79),,OFFSET(INDIRECT("'"&DT$67&"'!f1"),E79-1,))*1} -> 0.12370753 | DD79: {=IF(ISNA(F79),,OFFSET(INDIRECT("'"&DU$67&"'!f1"),F79-1,))*1} -> 0.98252086 | DE79: {=IF(ISNA(G79),,OFFSET(INDIRECT("'"&DV$67&"'!f1"),G79-1,))*1} -> 0.21179419 | DF79: {=IF(ISNA(H79),,OFFSET(INDIRECT("'"&DW$67&"'!f1"),H79-1,))*1} -> 0.020579899 | DG79: {=IF(ISNA(I79),,OFFSET(INDIRECT("'"&DX$67&"'!f1"),I79-1,))*1} -> 0.053272625 | DH79: {=IF(ISNA(J79),,OFFSET(INDIRECT("'"&DY$67&"'!f1"),J79-1,))*1} -> 0.095016394 | DI79: {=IF(ISNA(K79),,OFFSET(INDIRECT("'"&DZ$67&"'!f1"),K79-1,))*1} -> 1.7457981 | DJ79: {=IF(ISNA(L79),,OFFSET(INDIRECT("'"&EA$67&"'!f1"),L79-1,))*1} -> 2.0603937 | ... DN79: {=IF(ISNA(P79),,OFFSET(INDIRECT("'"&EE$67&"'!f1"),P79-1,))*1} -> 0.022959404 | DT79: =IF(CL79,EK79,) -> 1 | DU79: =IF(CM79,EL79,) -> 1 | DV79: =IF(CN79,EM79,) -> 1 | DW79: =IF(CO79,EN79,) -> 1 | DX79: =IF(CP79,EO79,) -> 1 | DY79: =IF(CQ79,EP79,) -> 1 | DZ79: =IF(CR79,EQ79,) -> 9956 | EA79: =IF(CS79,ER79,) -> 10000 | ... EE79: =IF(CW79,EV79,) -> 2 | EK79: {=IF(ISNA(E79),0,OFFSET(INDIRECT("'"&EK$67&"'!g1"),E79-1,)*CL79)} -> 1 | EL79: {=IF(ISNA(F79),0,OFFSET(INDIRECT("'"&EL$67&"'!g1"),F79-1,)*CM79)} -> 1 | EM79: {=IF(ISNA(G79),0,OFFSET(INDIRECT("'"&EM$67&"'!g1"),G79-1,)*CN79)} -> 1 | EN79: {=IF(ISNA(H79),0,OFFSET(INDIRECT("'"&EN$67&"'!g1"),H79-1,)*CO79)} -> 1 | EO79: {=IF(ISNA(I79),0,OFFSET(INDIRECT("'"&EO$67&"'!g1"),I79-1,)*CP79)} -> 1 | EP79: {=IF(ISNA(J79),0,OFFSET(INDIRECT("'"&EP$67&"'!g1"),J79-1,)*CQ79)} -> 1 | EQ79: {=IF(ISNA(K79),0,OFFSET(INDIRECT("'"&EQ$67&"'!g1"),K79-1,)*CR79)} -> 9956 | ER79: {=IF(ISNA(L79),0,OFFSET(INDIRECT("'"&ER$67&"'!g1"),L79-1,)*CS79)} -> 10000 | ... EV79: {=IF(ISNA(P79),0,OFFSET(INDIRECT("'"&EV$67&"'!g1"),P79-1,)*CW79)} -> 2 | FB79: {=IF(ISNA(E79),0,OFFSET(INDIRECT("'"&EK$67&"'!h1"),E79-1,))} -> 1 | FC79: {=IF(ISNA(F79),0,OFFSET(INDIRECT("'"&EL$67&"'!h1"),F79-1,))} -> 1 | FD79: {=IF(ISNA(G79),0,OFFSET(INDIRECT("'"&EM$67&"'!h1"),G79-1,))} -> 1 | FE79: {=IF(ISNA(H79),0,OFFSET(INDIRECT("'"&EN$67&"'!h1"),H79-1,))} -> 1 | FF79: {=IF(ISNA(I79),0,OFFSET(INDIRECT("'"&EO$67&"'!h1"),I79-1,))} -> 1 | FG79: {=IF(ISNA(J79),0,OFFSET(INDIRECT("'"&EP$67&"'!h1"),J79-1,))} -> 1 | FH79: {=IF(ISNA(K79),0,OFFSET(INDIRECT("'"&EQ$67&"'!h1"),K79-1,))} -> 10000 | FI79: {=IF(ISNA(L79),0,OFFSET(INDIRECT("'"&ER$67&"'!h1"),L79-1,))} -> 10000 | ... FM79: {=IF(ISNA(P79),0,OFFSET(INDIRECT("'"&EV$67&"'!h1"),P79-1,))} -> 4 | FS79: =B79 -> 14 | FT79: =OFFSET($DC79,,$FT$66-1) -> 1.7457981 | FU79: =OFFSET($DT79,,$FT$66-1) -> 9956 | FV79: =OFFSET($FB79,,$FT$66-1) -> 10000 | FW79: =IF(FV79,FU79/FV79,NA()) -> 0.9956 | FX79: =IF(FU79,FT79/FU79,NA()) -> 0.00017535136 | FZ79: =GN79 -> 14 | GA79: =IF(BD79,(BU79-$C79)/$C79,NA()) -> 0 | GB79: =IF(BE79,(BV79-$C79)/$C79,NA()) -> 0 | GC79: =IF(BF79,(BW79-$C79)/$C79,NA()) -> 0 | GD79: =IF(BG79,(BX79-$C79)/$C79,NA()) -> 0 | GE79: =IF(BH79,(BY79-$C79)/$C79,NA()) -> 0 | GF79: =IF(BI79,(BZ79-$C79)/$C79,NA()) -> 0 | GG79: =IF(BJ79,(CA79-$C79)/$C79,NA()) -> 0 | GH79: =IF(BK79,(CB79-$C79)/$C79,NA()) -> 0 | ... GL79: =IF(BO79,(CF79-$C79)/$C79,NA()) -> 0 | GN79: =B79 -> 14 | GO79: =IF(AND(AM79>0,DT79>0),DC79/DT79,NA()) -> 0.12370753 | GP79: =IF(AND(AN79>0,DU79>0),DD79/DU79,NA()) -> 0.98252086 | GQ79: =IF(AND(AO79>0,DV79>0),DE79/DV79,NA()) -> 0.21179419 | GR79: =IF(AND(AP79>0,DW79>0),DF79/DW79,NA()) -> 0.020579899 | GS79: =IF(AND(AQ79>0,DX79>0),DG79/DX79,NA()) -> 0.053272625 | GT79: =IF(DY79>0,DH79/DY79,NA()) -> 0.095016394 | GU79: =IF(DZ79>0,DI79/DZ79,NA()) -> 0.00017535136 | GV79: =IF(EA79>0,DJ79/EA79,NA()) -> 0.00020603937 | GW79: =IF(EB79>0,DK79/EB79,NA()) -> 0.0070731815 | GX79: =IF(EC79>0,DL79/EC79,NA()) -> #N/A | GY79: =IF(ED79>0,DM79/ED79,NA()) -> #N/A | GZ79: =IF(EE79>0,DN79/EE79,NA()) -> 0.011479702 | HB79: =GN79 -> 14 | HC79: =IF(FB79,DT79/FB79,) -> 1 | HD79: =IF(FC79,DU79/FC79,) -> 1 | HE79: =IF(FD79,DV79/FD79,) -> 1 | HF79: =IF(FE79,DW79/FE79,) -> 1 | HG79: =IF(FF79,DX79/FF79,) -> 1 | HH79: =IF(FG79,DY79/FG79,) -> 1 | HI79: =IF(FH79,DZ79/FH79,) -> 0.9956 | HJ79: =IF(FI79,EA79/FI79,) -> 1 | ... HN79: =IF(FM79,EE79/FM79,) -> 0.5
A80: {=INDIRECT($A$67&"!A"&ROW(C13)+$B$64)} -> [[15,2,5]] | B80: {=INDIRECT($A$67&"!b"&ROW(D13)+$B$64)} -> 15 | C80: =MIN(INDIRECT($A$67&"!d"&ROW(E13)+$B$64),BU80:CG80) -> 5 | E80: =MATCH($A80,INDIRECT("'"&E$67&"'!A:A"),) -> 37 | F80: =MATCH($A80,INDIRECT("'"&F$67&"'!A:A"),) -> 38 | G80: =MATCH($A80,INDIRECT("'"&G$67&"'!A:A"),) -> 37 | H80: =MATCH($A80,INDIRECT("'"&H$67&"'!A:A"),) -> 41 | I80: =MATCH($A80,INDIRECT("'"&I$67&"'!A:A"),) -> 40 | J80: =MATCH($A80,INDIRECT("'"&J$67&"'!A:A"),) -> 45 | K80: =MATCH($A80,INDIRECT("'"&K$67&"'!A:A"),) -> 45 | L80: =MATCH($A80,INDIRECT("'"&L$67&"'!A:A"),) -> 46 | ... P80: =MATCH($A80,INDIRECT("'"&P$67&"'!A:A"),) -> 37 | V80: {=IF(ISNA(E80),,OFFSET(INDIRECT("'"&V$67&"'!d1"),E80-1,))} -> 5 | W80: {=IF(ISNA(F80),,OFFSET(INDIRECT("'"&W$67&"'!d1"),F80-1,))} -> 5 | X80: {=IF(ISNA(G80),,OFFSET(INDIRECT("'"&X$67&"'!d1"),G80-1,))} -> 5 | Y80: {=IF(ISNA(H80),,OFFSET(INDIRECT("'"&Y$67&"'!d1"),H80-1,))} -> 5 | Z80: {=IF(ISNA(I80),,OFFSET(INDIRECT("'"&Z$67&"'!d1"),I80-1,))} -> 5 | AA80: {=IF(ISNA(J80),,OFFSET(INDIRECT("'"&AA$67&"'!d1"),J80-1,))} -> 5 | AB80: {=IF(ISNA(K80),,OFFSET(INDIRECT("'"&AB$67&"'!d1"),K80-1,))} -> 5 | AC80: {=IF(ISNA(L80),,OFFSET(INDIRECT("'"&AC$67&"'!d1"),L80-1,))} -> 5 | ... AG80: {=IF(ISNA(P80),,OFFSET(INDIRECT("'"&AG$67&"'!d1"),P80-1,))} -> 5 | AM80: =IF(DC80>= $N$3,0,BD80) -> 1 | AN80: =IF(DD80>= $N$3,0,BE80) -> 1 | AO80: =IF(DE80>= $N$3,0,BF80) -> 1 | AP80: =IF(DF80>= $N$3,0,BG80) -> 1 | AQ80: =IF(DG80*1>= $N$3,0,BH80) -> 1 | AV80: =IF(AM80=1,CL80=1,"") -> TRUE | AW80: =IF(AN80=1,CM80=1,"") -> TRUE | AX80: =IF(AO80=1,CN80=1,"") -> TRUE | AY80: =IF(AP80=1,CO80=1,"") -> TRUE | AZ80: =IF(AQ80=1,CP80=1,"") -> TRUE | BD80: =IF(AND(V80>0,V80<$B80),1,0) -> 1 | BE80: =IF(AND(W80>0,W80<$B80),1,0) -> 1 | BF80: =IF(AND(X80>0,X80<$B80),1,0) -> 1 | BG80: =IF(AND(Y80>0,Y80<$B80),1,0) -> 1 | BH80: =IF(AND(Z80>0,Z80<$B80),1,0) -> 1 | BI80: =IF(AND(AA80>0,AA80<$B80),1,0) -> 1 | BJ80: =IF(AND(AB80>0,AB80<$B80),1,0) -> 1 | BK80: =IF(AND(AC80>0,AC80<$B80),1,0) -> 1 | ... BO80: =IF(AND(AG80>0,AG80<$B80),1,0) -> 1 | BU80: =IF(BD80,V80,$B80) -> 5 | BV80: =IF(BE80,W80,$B80) -> 5 | BW80: =IF(BF80,X80,$B80) -> 5 | BX80: =IF(BG80,Y80,$B80) -> 5 | BY80: =IF(BH80,Z80,$B80) -> 5 | BZ80: =IF(BI80,AA80,$B80) -> 5 | CA80: =IF(BJ80,AB80,$B80) -> 5 | CB80: =IF(BK80,AC80,$B80) -> 5 | ... CF80: =IF(BO80,AG80,$B80) -> 5 | CL80: =IF(BU80=$C80,1,0) -> 1 | CM80: =IF(BV80=$C80,1,0) -> 1 | CN80: =IF(BW80=$C80,1,0) -> 1 | CO80: =IF(BX80=$C80,1,0) -> 1 | CP80: =IF(BY80=$C80,1,0) -> 1 | CQ80: =IF(BZ80=$C80,1,0) -> 1 | CR80: =IF(CA80=$C80,1,0) -> 1 | CS80: =IF(CB80=$C80,1,0) -> 1 | ... CW80: =IF(CF80=$C80,1,0) -> 1 | DC80: {=IF(ISNA(E80),,OFFSET(INDIRECT("'"&DT$67&"'!f1"),E80-1,))*1} -> 0.13374489 | DD80: {=IF(ISNA(F80),,OFFSET(INDIRECT("'"&DU$67&"'!f1"),F80-1,))*1} -> 0.72743608 | DE80: {=IF(ISNA(G80),,OFFSET(INDIRECT("'"&DV$67&"'!f1"),G80-1,))*1} -> 0.19955893 | DF80: {=IF(ISNA(H80),,OFFSET(INDIRECT("'"&DW$67&"'!f1"),H80-1,))*1} -> 0.020313364 | DG80: {=IF(ISNA(I80),,OFFSET(INDIRECT("'"&DX$67&"'!f1"),I80-1,))*1} -> 0.054226709 | DH80: {=IF(ISNA(J80),,OFFSET(INDIRECT("'"&DY$67&"'!f1"),J80-1,))*1} -> 0.10134344 | DI80: {=IF(ISNA(K80),,OFFSET(INDIRECT("'"&DZ$67&"'!f1"),K80-1,))*1} -> 1.8441734 | DJ80: {=IF(ISNA(L80),,OFFSET(INDIRECT("'"&EA$67&"'!f1"),L80-1,))*1} -> 2.129221 | ... DN80: {=IF(ISNA(P80),,OFFSET(INDIRECT("'"&EE$67&"'!f1"),P80-1,))*1} -> 0.01282461 | DT80: =IF(CL80,EK80,) -> 1 | DU80: =IF(CM80,EL80,) -> 1 | DV80: =IF(CN80,EM80,) -> 1 | DW80: =IF(CO80,EN80,) -> 1 | DX80: =IF(CP80,EO80,) -> 1 | DY80: =IF(CQ80,EP80,) -> 1 | DZ80: =IF(CR80,EQ80,) -> 9947 | EA80: =IF(CS80,ER80,) -> 9997 | ... EE80: =IF(CW80,EV80,) -> 2 | EK80: {=IF(ISNA(E80),0,OFFSET(INDIRECT("'"&EK$67&"'!g1"),E80-1,)*CL80)} -> 1 | EL80: {=IF(ISNA(F80),0,OFFSET(INDIRECT("'"&EL$67&"'!g1"),F80-1,)*CM80)} -> 1 | EM80: {=IF(ISNA(G80),0,OFFSET(INDIRECT("'"&EM$67&"'!g1"),G80-1,)*CN80)} -> 1 | EN80: {=IF(ISNA(H80),0,OFFSET(INDIRECT("'"&EN$67&"'!g1"),H80-1,)*CO80)} -> 1 | EO80: {=IF(ISNA(I80),0,OFFSET(INDIRECT("'"&EO$67&"'!g1"),I80-1,)*CP80)} -> 1 | EP80: {=IF(ISNA(J80),0,OFFSET(INDIRECT("'"&EP$67&"'!g1"),J80-1,)*CQ80)} -> 1 | EQ80: {=IF(ISNA(K80),0,OFFSET(INDIRECT("'"&EQ$67&"'!g1"),K80-1,)*CR80)} -> 9947 | ER80: {=IF(ISNA(L80),0,OFFSET(INDIRECT("'"&ER$67&"'!g1"),L80-1,)*CS80)} -> 9997 | ... EV80: {=IF(ISNA(P80),0,OFFSET(INDIRECT("'"&EV$67&"'!g1"),P80-1,)*CW80)} -> 2 | FB80: {=IF(ISNA(E80),0,OFFSET(INDIRECT("'"&EK$67&"'!h1"),E80-1,))} -> 1 | FC80: {=IF(ISNA(F80),0,OFFSET(INDIRECT("'"&EL$67&"'!h1"),F80-1,))} -> 1 | FD80: {=IF(ISNA(G80),0,OFFSET(INDIRECT("'"&EM$67&"'!h1"),G80-1,))} -> 1 | FE80: {=IF(ISNA(H80),0,OFFSET(INDIRECT("'"&EN$67&"'!h1"),H80-1,))} -> 1 | FF80: {=IF(ISNA(I80),0,OFFSET(INDIRECT("'"&EO$67&"'!h1"),I80-1,))} -> 1 | FG80: {=IF(ISNA(J80),0,OFFSET(INDIRECT("'"&EP$67&"'!h1"),J80-1,))} -> 1 | FH80: {=IF(ISNA(K80),0,OFFSET(INDIRECT("'"&EQ$67&"'!h1"),K80-1,))} -> 10000 | FI80: {=IF(ISNA(L80),0,OFFSET(INDIRECT("'"&ER$67&"'!h1"),L80-1,))} -> 10000 | ... FM80: {=IF(ISNA(P80),0,OFFSET(INDIRECT("'"&EV$67&"'!h1"),P80-1,))} -> 4 | FS80: =B80 -> 15 | FT80: =OFFSET($DC80,,$FT$66-1) -> 1.8441734 | FU80: =OFFSET($DT80,,$FT$66-1) -> 9947 | FV80: =OFFSET($FB80,,$FT$66-1) -> 10000 | FW80: =IF(FV80,FU80/FV80,NA()) -> 0.9947 | FX80: =IF(FU80,FT80/FU80,NA()) -> 0.00018539996 | FZ80: =GN80 -> 15 | GA80: =IF(BD80,(BU80-$C80)/$C80,NA()) -> 0 | GB80: =IF(BE80,(BV80-$C80)/$C80,NA()) -> 0 | GC80: =IF(BF80,(BW80-$C80)/$C80,NA()) -> 0 | GD80: =IF(BG80,(BX80-$C80)/$C80,NA()) -> 0 | GE80: =IF(BH80,(BY80-$C80)/$C80,NA()) -> 0 | GF80: =IF(BI80,(BZ80-$C80)/$C80,NA()) -> 0 | GG80: =IF(BJ80,(CA80-$C80)/$C80,NA()) -> 0 | GH80: =IF(BK80,(CB80-$C80)/$C80,NA()) -> 0 | ... GL80: =IF(BO80,(CF80-$C80)/$C80,NA()) -> 0 | GN80: =B80 -> 15 | GO80: =IF(AND(AM80>0,DT80>0),DC80/DT80,NA()) -> 0.13374489 | GP80: =IF(AND(AN80>0,DU80>0),DD80/DU80,NA()) -> 0.72743608 | GQ80: =IF(AND(AO80>0,DV80>0),DE80/DV80,NA()) -> 0.19955893 | GR80: =IF(AND(AP80>0,DW80>0),DF80/DW80,NA()) -> 0.020313364 | GS80: =IF(AND(AQ80>0,DX80>0),DG80/DX80,NA()) -> 0.054226709 | GT80: =IF(DY80>0,DH80/DY80,NA()) -> 0.10134344 | GU80: =IF(DZ80>0,DI80/DZ80,NA()) -> 0.00018539996 | GV80: =IF(EA80>0,DJ80/EA80,NA()) -> 0.00021298599 | GW80: =IF(EB80>0,DK80/EB80,NA()) -> 0.0064274811 | GX80: =IF(EC80>0,DL80/EC80,NA()) -> #N/A | GY80: =IF(ED80>0,DM80/ED80,NA()) -> #N/A | GZ80: =IF(EE80>0,DN80/EE80,NA()) -> 0.0064123049 | HB80: =GN80 -> 15 | HC80: =IF(FB80,DT80/FB80,) -> 1 | HD80: =IF(FC80,DU80/FC80,) -> 1 | HE80: =IF(FD80,DV80/FD80,) -> 1 | HF80: =IF(FE80,DW80/FE80,) -> 1 | HG80: =IF(FF80,DX80/FF80,) -> 1 | HH80: =IF(FG80,DY80/FG80,) -> 1 | HI80: =IF(FH80,DZ80/FH80,) -> 0.9947 | HJ80: =IF(FI80,EA80/FI80,) -> 0.9997 | ... HN80: =IF(FM80,EE80/FM80,) -> 0.5
... A188: {=INDIRECT($A$67&"!A"&ROW(C121)+$B$64)} -> [[123,38,15]] | B188: {=INDIRECT($A$67&"!b"&ROW(D121)+$B$64)} -> 123 | C188: =MIN(INDIRECT($A$67&"!d"&ROW(E121)+$B$64),BU188:CG188) -> 15 | E188: =MATCH($A188,INDIRECT("'"&E$67&"'!A:A"),) -> #N/A | F188: =MATCH($A188,INDIRECT("'"&F$67&"'!A:A"),) -> #N/A | G188: =MATCH($A188,INDIRECT("'"&G$67&"'!A:A"),) -> #N/A | H188: =MATCH($A188,INDIRECT("'"&H$67&"'!A:A"),) -> #N/A | I188: =MATCH($A188,INDIRECT("'"&I$67&"'!A:A"),) -> #N/A | J188: =MATCH($A188,INDIRECT("'"&J$67&"'!A:A"),) -> 153 | K188: =MATCH($A188,INDIRECT("'"&K$67&"'!A:A"),) -> 153 | L188: =MATCH($A188,INDIRECT("'"&L$67&"'!A:A"),) -> 154 | ... P188: =MATCH($A188,INDIRECT("'"&P$67&"'!A:A"),) -> 145 | V188: {=IF(ISNA(E188),,OFFSET(INDIRECT("'"&V$67&"'!d1"),E188-1,))} -> 0 | W188: {=IF(ISNA(F188),,OFFSET(INDIRECT("'"&W$67&"'!d1"),F188-1,))} -> 0 | X188: {=IF(ISNA(G188),,OFFSET(INDIRECT("'"&X$67&"'!d1"),G188-1,))} -> 0 | Y188: {=IF(ISNA(H188),,OFFSET(INDIRECT("'"&Y$67&"'!d1"),H188-1,))} -> 0 | Z188: {=IF(ISNA(I188),,OFFSET(INDIRECT("'"&Z$67&"'!d1"),I188-1,))} -> 0 | AA188: {=IF(ISNA(J188),,OFFSET(INDIRECT("'"&AA$67&"'!d1"),J188-1,))} -> 16 | AB188: {=IF(ISNA(K188),,OFFSET(INDIRECT("'"&AB$67&"'!d1"),K188-1,))} -> 18 | AC188: {=IF(ISNA(L188),,OFFSET(INDIRECT("'"&AC$67&"'!d1"),L188-1,))} -> 18 | ... AG188: {=IF(ISNA(P188),,OFFSET(INDIRECT("'"&AG$67&"'!d1"),P188-1,))} -> 0 | AM188: =IF(DC188>= $N$3,0,BD188) -> 0 | AN188: =IF(DD188>= $N$3,0,BE188) -> 0 | AO188: =IF(DE188>= $N$3,0,BF188) -> 0 | AP188: =IF(DF188>= $N$3,0,BG188) -> 0 | AQ188: =IF(DG188*1>= $N$3,0,BH188) -> 0 | AV188: =IF(AM188=1,CL188=1,"") | AW188: =IF(AN188=1,CM188=1,"") | AX188: =IF(AO188=1,CN188=1,"") | AY188: =IF(AP188=1,CO188=1,"") | AZ188: =IF(AQ188=1,CP188=1,"") | BD188: =IF(AND(V188>0,V188<$B188),1,0) -> 0 | BE188: =IF(AND(W188>0,W188<$B188),1,0) -> 0 | BF188: =IF(AND(X188>0,X188<$B188),1,0) -> 0 | BG188: =IF(AND(Y188>0,Y188<$B188),1,0) -> 0 | BH188: =IF(AND(Z188>0,Z188<$B188),1,0) -> 0 | BI188: =IF(AND(AA188>0,AA188<$B188),1,0) -> 1 | BJ188: =IF(AND(AB188>0,AB188<$B188),1,0) -> 1 | BK188: =IF(AND(AC188>0,AC188<$B188),1,0) -> 1 | ... BO188: =IF(AND(AG188>0,AG188<$B188),1,0) -> 0 | BU188: =IF(BD188,V188,$B188) -> 123 | BV188: =IF(BE188,W188,$B188) -> 123 | BW188: =IF(BF188,X188,$B188) -> 123 | BX188: =IF(BG188,Y188,$B188) -> 123 | BY188: =IF(BH188,Z188,$B188) -> 123 | BZ188: =IF(BI188,AA188,$B188) -> 16 | CA188: =IF(BJ188,AB188,$B188) -> 18 | CB188: =IF(BK188,AC188,$B188) -> 18 | ... CF188: =IF(BO188,AG188,$B188) -> 123 | CL188: =IF(BU188=$C188,1,0) -> 0 | CM188: =IF(BV188=$C188,1,0) -> 0 | CN188: =IF(BW188=$C188,1,0) -> 0 | CO188: =IF(BX188=$C188,1,0) -> 0 | CP188: =IF(BY188=$C188,1,0) -> 0 | CQ188: =IF(BZ188=$C188,1,0) -> 0 | CR188: =IF(CA188=$C188,1,0) -> 0 | CS188: =IF(CB188=$C188,1,0) -> 0 | ... CW188: =IF(CF188=$C188,1,0) -> 0 | DC188: {=IF(ISNA(E188),,OFFSET(INDIRECT("'"&DT$67&"'!f1"),E188-1,))*1} -> 0 | DD188: {=IF(ISNA(F188),,OFFSET(INDIRECT("'"&DU$67&"'!f1"),F188-1,))*1} -> 0 | DE188: {=IF(ISNA(G188),,OFFSET(INDIRECT("'"&DV$67&"'!f1"),G188-1,))*1} -> 0 | DF188: {=IF(ISNA(H188),,OFFSET(INDIRECT("'"&DW$67&"'!f1"),H188-1,))*1} -> 0 | DG188: {=IF(ISNA(I188),,OFFSET(INDIRECT("'"&DX$67&"'!f1"),I188-1,))*1} -> 0 | DH188: {=IF(ISNA(J188),,OFFSET(INDIRECT("'"&DY$67&"'!f1"),J188-1,))*1} -> 5.0923431 | DI188: {=IF(ISNA(K188),,OFFSET(INDIRECT("'"&DZ$67&"'!f1"),K188-1,))*1} -> 159.92759 | DJ188: {=IF(ISNA(L188),,OFFSET(INDIRECT("'"&EA$67&"'!f1"),L188-1,))*1} -> 53.934082 | ... DN188: {=IF(ISNA(P188),,OFFSET(INDIRECT("'"&EE$67&"'!f1"),P188-1,))*1} -> 0.31116742 | DT188: =IF(CL188,EK188,) -> 0 | DU188: =IF(CM188,EL188,) -> 0 | DV188: =IF(CN188,EM188,) -> 0 | DW188: =IF(CO188,EN188,) -> 0 | DX188: =IF(CP188,EO188,) -> 0 | DY188: =IF(CQ188,EP188,) -> 0 | DZ188: =IF(CR188,EQ188,) -> 0 | EA188: =IF(CS188,ER188,) -> 0 | ... EE188: =IF(CW188,EV188,) -> 0 | EK188: {=IF(ISNA(E188),0,OFFSET(INDIRECT("'"&EK$67&"'!g1"),E188-1,)*CL188)} -> 0 | EL188: {=IF(ISNA(F188),0,OFFSET(INDIRECT("'"&EL$67&"'!g1"),F188-1,)*CM188)} -> 0 | EM188: {=IF(ISNA(G188),0,OFFSET(INDIRECT("'"&EM$67&"'!g1"),G188-1,)*CN188)} -> 0 | EN188: {=IF(ISNA(H188),0,OFFSET(INDIRECT("'"&EN$67&"'!g1"),H188-1,)*CO188)} -> 0 | EO188: {=IF(ISNA(I188),0,OFFSET(INDIRECT("'"&EO$67&"'!g1"),I188-1,)*CP188)} -> 0 | EP188: {=IF(ISNA(J188),0,OFFSET(INDIRECT("'"&EP$67&"'!g1"),J188-1,)*CQ188)} -> 0 | EQ188: {=IF(ISNA(K188),0,OFFSET(INDIRECT("'"&EQ$67&"'!g1"),K188-1,)*CR188)} -> 0 | ER188: {=IF(ISNA(L188),0,OFFSET(INDIRECT("'"&ER$67&"'!g1"),L188-1,)*CS188)} -> 0 | ... EV188: {=IF(ISNA(P188),0,OFFSET(INDIRECT("'"&EV$67&"'!g1"),P188-1,)*CW188)} -> 0 | FB188: {=IF(ISNA(E188),0,OFFSET(INDIRECT("'"&EK$67&"'!h1"),E188-1,))} -> 0 | FC188: {=IF(ISNA(F188),0,OFFSET(INDIRECT("'"&EL$67&"'!h1"),F188-1,))} -> 0 | FD188: {=IF(ISNA(G188),0,OFFSET(INDIRECT("'"&EM$67&"'!h1"),G188-1,))} -> 0 | FE188: {=IF(ISNA(H188),0,OFFSET(INDIRECT("'"&EN$67&"'!h1"),H188-1,))} -> 0 | FF188: {=IF(ISNA(I188),0,OFFSET(INDIRECT("'"&EO$67&"'!h1"),I188-1,))} -> 0 | FG188: {=IF(ISNA(J188),0,OFFSET(INDIRECT("'"&EP$67&"'!h1"),J188-1,))} -> 1 | FH188: {=IF(ISNA(K188),0,OFFSET(INDIRECT("'"&EQ$67&"'!h1"),K188-1,))} -> 10000 | FI188: {=IF(ISNA(L188),0,OFFSET(INDIRECT("'"&ER$67&"'!h1"),L188-1,))} -> 10000 | ... FM188: {=IF(ISNA(P188),0,OFFSET(INDIRECT("'"&EV$67&"'!h1"),P188-1,))} -> 9 | FS188: =B188 -> 123 | FT188: =OFFSET($DC188,,$FT$66-1) -> 159.92759 | FU188: =OFFSET($DT188,,$FT$66-1) -> 0 | FV188: =OFFSET($FB188,,$FT$66-1) -> 10000 | FW188: =IF(FV188,FU188/FV188,NA()) -> 0 | FX188: =IF(FU188,FT188/FU188,NA()) -> #N/A | FZ188: =GN188 -> 123 | GA188: =IF(BD188,(BU188-$C188)/$C188,NA()) -> #N/A | GB188: =IF(BE188,(BV188-$C188)/$C188,NA()) -> #N/A | GC188: =IF(BF188,(BW188-$C188)/$C188,NA()) -> #N/A | GD188: =IF(BG188,(BX188-$C188)/$C188,NA()) -> #N/A | GE188: =IF(BH188,(BY188-$C188)/$C188,NA()) -> #N/A | GF188: =IF(BI188,(BZ188-$C188)/$C188,NA()) -> 0.066666667 | GG188: =IF(BJ188,(CA188-$C188)/$C188,NA()) -> 0.2 | GH188: =IF(BK188,(CB188-$C188)/$C188,NA()) -> 0.2 | ... GL188: =IF(BO188,(CF188-$C188)/$C188,NA()) -> #N/A | GN188: =B188 -> 123 | GO188: =IF(AND(AM188>0,DT188>0),DC188/DT188,NA()) -> #N/A | GP188: =IF(AND(AN188>0,DU188>0),DD188/DU188,NA()) -> #N/A | GQ188: =IF(AND(AO188>0,DV188>0),DE188/DV188,NA()) -> #N/A | GR188: =IF(AND(AP188>0,DW188>0),DF188/DW188,NA()) -> #N/A | GS188: =IF(AND(AQ188>0,DX188>0),DG188/DX188,NA()) -> #N/A | GT188: =IF(DY188>0,DH188/DY188,NA()) -> #N/A | GU188: =IF(DZ188>0,DI188/DZ188,NA()) -> #N/A | GV188: =IF(EA188>0,DJ188/EA188,NA()) -> #N/A | GW188: =IF(EB188>0,DK188/EB188,NA()) -> #N/A | GX188: =IF(EC188>0,DL188/EC188,NA()) -> #N/A | GY188: =IF(ED188>0,DM188/ED188,NA()) -> #N/A | GZ188: =IF(EE188>0,DN188/EE188,NA()) -> #N/A | HB188: =GN188 -> 123 | HC188: =IF(FB188,DT188/FB188,) -> 0 | HD188: =IF(FC188,DU188/FC188,) -> 0 | HE188: =IF(FD188,DV188/FD188,) -> 0 | HF188: =IF(FE188,DW188/FE188,) -> 0 | HG188: =IF(FF188,DX188/FF188,) -> 0 | HH188: =IF(FG188,DY188/FG188,) -> 0 | HI188: =IF(FH188,DZ188/FH188,) -> 0 | HJ188: =IF(FI188,EA188/FI188,) -> 0 | ... HN188: =IF(FM188,EE188/FM188,) -> 0

Sheet best
A1: Reported distance - codetables.de
A26: #########################################
A27: name | B27: n | C27: k | D27: d
A28: [[3,1,1]] | B28: 3 | C28: 1 | D28: 1
A29: [[4,1,2]] | B29: 4 | C29: 1 | D29: 2
A30: [[5,1,3]] | B30: 5 | C30: 1 | D30: 3
A31: [[6,1,3]] | B31: 6 | C31: 1 | D31: 3
A32: [[7,1,3]] | B32: 7 | C32: 1 | D32: 3
A33: [[8,1,3]] | B33: 8 | C33: 1 | D33: 3
A34: [[9,1,3]] | B34: 9 | C34: 1 | D34: 3
A35: [[10,1,4]] | B35: 10 | C35: 1 | D35: 4
A36: [[11,1,5]] | B36: 11 | C36: 1 | D36: 5
A37: [[12,6,3]] | B37: 12 | C37: 6 | D37: 3
A38: [[13,6,3]] | B38: 13 | C38: 6 | D38: 3
A39: [[14,2,5]] | B39: 14 | C39: 2 | D39: 5
... A148: [[123,38,15]] | B148: 123 | C148: 38 | D148: 15

Sheet magma
A1: runMode: serial
A2: maxCount: 10000
A3: repeat: 1
A4: dataset: codeTables
A5: datafile: QECC_sample.txt
A6: method: magmaMinWeight
A7: ignoreTrivialCodes: 1
A8: resume: 0
A9: iterCount: 10000
A10: maxTime: 28800
A11: nThreads: 1
A12: verbose: False
... A26: #########################################
A27: name | B27: n | C27: k | D27: d | E27: delta d | F27: Time | G27: R | H27: T | I27: Progress
A28: [[3,1,1]] | B28: 3 | C28: 1 | D28: 1 | E28: 0 | F28: 0.8679157500009751 | G28: 1 | H28: 1 | I28: Magma V2.28-26 Tue Dec 30 2025 12:10:36 on Marks-MacBook-Air-2 [Seed = \n672301251]\nType ? for help. Type <Ctrl>-D to quit.\n[0 1 0 0 0 0]\n[0 0 1 0 0 0]\n[[3, 1]] quantum code over GF(2^2), stabilised by:\n[ 0 1 0]\n[ 0 0 1]\nCalculating the Weight Distribution for [3, 4] linear code, #R = 4\nNumber of threads: 1\nCalculating the Weight Distribution for [3, 2] linear code, #R = 4\nNumber of threads: 1\nDoing quick check for code being known to be MDS:\nCode is not known to be MDS\nCalculating the Weight Distribution for [3, 4] linear code, #R = 4\nNumber of threads: 1\nDoing quick check for code being known to be MDS:\nCode is not known to be MDS\nUsing the Dual\n1\n\nTotal time: 0.010 seconds, Total memory usage: 32.09MB\n
A29: [[4,1,2]] | B29: 4 | C29: 1 | D29: 2 | E29: 0 | F29: 0.057046084009925835 | G29: 1 | H29: 1 | I29: Magma V2.28-26 Tue Dec 30 2025 12:10:36 on Marks-MacBook-Air-2 [Seed = \n3555294009]\nType ? for help. Type <Ctrl>-D to quit.\n[1 0 1 0 0 0 0 0]\n[0 1 0 1 0 0 0 0]\n[0 0 0 0 1 1 1 1]\n[[4, 1]] quantum code over GF(2^2), stabilised by:\n[ 1 0 1 0]\n[ $.1 $.1 $.1 $.1]\n[ 0 1 0 1]\nCalculating the Weight Distribution for [4, 5] linear code, #R = 4\nNumber of threads: 1\nCalculating the Weight Distribution for [4, 3] linear code, #R = 4\nNumber of threads: 1\nDoing quick check for code being known to be MDS:\nCode is not known to be MDS\nCalculating the Weight Distribution for [4, 5] linear code, #R = 4\nNumber of threads: 1\nDoing quick check for code being known to be MDS:\nCode is not known to be MDS\nUsing the Dual\n2\n\nTotal time: 0.019 seconds, Total memory usage: 32.09MB\n
A30: [[5,1,3]] | B30: 5 | C30: 1 | D30: 3 | E30: 0 | F30: 0.057239332993049175 | G30: 1 | H30: 1 | I30: Magma V2.28-26 Tue Dec 30 2025 12:10:36 on Marks-MacBook-Air-2 [Seed = \n3722933559]\nType ? for help. Type <Ctrl>-D to quit.\n[1 0 0 1 1 1 0 1 0 1]\n[0 1 0 0 1 1 0 0 1 1]\n[0 0 1 1 0 1 0 0 1 1]\n[0 0 0 0 0 0 1 1 1 1]\n[[5, 1]] quantum code over GF(2^2), stabilised by:\n[ 1 0 $.1^2 $.1 1]\n[ $.1 0 1 $.1^2 $.1]\n[ 0 1 1 1 1]\n[ 0 $.1 $.1 $.1 $.1]\nCalculating the Weight Distribution for [5, 6] linear code, #R = 4\nNumber of threads: 1\nCalculating the Weight Distribution for [5, 4] linear code, #R = 4\nNumber of threads: 1\nDoing quick check for code being known to be MDS:\nCode is not known to be MDS\nCalculating the Weight Distribution for [5, 2] linear code, #R = 4\nNumber of threads: 1\nDoing quick check for code being known to be MDS:\nCode is not known to be MDS\nCalculating the Weight Distribution for [5, 6] linear code, #R = 4\nNumber of threads: 1\nDoing quick check for code being known to be MDS:\nCode is not known to be MDS\nUsing the Dual\n3\n\nTotal time: 0.019 seconds, Total memory usage: 32.09MB\n
A31: [[6,1,3]] | B31: 6 | C31: 1 | D31: 3 | E31: 0 | F31: 0.057163917 | G31: 1 | H31: 1 | I31: Magma V2.28-26 Tue Dec 30 2025 12:10:36 on Marks-MacBook-Air-2 [Seed = \n3355275053]\nType ? for help. Type <Ctrl>-D to quit.\n[1 0 0 1 1 0 1 0 1 0 1 0]\n[0 1 0 0 1 0 1 0 0 1 1 0]\n[0 0 1 1 0 0 1 0 0 1 1 0]\n[0 0 0 0 0 1 0 0 0 0 0 0]\n[0 0 0 0 0 0 0 1 1 1 1 0]\n[[6, 1]] quantum code over GF(2^2), stabilised by:\n[ 1 0 $.1^2 $.1 1 0]\n[ $.1 0 1 $.1^2 $.1 0]\n[ 0 1 1 1 1 0]\n[ 0 $.1 $.1 $.1 $.1 0]\n[ 0 0 0 0 0 1]\nQuantum GF(2)-Additive code over GF(4) of length 6 with 7 generators.\nLower Bound: 1, Upper Bound: 4\nConstructed 2 distinct generator matrices\nTotal Ranks: 4 4 \nRelative Ranks: 4 2 \n(4 4 4 2 )\n(4 4 4 2 )\nTime Taken: 0.00\nStarting search for low weight codewords... (reset timings)\nEnumerating using 1 generator at a time:\n New codeword identified of weight 3, time 0.00\n Impurity detected of weight 1, time 0.00\n Discarding non-contributing rank 2 matrix\n New Total Ranks: 4 \n New Relative Ranks: 4 \n Completed Matrix 1: lower = 2, upper = 3. Elapsed: 0.00s\nTermination predicted with 2 generators at matrix 1\nEnumerating using 2 generators at a time:\n Completed Matrix 1: lower = 3, upper = 3. Elapsed: 0.00s\nComputation complete \nFinal Results: lower = 3, upper = 3,\nTotal CPU time: 0.00, real time: 0.004\n3\n\nTotal time: 0.010 seconds, Total memory usage: 32.09MB\n
A32: [[7,1,3]] | B32: 7 | C32: 1 | D32: 3 | E32: 0 | F32: 0.055149333 | G32: 1 | H32: 1 | I32: Magma V2.28-26 Tue Dec 30 2025 12:10:36 on Marks-MacBook-Air-2 [Seed = \n3254479147]\nType ? for help. Type <Ctrl>-D to quit.\n[1 0 0 1 0 1 1 0 0 0 0 0 0 0]\n[0 1 0 1 1 1 0 0 0 0 0 0 0 0]\n[0 0 1 0 1 1 1 0 0 0 0 0 0 0]\n[0 0 0 0 0 0 0 1 0 0 1 0 1 1]\n[0 0 0 0 0 0 0 0 1 0 1 1 1 0]\n[0 0 0 0 0 0 0 0 0 1 0 1 1 1]\n[[7, 1]] quantum code over GF(2^2), stabilised by:\n[ 1 0 0 1 0 1 1]\n[ $.1 0 0 $.1 0 $.1 $.1]\n[ 0 1 0 1 1 1 0]\n[ 0 $.1 0 $.1 $.1 $.1 0]\n[ 0 0 1 0 1 1 1]\n[ 0 0 $.1 0 $.1 $.1 $.1]\nQuantum GF(2)-Additive code over GF(4) of length 7 with 8 generators.\nLower Bound: 1, Upper Bound: 4\nBCHBound gives the lower bound = 3\nConstructed 2 distinct generator matrices\nTotal Ranks: 4 4 \nRelative Ranks: 4 3 \n(4 4 4 4 )\n(4 4 4 4 )\nTime Taken: 0.00\nStarting search for low weight codewords... (reset timings)\nEnumerating using 1 generator at a time:\n New codeword identified of weight 3, time 0.00\nComputation complete \nFinal Results: lower = 3, upper = 3,\nTotal CPU time: 0.00, real time: 0.004\n3\n\nTotal time: 0.010 seconds, Total memory usage: 32.09MB\n
A33: [[8,1,3]] | B33: 8 | C33: 1 | D33: 3 | E33: 0 | F33: 0.0527205 | G33: 1 | H33: 1 | I33: Magma V2.28-26 Tue Dec 30 2025 12:10:36 on Marks-MacBook-Air-2 [Seed = \n3421594401]\nType ? for help. Type <Ctrl>-D to quit.\n[1 0 0 1 1 0 0 0 1 0 1 0 1 0 0 0]\n[0 1 0 0 1 0 0 0 1 0 0 1 1 0 0 0]\n[0 0 1 1 0 0 0 0 1 0 0 1 1 0 0 0]\n[0 0 0 0 0 1 0 0 0 0 0 0 0 0 0 0]\n[0 0 0 0 0 0 1 0 0 0 0 0 0 0 0 0]\n[0 0 0 0 0 0 0 1 0 0 0 0 0 0 0 0]\n[0 0 0 0 0 0 0 0 0 1 1 1 1 0 0 0]\n[[8, 1]] quantum code over GF(2^2), stabilised by:\n[ 1 0 $.1^2 $.1 1 0 0 0]\n[ $.1 0 1 $.1^2 $.1 0 0 0]\n[ 0 1 1 1 1 0 0 0]\n[ 0 $.1 $.1 $.1 $.1 0 0 0]\n[ 0 0 0 0 0 1 0 0]\n[ 0 0 0 0 0 0 1 0]\n[ 0 0 0 0 0 0 0 1]\nQuantum GF(2)-Additive code over GF(4) of length 8 with 9 generators.\nLower Bound: 1, Upper Bound: 5\nConstructed 2 distinct generator matrices\nTotal Ranks: 6 6 \nRelative Ranks: 6 2 \n(4 4 4 2 2 2 )\n(4 4 4 2 2 2 )\n Discarding non-contributing rank 2 matrix\n New Total Ranks: 6 \n New Relative Ranks: 6 \nTime Taken: 0.00\nStarting search for low weight codewords... (reset timings)\nEnumerating using 1 generator at a time:\n New codeword identified of weight 3, time 0.00\n Impurity detected of weight 1, time 0.00\n Completed Matrix 1: lower = 2, upper = 3. Elapsed: 0.00s\nTermination predicted with 2 generators at matrix 1\nEnumerating using 2 generators at a time:\n Completed Matrix 1: lower = 3, upper = 3. Elapsed: 0.00s\nComputation complete \nFinal Results: lower = 3, upper = 3,\nTotal CPU time: 0.00, real time: 0.001\n3\n\nTotal time: 0.010 seconds, Total memory usage: 32.09MB\n
A34: [[9,1,3]] | B34: 9 | C34: 1 | D34: 3 | E34: 0 | F34: 0.052406625 | G34: 1 | H34: 1 | I34: Magma V2.28-26 Tue Dec 30 2025 12:10:36 on Marks-MacBook-Air-2 [Seed = \n4124007711]\nType ? for help. Type <Ctrl>-D to quit.\n[1 0 0 1 1 0 0 0 0 1 0 1 0 1 0 0 0 0]\n[0 1 0 0 1 0 0 0 0 1 0 0 1 1 0 0 0 0]\n[0 0 1 1 0 0 0 0 0 1 0 0 1 1 0 0 0 0]\n[0 0 0 0 0 1 0 0 0 0 0 0 0 0 0 0 0 0]\n[0 0 0 0 0 0 1 0 0 0 0 0 0 0 0 0 0 0]\n[0 0 0 0 0 0 0 1 0 0 0 0 0 0 0 0 0 0]\n[0 0 0 0 0 0 0 0 1 0 0 0 0 0 0 0 0 0]\n[0 0 0 0 0 0 0 0 0 0 1 1 1 1 0 0 0 0]\n[[9, 1]] quantum code over GF(2^2), stabilised by:\n[ 1 0 $.1^2 $.1 1 0 0 0 0]\n[ $.1 0 1 $.1^2 $.1 0 0 0 0]\n[ 0 1 1 1 1 0 0 0 0]\n[ 0 $.1 $.1 $.1 $.1 0 0 0 0]\n[ 0 0 0 0 0 1 0 0 0]\n[ 0 0 0 0 0 0 1 0 0]\n[ 0 0 0 0 0 0 0 1 0]\n[ 0 0 0 0 0 0 0 0 1]\nQuantum GF(2)-Additive code over GF(4) of length 9 with 10 generators.\nLower Bound: 1, Upper Bound: 5\nConstructed 2 distinct generator matrices\nTotal Ranks: 7 7 \nRelative Ranks: 7 2 \n(4 4 4 2 2 2 2 )\n(4 4 4 2 2 2 2 )\n Discarding non-contributing rank 2 matrix\n New Total Ranks: 7 \n New Relative Ranks: 7 \nTime Taken: 0.00\nStarting search for low weight codewords... (reset timings)\nEnumerating using 1 generator at a time:\n New codeword identified of weight 3, time 0.00\n Impurity detected of weight 1, time 0.00\n Completed Matrix 1: lower = 2, upper = 3. Elapsed: 0.00s\nTermination predicted with 2 generators at matrix 1\nEnumerating using 2 generators at a time:\n Completed Matrix 1: lower = 3, upper = 3. Elapsed: 0.00s\nComputation complete \nFinal Results: lower = 3, upper = 3,\nTotal CPU time: 0.00, real time: 0.001\n3\n\nTotal time: 0.010 seconds, Total memory usage: 32.09MB\n
A35: [[10,1,4]] | B35: 10 | C35: 1 | D35: 4 | E35: 0 | F35: 0.052589167 | G35: 1 | H35: 1 | I35: Magma V2.28-26 Tue Dec 30 2025 12:10:36 on Marks-MacBook-Air-2 [Seed = \n4291122965]\nType ? for help. Type <Ctrl>-D to quit.\n[1 0 0 0 0 1 0 0 0 0 0 1 0 1 0 0 0 1 1 0]\n[0 1 0 0 0 1 0 0 0 0 0 1 0 1 1 1 0 0 1 1]\n[0 0 1 0 0 1 0 1 0 0 0 0 1 1 1 1 0 0 0 0]\n[0 0 0 1 0 1 0 0 0 0 0 1 1 1 0 1 1 0 0 1]\n[0 0 0 0 1 1 0 1 0 0 0 1 0 0 0 1 1 1 0 0]\n[0 0 0 0 0 0 1 1 0 0 0 1 1 0 1 1 0 0 1 1]\n[0 0 0 0 0 0 0 0 1 0 0 0 1 1 1 1 1 0 0 1]\n[0 0 0 0 0 0 0 0 0 1 0 1 1 1 1 0 0 1 1 0]\n[0 0 0 0 0 0 0 0 0 0 1 1 1 1 1 1 0 0 0 0]\n[[10, 1]] quantum code over GF(2^2), stabilised by:\n[ 1 0 0 0 0 1 $.1^2 $.1^2 1 0]\n[ $.1 0 0 0 0 $.1 0 $.1 $.1 1]\n[ 0 1 0 0 $.1 $.1^2 $.1^2 1 1 $.1]\n[ 0 $.1 0 0 0 $.1 $.1 $.1 $.1^2 $.1^2]\n[ 0 0 1 0 0 1 $.1 1 1 $.1]\n[ 0 0 $.1 0 $.1 0 $.1^2 $.1^2 1 1]\n[ 0 0 0 1 $.1 $.1^2 $.1 $.1 $.1 $.1^2]\n[ 0 0 0 $.1 0 $.1 1 $.1^2 0 $.1^2]\n[ 0 0 0 0 1 1 0 1 $.1^2 $.1^2]\nQuantum GF(2)-Additive code over GF(4) of length 10 with 11 generators.\nLower Bound: 1, Upper Bound: 6\nConstructed 2 distinct generator matrices\nTotal Ranks: 6 6 \nRelative Ranks: 6 4 \n(4 4 4 4 4 2 )\n(4 4 4 4 2 4 )\nTime Taken: 0.00\nStarting search for low weight codewords... (reset timings)\nEnumerating using 1 generator at a time:\n New codeword identified of weight 5, time 0.00\n New codeword identified of weight 4, time 0.00\n Completed Matrix 1: lower = 2, upper = 4. Elapsed: 0.00s\n Completed Matrix 2: lower = 2, upper = 4. Elapsed: 0.00s\nTermination predicted with 2 generators at matrix 2\nEnumerating using 2 generators at a time:\n Completed Matrix 1: lower = 3, upper = 4. Elapsed: 0.00s\n Completed Matrix 2: lower = 4, upper = 4. Elapsed: 0.00s\nComputation complete \nFinal Results: lower = 4, upper = 4,\nTotal CPU time: 0.00, real time: 0.001\n4\n\nTotal time: 0.010 seconds, Total memory usage: 32.09MB\n
A36: [[11,1,5]] | B36: 11 | C36: 1 | D36: 5 | E36: 0 | F36: 0.052994916 | G36: 1 | H36: 1 | I36: Magma V2.28-26 Tue Dec 30 2025 12:10:36 on Marks-MacBook-Air-2 [Seed = \n4190327058]\nType ? for help. Type <Ctrl>-D to quit.\n[1 0 0 0 0 1 0 0 0 0 0 0 1 0 1 0 0 0 1 1 0 0]\n[0 1 0 0 0 1 0 0 0 0 0 0 1 0 1 1 1 0 0 1 1 0]\n[0 0 1 0 0 1 0 0 0 0 0 0 1 0 0 1 0 0 0 0 1 1]\n[0 0 0 1 0 1 0 0 0 0 0 0 1 1 1 0 1 1 0 0 1 0]\n[0 0 0 0 1 1 0 0 0 0 0 0 0 1 1 0 0 1 1 0 1 1]\n[0 0 0 0 0 0 1 0 0 0 1 0 0 1 1 0 0 1 1 1 0 1]\n[0 0 0 0 0 0 0 1 0 0 1 0 1 0 1 1 1 1 1 0 1 1]\n[0 0 0 0 0 0 0 0 1 0 1 0 0 0 1 0 1 0 1 0 1 0]\n[0 0 0 0 0 0 0 0 0 1 1 0 1 0 1 0 0 1 0 1 0 0]\n[0 0 0 0 0 0 0 0 0 0 0 1 1 1 1 1 1 0 0 0 0 0]\n[[11, 1]] quantum code over GF(2^2), stabilised by:\n[ 1 0 0 0 0 1 $.1 $.1 0 1 1]\n[ $.1 0 0 0 0 $.1 1 $.1^2 $.1^2 0 1]\n[ 0 1 0 0 0 1 $.1 $.1^2 $.1 0 $.1^2]\n[ 0 $.1 0 0 0 $.1 $.1 $.1 $.1^2 $.1^2 0]\n[ 0 0 1 0 0 1 $.1 1 1 $.1 0]\n[ 0 0 $.1 0 0 $.1 $.1^2 0 $.1^2 $.1 $.1]\n[ 0 0 0 1 0 1 $.1^2 0 1 1 $.1^2]\n[ 0 0 0 $.1 0 $.1 0 $.1 1 $.1 1]\n[ 0 0 0 0 1 1 1 0 $.1 $.1 1]\n[ 0 0 0 0 $.1 $.1 0 $.1^2 $.1 $.1^2 $.1]\nQuantum GF(2)-Additive code over GF(4) of length 11 with 12 generators.\nLower Bound: 1, Upper Bound: 6\nConstructed 2 distinct generator matrices\nTotal Ranks: 6 6 \nRelative Ranks: 6 5 \n(4 4 4 4 4 4 )\n(4 4 4 4 4 4 )\nTime Taken: 0.00\nStarting search for low weight codewords... (reset timings)\nEnumerating using 1 generator at a time:\n New codeword identified of weight 5, time 0.00\n Completed Matrix 1: lower = 2, upper = 5. Elapsed: 0.00s\n Completed Matrix 2: lower = 3, upper = 5. Elapsed: 0.00s\nTermination predicted with 2 generators at matrix 2\nEnumerating using 2 generators at a time:\n Completed Matrix 1: lower = 4, upper = 5. Elapsed: 0.00s\n Completed Matrix 2: lower = 5, upper = 5. Elapsed: 0.00s\nComputation complete \nFinal Results: lower = 5, upper = 5,\nTotal CPU time: 0.00, real time: 0.001\n5\n\nTotal time: 0.010 seconds, Total memory usage: 32.09MB\n
A37: [[12,6,3]] | B37: 12 | C37: 6 | D37: 3 | E37: 0 | F37: 0.052198792 | G37: 1 | H37: 1 | I37: Magma V2.28-26 Tue Dec 30 2025 12:10:37 on Marks-MacBook-Air-2 [Seed = \n3822668552]\nType ? for help. Type <Ctrl>-D to quit.\n[1 0 0 0 0 1 0 1 0 1 0 1 1 0 0 1 0 1 0 0 1 1 1 1]\n[0 1 0 0 0 1 1 0 1 0 1 0 1 0 0 1 1 0 1 1 0 0 1 1]\n[0 0 1 0 0 0 0 1 1 0 0 1 0 1 0 0 1 0 0 1 0 1 1 0]\n[0 0 0 1 0 0 0 1 1 0 1 0 1 0 0 0 0 1 0 1 0 1 0 1]\n[0 0 0 0 1 1 1 1 1 1 0 0 1 1 0 0 1 1 0 0 0 0 1 1]\n[0 0 0 0 0 0 0 0 0 0 0 0 0 0 1 1 1 1 1 1 1 1 1 1]\n[[12, 6]] quantum code over GF(2^2), stabilised by:\n[ 1 0 0 $.1^2 0 1 0 $.1 $.1^2 1 $.1^2 1]\n[ $.1 0 0 1 0 $.1 0 $.1^2 1 $.1 1 $.1]\n[ 0 1 0 $.1^2 $.1 $.1^2 $.1^2 1 0 $.1 $.1 0]\n[ 0 $.1 0 1 $.1^2 1 1 $.1 0 $.1^2 $.1^2 0]\n[ 0 0 1 1 1 1 1 1 1 1 1 1]\n[ 0 0 $.1 $.1 $.1 $.1 $.1 $.1 $.1 $.1 $.1 $.1]\nQuantum GF(2)-Additive code over GF(4) of length 12 with 18 generators.\nLower Bound: 1, Upper Bound: 4\nConstructed 2 distinct generator matrices\nTotal Ranks: 9 9 \nRelative Ranks: 9 3 \n(4 4 4 4 4 4 4 4 4 )\n(4 4 4 4 4 4 4 4 4 )\n Discarding non-contributing rank 3 matrix\n New Total Ranks: 9 \n New Relative Ranks: 9 \nTime Taken: 0.00\nStarting search for low weight codewords... (reset timings)\nEnumerating using 1 generator at a time:\n New codeword identified of weight 3, time 0.00\n Completed Matrix 1: lower = 2, upper = 3. Elapsed: 0.00s\nTermination predicted with 2 generators at matrix 1\nEnumerating using 2 generators at a time:\n Completed Matrix 1: lower = 3, upper = 3. Elapsed: 0.00s\nComputation complete \nFinal Results: lower = 3, upper = 3,\nTotal CPU time: 0.00, real time: 0.001\n3\n\nTotal time: 0.010 seconds, Total memory usage: 32.09MB\n
A38: [[13,6,3]] | B38: 13 | C38: 6 | D38: 3 | E38: 0 | F38: 0.053350833 | G38: 1 | H38: 1 | I38: Magma V2.28-26 Tue Dec 30 2025 12:10:37 on Marks-MacBook-Air-2 [Seed = \n3990308102]\nType ? for help. Type <Ctrl>-D to quit.\n[1 0 0 0 0 1 0 1 0 1 0 1 0 1 0 0 1 0 1 0 0 1 1 1 1 0]\n[0 1 0 0 0 1 1 0 1 0 1 0 0 1 0 0 1 1 0 1 1 0 0 1 1 0]\n[0 0 1 0 0 0 0 1 1 0 0 1 0 0 1 0 0 1 0 0 1 0 1 1 0 0]\n[0 0 0 1 0 0 0 1 1 0 1 0 0 1 0 0 0 0 1 0 1 0 1 0 1 0]\n[0 0 0 0 1 1 1 1 1 1 0 0 0 1 1 0 0 1 1 0 0 0 0 1 1 0]\n[0 0 0 0 0 0 0 0 0 0 0 0 1 0 0 0 0 0 0 0 0 0 0 0 0 0]\n[0 0 0 0 0 0 0 0 0 0 0 0 0 0 0 1 1 1 1 1 1 1 1 1 1 0]\n[[13, 6]] quantum code over GF(2^2), stabilised by:\n[ 1 0 0 $.1^2 0 1 0 $.1 $.1^2 1 $.1^2 1 0]\n[ $.1 0 0 1 0 $.1 0 $.1^2 1 $.1 1 $.1 0]\n[ 0 1 0 $.1^2 $.1 $.1^2 $.1^2 1 0 $.1 $.1 0 0]\n[ 0 $.1 0 1 $.1^2 1 1 $.1 0 $.1^2 $.1^2 0 0]\n[ 0 0 1 1 1 1 1 1 1 1 1 1 0]\n[ 0 0 $.1 $.1 $.1 $.1 $.1 $.1 $.1 $.1 $.1 $.1 0]\n[ 0 0 0 0 0 0 0 0 0 0 0 0 1]\nQuantum GF(2)-Additive code over GF(4) of length 13 with 19 generators.\nLower Bound: 1, Upper Bound: 5\nConstructed 2 distinct generator matrices\nTotal Ranks: 10 10 \nRelative Ranks: 10 3 \n(4 4 4 4 4 4 4 4 4 2 )\n(4 4 4 4 4 4 4 4 4 2 )\n Discarding non-contributing rank 3 matrix\n New Total Ranks: 10 \n New Relative Ranks: 10 \nTime Taken: 0.00\nStarting search for low weight codewords... (reset timings)\nEnumerating using 1 generator at a time:\n New codeword identified of weight 3, time 0.00\n Impurity detected of weight 1, time 0.00\n Completed Matrix 1: lower = 2, upper = 3. Elapsed: 0.00s\nTermination predicted with 2 generators at matrix 1\nEnumerating using 2 generators at a time:\n Completed Matrix 1: lower = 3, upper = 3. Elapsed: 0.00s\nComputation complete \nFinal Results: lower = 3, upper = 3,\nTotal CPU time: 0.00, real time: 0.001\n3\n\nTotal time: 0.010 seconds, Total memory usage: 32.09MB\n
A39: [[14,2,5]] | B39: 14 | C39: 2 | D39: 5 | E39: 0 | F39: 0.053272625 | G39: 1 | H39: 1 | I39: Magma V2.28-26 Tue Dec 30 2025 12:10:37 on Marks-MacBook-Air-2 [Seed = \n2544713596]\nType ? for help. Type <Ctrl>-D to quit.\n[1 0 0 0 0 0 0 0 0 0 0 0 1 0 0 0 0 1 1 1 0 1 1 1 0 0 0 0]\n[0 1 0 0 0 0 0 0 0 0 0 0 0 1 0 0 0 0 1 1 1 0 1 1 1 0 0 0]\n[0 0 1 0 0 0 0 0 0 0 0 0 1 0 0 0 0 1 1 0 1 0 1 0 1 1 0 0]\n[0 0 0 1 0 0 0 0 0 0 0 0 0 1 0 0 0 0 1 1 0 1 0 1 0 1 1 0]\n[0 0 0 0 1 0 0 0 0 0 0 0 1 0 0 0 0 1 1 0 1 1 0 1 1 0 1 1]\n[0 0 0 0 0 1 0 0 0 0 0 0 0 1 1 0 0 0 1 1 0 1 1 0 1 1 0 1]\n[0 0 0 0 0 0 1 0 0 0 0 0 1 0 1 1 0 1 1 0 1 1 0 0 0 1 1 0]\n[0 0 0 0 0 0 0 1 0 0 0 0 0 1 0 1 1 0 1 1 0 1 1 0 0 0 1 1]\n[0 0 0 0 0 0 0 0 1 0 0 0 1 0 1 0 1 0 1 0 1 1 0 0 0 0 0 1]\n[0 0 0 0 0 0 0 0 0 1 0 0 0 1 1 1 0 1 0 1 0 1 1 0 0 0 0 0]\n[0 0 0 0 0 0 0 0 0 0 1 0 1 0 0 1 1 1 0 1 1 1 0 0 0 0 0 0]\n[0 0 0 0 0 0 0 0 0 0 0 1 0 1 0 0 1 1 1 0 1 1 1 0 0 0 0 0]\n[[14, 2]] quantum code over GF(2^2), stabilised by:\n[1 0 0 0 0 0 1 1 1 $.1 0 $.1 1 1]\n[$.1 0 0 0 0 0 $.1 $.1^2 $.1 1 0 1 $.1 $.1^2]\n[0 1 0 0 0 0 1 0 0 $.1^2 $.1 $.1 $.1^2 0]\n[0 $.1 0 0 0 0 $.1^2 0 0 1 1 $.1^2 $.1 0]\n[0 0 1 0 0 0 0 1 0 0 $.1^2 $.1 $.1 $.1^2]\n[0 0 $.1 0 0 0 0 $.1^2 0 0 1 1 $.1^2 $.1]\n[0 0 0 1 0 0 $.1^2 $.1 $.1 $.1^2 0 0 1 0]\n[0 0 0 $.1 0 0 $.1 $.1^2 1 1 0 0 $.1^2 0]\n[0 0 0 0 1 0 0 $.1^2 $.1 $.1 $.1^2 0 0 1]\n[0 0 0 0 $.1 0 0 $.1 $.1^2 1 1 0 0 $.1^2]\n[0 0 0 0 0 1 1 1 $.1 0 $.1 1 1 1]\n[0 0 0 0 0 $.1 $.1^2 $.1 1 0 1 $.1 $.1^2 $.1]\nQuantum GF(2)-Additive code over GF(4) of length 14 with 16 generators.\nLower Bound: 1, Upper Bound: 7\nConstructed 2 distinct generator matrices\nTotal Ranks: 8 8 \nRelative Ranks: 8 6 \n(4 4 4 4 4 4 4 4 )\n(4 4 4 4 4 4 4 4 )\nTime Taken: 0.00\nStarting search for low weight codewords... (reset timings)\nEnumerating using 1 generator at a time:\n New codeword identified of weight 5, time 0.00\n Completed Matrix 1: lower = 2, upper = 5. Elapsed: 0.00s\n Completed Matrix 2: lower = 2, upper = 5. Elapsed: 0.00s\nTermination predicted with 3 generators at matrix 1\nEnumerating using 2 generators at a time:\n Completed Matrix 1: lower = 3, upper = 5. Elapsed: 0.00s\n Completed Matrix 2: lower = 4, upper = 5. Elapsed: 0.00s\nTermination predicted with 3 generators at matrix 1\nEnumerating using 3 generators at a time:\n Completed Matrix 1: lower = 5, upper = 5. Elapsed: 0.00s\nComputation complete \nFinal Results: lower = 5, upper = 5,\nTotal CPU time: 0.00, real time: 0.001\n5\n\nTotal time: 0.010 seconds, Total memory usage: 32.09MB\n
A40: [[15,2,5]] | B40: 15 | C40: 2 | D40: 5 | E40: 0 | F40: 0.054226708991336636 | G40: 1 | H40: 1 | I40: Magma V2.28-26 Tue Dec 30 2025 12:10:37 on Marks-MacBook-Air-2 [Seed = \n2443917690]\nType ? for help. Type <Ctrl>-D to quit.\n[1 0 0 0 0 0 0 0 0 0 0 0 1 0 0 0 0 0 1 1 1 0 1 1 1 0 0 0 0 0]\n[0 1 0 0 0 0 0 0 0 0 0 0 0 1 0 0 0 0 0 1 1 1 0 1 1 1 0 0 0 0]\n[0 0 1 0 0 0 0 0 0 0 0 0 1 0 0 0 0 0 1 1 0 1 0 1 0 1 1 0 0 0]\n[0 0 0 1 0 0 0 0 0 0 0 0 0 1 0 0 0 0 0 1 1 0 1 0 1 0 1 1 0 0]\n[0 0 0 0 1 0 0 0 0 0 0 0 1 0 0 0 0 0 1 1 0 1 1 0 1 1 0 1 1 0]\n[0 0 0 0 0 1 0 0 0 0 0 0 0 1 0 1 0 0 0 1 1 0 1 1 0 1 1 0 1 0]\n[0 0 0 0 0 0 1 0 0 0 0 0 1 0 0 1 1 0 1 1 0 1 1 0 0 0 1 1 0 0]\n[0 0 0 0 0 0 0 1 0 0 0 0 0 1 0 0 1 1 0 1 1 0 1 1 0 0 0 1 1 0]\n[0 0 0 0 0 0 0 0 1 0 0 0 1 0 0 1 0 1 0 1 0 1 1 0 0 0 0 0 1 0]\n[0 0 0 0 0 0 0 0 0 1 0 0 0 1 0 1 1 0 1 0 1 0 1 1 0 0 0 0 0 0]\n[0 0 0 0 0 0 0 0 0 0 1 0 1 0 0 0 1 1 1 0 1 1 1 0 0 0 0 0 0 0]\n[0 0 0 0 0 0 0 0 0 0 0 1 0 1 0 0 0 1 1 1 0 1 1 1 0 0 0 0 0 0]\n[0 0 0 0 0 0 0 0 0 0 0 0 0 0 1 0 0 0 0 0 0 0 0 0 0 0 0 0 0 0]\n[[15, 2]] quantum code over GF(2^2), stabilised by:\n[1 0 0 0 0 0 1 1 1 $.1 0 $.1 1 1 0]\n[$.1 0 0 0 0 0 $.1 $.1^2 $.1 1 0 1 $.1 $.1^2 0]\n[0 1 0 0 0 0 1 0 0 $.1^2 $.1 $.1 $.1^2 0 0]\n[0 $.1 0 0 0 0 $.1^2 0 0 1 1 $.1^2 $.1 0 0]\n[0 0 1 0 0 0 0 1 0 0 $.1^2 $.1 $.1 $.1^2 0]\n[0 0 $.1 0 0 0 0 $.1^2 0 0 1 1 $.1^2 $.1 0]\n[0 0 0 1 0 0 $.1^2 $.1 $.1 $.1^2 0 0 1 0 0]\n[0 0 0 $.1 0 0 $.1 $.1^2 1 1 0 0 $.1^2 0 0]\n[0 0 0 0 1 0 0 $.1^2 $.1 $.1 $.1^2 0 0 1 0]\n[0 0 0 0 $.1 0 0 $.1 $.1^2 1 1 0 0 $.1^2 0]\n[0 0 0 0 0 1 1 1 $.1 0 $.1 1 1 1 0]\n[0 0 0 0 0 $.1 $.1^2 $.1 1 0 1 $.1 $.1^2 $.1 0]\n[0 0 0 0 0 0 0 0 0 0 0 0 0 0 1]\nQuantum GF(2)-Additive code over GF(4) of length 15 with 17 generators.\nLower Bound: 1, Upper Bound: 8\nConstructed 2 distinct generator matrices\nTotal Ranks: 9 9 \nRelative Ranks: 9 6 \n(4 4 4 4 4 4 4 4 2 )\n(4 4 4 4 4 4 4 4 2 )\nTime Taken: 0.00\nStarting search for low weight codewords... (reset timings)\nEnumerating using 1 generator at a time:\n New codeword identified of weight 5, time 0.00\n Impurity detected of weight 1, time 0.00\n Completed Matrix 1: lower = 2, upper = 5. Elapsed: 0.00s\n Completed Matrix 2: lower = 2, upper = 5. Elapsed: 0.00s\nTermination predicted with 3 generators at matrix 2\nEnumerating using 2 generators at a time:\n Completed Matrix 1: lower = 3, upper = 5. Elapsed: 0.00s\n Completed Matrix 2: lower = 3, upper = 5. Elapsed: 0.00s\nTermination predicted with 3 generators at matrix 2\nEnumerating using 3 generators at a time:\n Completed Matrix 1: lower = 4, upper = 5. Elapsed: 0.00s\n Completed Matrix 2: lower = 5, upper = 5. Elapsed: 0.00s\nComputation complete \nFinal Results: lower = 5, upper = 5,\nTotal CPU time: 0.00, real time: 0.002\n5\n\nTotal time: 0.010 seconds, Total memory usage: 32.09MB\n
A41: [[16,1,6]] | B41: 16 | C41: 1 | D41: 6 | E41: 0 | F41: 0.053124625 | G41: 1 | H41: 1 | I41: Magma V2.28-26 Tue Dec 30 2025 12:10:37 on Marks-MacBook-Air-2 [Seed = \n2611032944]\nType ? for help. Type <Ctrl>-D to quit.\n[1 0 0 0 0 0 0 0 0 0 0 0 0 0 0 1 0 1 1 0 0 1 1 1 1 1 1 0 0 1 1 0]\n[0 1 0 0 0 0 0 0 0 0 0 0 0 0 0 1 0 0 0 1 1 1 1 1 0 0 1 0 0 0 0 1]\n[0 0 1 0 0 0 0 0 0 0 0 0 0 0 0 1 1 1 1 0 1 0 0 0 0 1 1 1 0 1 1 0]\n[0 0 0 1 0 0 0 0 0 0 0 0 0 0 0 1 0 0 0 0 0 1 0 1 1 0 1 1 0 1 0 0]\n[0 0 0 0 1 0 0 0 0 0 0 0 0 0 0 1 0 0 1 0 1 1 1 0 0 0 0 0 1 0 0 0]\n[0 0 0 0 0 1 0 0 0 0 0 0 0 0 0 1 0 1 1 0 0 1 1 0 1 0 0 0 1 0 1 1]\n[0 0 0 0 0 0 1 0 0 0 0 0 0 0 0 1 1 0 0 0 1 0 0 1 1 1 1 1 1 1 1 0]\n[0 0 0 0 0 0 0 1 0 0 0 0 0 0 0 1 0 1 1 0 1 0 0 0 0 0 1 0 1 1 0 1]\n[0 0 0 0 0 0 0 0 1 0 0 0 0 0 0 1 1 1 0 1 0 0 1 1 1 1 1 1 0 0 0 0]\n[0 0 0 0 0 0 0 0 0 1 0 0 0 0 0 1 0 0 0 1 1 0 0 0 0 1 1 1 0 1 1 1]\n[0 0 0 0 0 0 0 0 0 0 1 0 0 0 0 1 1 0 1 1 0 1 1 0 1 0 0 0 0 0 0 0]\n[0 0 0 0 0 0 0 0 0 0 0 1 0 0 0 1 0 1 1 1 0 1 1 1 1 0 0 1 0 0 1 0]\n[0 0 0 0 0 0 0 0 0 0 0 0 1 0 0 1 0 1 0 0 1 0 1 0 0 1 0 0 0 1 1 0]\n[0 0 0 0 0 0 0 0 0 0 0 0 0 1 0 1 0 0 0 0 1 0 0 1 1 1 1 1 0 0 0 1]\n[0 0 0 0 0 0 0 0 0 0 0 0 0 0 1 1 1 1 1 0 0 0 1 1 0 0 0 1 1 1 1 0]\n[[16, 1]] quantum code over GF(2^2), stabilised by:\n[1 0 0 0 0 0 0 $.1 $.1 $.1^2 $.1 $.1^2 0 1 $.1 0]\n[$.1 0 0 0 0 0 0 $.1 $.1^2 $.1^2 0 0 1 0 0 $.1^2]\n[0 1 0 0 0 0 0 0 $.1 $.1 $.1^2 $.1 $.1^2 0 1 $.1]\n[0 $.1 0 0 0 0 0 0 $.1^2 $.1^2 1 $.1^2 1 0 $.1 $.1^2]\n[0 0 1 0 0 0 0 $.1 $.1^2 $.1^2 $.1^2 $.1^2 $.1 $.1 1 $.1]\n[0 0 $.1 0 0 0 0 $.1 1 $.1^2 $.1 0 $.1 1 1 0]\n[0 0 0 1 0 0 0 $.1 1 $.1 $.1 $.1^2 $.1^2 $.1^2 $.1^2 $.1]\n[0 0 0 $.1 0 0 0 $.1 $.1 1 0 0 0 $.1^2 $.1 0]\n[0 0 0 0 1 0 0 $.1 1 0 $.1^2 $.1 $.1^2 $.1 $.1 0]\n[0 0 0 0 $.1 0 0 $.1 $.1 $.1 $.1 $.1 0 1 0 $.1^2]\n[0 0 0 0 0 1 0 0 $.1 1 0 $.1^2 $.1 $.1^2 $.1 $.1]\n[0 0 0 0 0 $.1 0 0 $.1^2 $.1 0 1 $.1^2 1 $.1^2 $.1^2]\n[0 0 0 0 0 0 1 $.1 $.1^2 $.1^2 0 0 $.1^2 $.1^2 $.1 1]\n[0 0 0 0 0 0 $.1 $.1 1 $.1^2 $.1^2 1 0 $.1^2 0 1]\n[0 0 0 0 0 0 0 1 0 $.1 $.1^2 1 1 $.1 $.1^2 $.1^2]\nQuantum GF(2)-Additive code over GF(4) of length 16 with 17 generators.\nLower Bound: 1, Upper Bound: 9\nConstructed 2 distinct generator matrices\nTotal Ranks: 9 9 \nRelative Ranks: 9 7 \n(4 4 4 4 4 4 4 4 2 )\n(4 4 4 4 4 4 4 4 2 )\nTime Taken: 0.00\nStarting search for low weight codewords... (reset timings)\nEnumerating using 1 generator at a time:\n New codeword identified of weight 8, time 0.00\n New codeword identified of weight 7, time 0.00\n New codeword identified of weight 6, time 0.00\n Completed Matrix 1: lower = 2, upper = 6. Elapsed: 0.00s\n Completed Matrix 2: lower = 2, upper = 6. Elapsed: 0.00s\nTermination predicted with 3 generators at matrix 2\nEnumerating using 2 generators at a time:\n Completed Matrix 1: lower = 3, upper = 6. Elapsed: 0.00s\n Completed Matrix 2: lower = 4, upper = 6. Elapsed: 0.00s\nTermination predicted with 3 generators at matrix 2\nEnumerating using 3 generators at a time:\n Completed Matrix 1: lower = 5, upper = 6. Elapsed: 0.00s\n Completed Matrix 2: lower = 6, upper = 6. Elapsed: 0.00s\nComputation complete \nFinal Results: lower = 6, upper = 6,\nTotal CPU time: 0.00, real time: 0.001\n6\n\nTotal time: 0.010 seconds, Total memory usage: 32.09MB\n
A42: [[17,3,5]] | B42: 17 | C42: 3 | D42: 5 | E42: 0 | F42: 0.054344375006621704 | G42: 1 | H42: 1 | I42: Magma V2.28-26 Tue Dec 30 2025 12:10:37 on Marks-MacBook-Air-2 [Seed = \n2243898734]\nType ? for help. Type <Ctrl>-D to quit.\n[1 0 0 0 0 0 0 0 0 0 0 0 1 0 0 0 0 0 0 1 0 1 1 0 1 1 0 1 0 0 0 0 0 0]\n[0 1 0 0 0 0 0 0 0 0 0 0 0 1 0 0 0 0 0 0 1 0 1 1 0 1 1 0 1 0 0 0 0 0]\n[0 0 1 0 0 0 0 0 0 0 0 0 0 0 1 0 0 0 0 0 0 1 0 1 1 0 1 1 0 1 0 0 0 0]\n[0 0 0 1 0 0 0 0 0 0 0 0 1 0 0 0 0 0 1 0 0 1 1 1 1 1 1 1 1 0 0 1 0 0]\n[0 0 0 0 1 0 0 0 0 0 0 0 0 0 1 0 0 1 1 0 0 1 1 0 1 0 0 0 1 0 1 1 0 0]\n[0 0 0 0 0 1 0 0 0 0 0 0 1 1 1 0 0 1 1 0 0 0 1 1 0 0 0 1 0 0 0 1 0 0]\n[0 0 0 0 0 0 1 0 0 0 0 0 1 0 0 0 0 1 1 0 0 0 0 1 1 1 0 1 1 1 0 0 0 0]\n[0 0 0 0 0 0 0 1 0 0 0 0 0 1 0 0 0 0 1 1 0 0 0 0 1 1 1 0 1 1 1 0 0 0]\n[0 0 0 0 0 0 0 0 1 0 0 0 0 0 1 0 0 0 0 1 1 0 0 0 0 1 1 1 0 1 1 1 0 0]\n[0 0 0 0 0 0 0 0 0 1 0 0 1 1 1 0 0 1 0 1 1 1 0 0 0 1 1 0 1 1 1 1 0 0]\n[0 0 0 0 0 0 0 0 0 0 1 0 1 0 0 0 0 1 1 1 1 1 1 0 0 1 1 0 0 0 1 1 0 0]\n[0 0 0 0 0 0 0 0 0 0 0 1 0 0 1 0 0 1 0 0 1 0 1 0 0 1 0 0 0 1 1 0 0 0]\n[0 0 0 0 0 0 0 0 0 0 0 0 0 0 0 1 0 0 0 0 0 0 0 0 0 0 0 0 0 0 0 0 0 0]\n[0 0 0 0 0 0 0 0 0 0 0 0 0 0 0 0 1 0 0 0 0 0 0 0 0 0 0 0 0 0 0 0 0 0]\n[[17, 3]] quantum code over GF(2^2), stabilised by:\n[1 0 0 0 0 0 0 $.1 $.1 $.1^2 $.1 $.1^2 0 1 $.1 0 0]\n[$.1 0 0 0 0 0 0 $.1^2 $.1^2 1 $.1^2 1 0 $.1 $.1^2 0 0]\n[0 1 0 0 0 0 $.1 $.1^2 $.1^2 $.1^2 $.1^2 $.1 $.1 1 $.1 0 0]\n[0 $.1 0 0 0 0 $.1^2 1 1 1 1 $.1^2 $.1^2 $.1 $.1^2 0 0]\n[0 0 1 0 0 0 $.1 1 $.1 $.1 $.1^2 $.1^2 $.1^2 $.1^2 $.1 0 0]\n[0 0 $.1 0 0 0 $.1^2 $.1 $.1^2 $.1^2 1 1 1 1 $.1^2 0 0]\n[0 0 0 1 0 0 $.1 1 0 $.1^2 $.1 $.1^2 $.1 $.1 0 0 0]\n[0 0 0 $.1 0 0 $.1^2 $.1 0 1 $.1^2 1 $.1^2 $.1^2 0 0 0]\n[0 0 0 0 1 0 0 $.1 1 0 $.1^2 $.1 $.1^2 $.1 $.1 0 0]\n[0 0 0 0 $.1 0 0 $.1^2 $.1 0 1 $.1^2 1 $.1^2 $.1^2 0 0]\n[0 0 0 0 0 1 $.1 $.1^2 $.1^2 0 0 $.1^2 $.1^2 $.1 1 0 0]\n[0 0 0 0 0 $.1 $.1^2 1 1 0 0 1 1 $.1^2 $.1 0 0]\n[0 0 0 0 0 0 0 0 0 0 0 0 0 0 0 1 0]\n[0 0 0 0 0 0 0 0 0 0 0 0 0 0 0 0 1]\nQuantum GF(2)-Additive code over GF(4) of length 17 with 20 generators.\nLower Bound: 1, Upper Bound: 8\nConstructed 2 distinct generator matrices\nTotal Ranks: 11 11 \nRelative Ranks: 11 6 \n(4 4 4 4 4 4 4 4 4 2 2 )\n(4 4 4 4 4 4 4 4 4 2 2 )\nTime Taken: 0.00\nStarting search for low weight codewords... (reset timings)\nEnumerating using 1 generator at a time:\n New codeword identified of weight 6, time 0.00\n New codeword identified of weight 5, time 0.00\n Impurity detected of weight 1, time 0.00\n Discarding non-contributing rank 6 matrix\n New Total Ranks: 11 \n New Relative Ranks: 11 \n Completed Matrix 1: lower = 2, upper = 5. Elapsed: 0.00s\nTermination predicted with 4 generators at matrix 1\nEnumerating using 2 generators at a time:\n Completed Matrix 1: lower = 3, upper = 5. Elapsed: 0.00s\nTermination predicted with 4 generators at matrix 1\nEnumerating using 3 generators at a time:\n Completed Matrix 1: lower = 4, upper = 5. Elapsed: 0.00s\nTermination predicted with 4 generators at matrix 1\nEnumerating using 4 generators at a time:\n Completed Matrix 1: lower = 5, upper = 5. Elapsed: 0.00s\nComputation complete \nFinal Results: lower = 5, upper = 5,\nTotal CPU time: 0.00, real time: 0.002\n5\n\nTotal time: 0.010 seconds, Total memory usage: 32.09MB\n
A43: [[18,5,5]] | B43: 18 | C43: 5 | D43: 5 | E43: 0 | F43: 0.054014333 | G43: 1 | H43: 1 | I43: Magma V2.28-26 Tue Dec 30 2025 12:10:37 on Marks-MacBook-Air-2 [Seed = \n2411013988]\nType ? for help. Type <Ctrl>-D to quit.\n[1 0 0 0 0 0 0 0 0 0 0 0 0 1 1 0 0 0 1 0 1 1 1 0 0 0 1 1 1 1 0 1 0 1 0 0]\n[0 1 0 0 0 0 0 0 0 0 0 0 0 1 1 1 0 0 1 1 1 0 0 1 0 0 1 0 0 0 0 1 0 1 0 1]\n[0 0 1 0 0 0 0 0 0 0 0 0 0 1 1 1 1 0 0 1 0 0 1 0 1 0 1 0 1 1 1 1 0 1 0 1]\n[0 0 0 1 0 0 0 0 0 0 0 0 0 1 1 1 1 1 1 0 0 1 1 1 0 1 1 0 1 0 1 0 0 1 0 1]\n[0 0 0 0 1 0 0 0 0 0 0 0 0 0 0 0 0 0 0 1 1 1 0 1 0 1 1 1 0 1 0 1 0 0 1 0]\n[0 0 0 0 0 1 0 0 0 0 0 0 0 1 0 0 0 0 0 0 0 0 0 0 0 0 0 0 0 1 0 1 0 1 1 0]\n[0 0 0 0 0 0 1 0 0 0 0 0 0 1 0 0 0 1 0 0 0 1 1 0 0 0 0 1 0 1 1 1 0 1 1 1]\n[0 0 0 0 0 0 0 1 0 0 0 0 0 1 0 1 1 1 0 0 0 0 1 1 0 1 1 1 0 1 0 0 0 1 0 0]\n[0 0 0 0 0 0 0 0 1 0 0 0 0 1 0 1 0 0 1 0 0 0 0 1 0 1 0 0 0 1 1 1 1 1 0 1]\n[0 0 0 0 0 0 0 0 0 1 0 0 0 0 1 0 1 0 1 1 0 0 0 0 1 0 1 0 0 0 1 1 1 1 1 0]\n[0 0 0 0 0 0 0 0 0 0 1 0 0 0 0 1 0 1 0 1 1 0 0 0 0 1 0 1 0 0 0 1 1 1 1 1]\n[0 0 0 0 0 0 0 0 0 0 0 1 0 1 1 1 0 1 0 0 1 1 0 0 1 1 0 1 0 1 0 1 0 0 0 0]\n[0 0 0 0 0 0 0 0 0 0 0 0 1 1 1 1 1 1 0 0 0 0 0 0 1 1 1 1 1 1 1 1 1 1 1 1]\n[[18, 5]] quantum code over GF(2^2), stabilised by:\n[1 0 0 0 0 0 0 1 $.1^2 0 0 $.1^2 1 1 1 0 $.1 1]\n[$.1 0 0 0 0 $.1 0 $.1 1 0 0 $.1 $.1 $.1^2 $.1 $.1^2 0 $.1]\n[0 1 0 0 0 0 0 0 $.1^2 $.1 1 $.1 $.1 $.1 1 $.1^2 $.1 $.1^2]\n[0 $.1 0 0 0 $.1 0 0 1 $.1^2 $.1 0 $.1^2 $.1 $.1 $.1 0 1]\n[0 0 1 0 0 0 0 1 $.1^2 $.1^2 $.1 $.1 $.1 $.1^2 0 1 $.1^2 1]\n[0 0 $.1 0 0 $.1 0 $.1 1 1 $.1^2 0 $.1^2 0 0 1 $.1 $.1]\n[0 0 0 1 0 0 0 1 $.1 $.1^2 $.1^2 1 0 $.1^2 1 0 1 0]\n[0 0 0 $.1 0 $.1 0 $.1 $.1^2 1 1 1 0 0 $.1 $.1^2 1 0]\n[0 0 0 0 1 0 0 $.1 1 1 0 $.1^2 0 0 0 0 1 $.1^2]\n[0 0 0 0 $.1 $.1 0 $.1^2 $.1 $.1 0 $.1 0 1 0 $.1^2 1 1]\n[0 0 0 0 0 1 0 0 0 0 0 $.1 0 $.1^2 0 $.1 $.1 0]\n[0 0 0 0 0 0 1 1 1 1 1 1 $.1 $.1 $.1 $.1 $.1 $.1]\n[0 0 0 0 0 0 $.1 $.1 $.1 $.1 $.1 $.1 $.1^2 $.1^2 $.1^2 $.1^2 $.1^2 $.1^2]\nQuantum GF(2)-Additive code over GF(4) of length 18 with 23 generators.\nLower Bound: 1, Upper Bound: 8\nConstructed 2 distinct generator matrices\nTotal Ranks: 12 12 \nRelative Ranks: 12 6 \n(4 4 4 4 4 4 4 4 4 4 2 4 )\n(4 4 4 4 4 4 4 4 4 4 4 2 )\nTime Taken: 0.00\nStarting search for low weight codewords... (reset timings)\nEnumerating using 1 generator at a time:\n New codeword identified of weight 6, time 0.00\n New codeword identified of weight 5, time 0.00\n Discarding non-contributing rank 6 matrix\n New Total Ranks: 12 \n New Relative Ranks: 12 \n Completed Matrix 1: lower = 2, upper = 5. Elapsed: 0.00s\nTermination predicted with 4 generators at matrix 1\nEnumerating using 2 generators at a time:\n Completed Matrix 1: lower = 3, upper = 5. Elapsed: 0.00s\nTermination predicted with 4 generators at matrix 1\nEnumerating using 3 generators at a time:\n Completed Matrix 1: lower = 4, upper = 5. Elapsed: 0.00s\nTermination predicted with 4 generators at matrix 1\nEnumerating using 4 generators at a time:\n Completed Matrix 1: lower = 5, upper = 5. Elapsed: 0.00s\nComputation complete \nFinal Results: lower = 5, upper = 5,\nTotal CPU time: 0.00, real time: 0.002\n5\n\nTotal time: 0.010 seconds, Total memory usage: 32.09MB\n
A44: [[19,5,5]] | B44: 19 | C44: 5 | D44: 5 | E44: 0 | F44: 0.054391625002608635 | G44: 1 | H44: 1 | I44: Magma V2.28-26 Tue Dec 30 2025 12:10:37 on Marks-MacBook-Air-2 [Seed = \n2310218082]\nType ? for help. Type <Ctrl>-D to quit.\n[1 0 0 0 0 0 0 0 0 0 0 0 0 1 1 0 0 0 0 1 0 1 1 1 0 0 0 1 1 1 1 0 1 0 1 0 0 0]\n[0 1 0 0 0 0 0 0 0 0 0 0 0 1 1 1 0 0 0 1 1 1 0 0 1 0 0 1 0 0 0 0 1 0 1 0 1 0]\n[0 0 1 0 0 0 0 0 0 0 0 0 0 1 1 1 1 0 0 0 1 0 0 1 0 1 0 1 0 1 1 1 1 0 1 0 1 0]\n[0 0 0 1 0 0 0 0 0 0 0 0 0 1 1 1 1 1 0 1 0 0 1 1 1 0 1 1 0 1 0 1 0 0 1 0 1 0]\n[0 0 0 0 1 0 0 0 0 0 0 0 0 0 0 0 0 0 0 0 1 1 1 0 1 0 1 1 1 0 1 0 1 0 0 1 0 0]\n[0 0 0 0 0 1 0 0 0 0 0 0 0 1 0 0 0 0 0 0 0 0 0 0 0 0 0 0 0 0 1 0 1 0 1 1 0 0]\n[0 0 0 0 0 0 1 0 0 0 0 0 0 1 0 0 0 1 0 0 0 0 1 1 0 0 0 0 1 0 1 1 1 0 1 1 1 0]\n[0 0 0 0 0 0 0 1 0 0 0 0 0 1 0 1 1 1 0 0 0 0 0 1 1 0 1 1 1 0 1 0 0 0 1 0 0 0]\n[0 0 0 0 0 0 0 0 1 0 0 0 0 1 0 1 0 0 0 1 0 0 0 0 1 0 1 0 0 0 1 1 1 1 1 0 1 0]\n[0 0 0 0 0 0 0 0 0 1 0 0 0 0 1 0 1 0 0 1 1 0 0 0 0 1 0 1 0 0 0 1 1 1 1 1 0 0]\n[0 0 0 0 0 0 0 0 0 0 1 0 0 0 0 1 0 1 0 0 1 1 0 0 0 0 1 0 1 0 0 0 1 1 1 1 1 0]\n[0 0 0 0 0 0 0 0 0 0 0 1 0 1 1 1 0 1 0 0 0 1 1 0 0 1 1 0 1 0 1 0 1 0 0 0 0 0]\n[0 0 0 0 0 0 0 0 0 0 0 0 1 1 1 1 1 1 0 0 0 0 0 0 0 1 1 1 1 1 1 1 1 1 1 1 1 0]\n[0 0 0 0 0 0 0 0 0 0 0 0 0 0 0 0 0 0 1 0 0 0 0 0 0 0 0 0 0 0 0 0 0 0 0 0 0 0]\n[[19, 5]] quantum code over GF(2^2), stabilised by:\n[1 0 0 0 0 0 0 1 $.1^2 0 0 $.1^2 1 1 1 0 $.1 1 0]\n[$.1 0 0 0 0 $.1 0 $.1 1 0 0 $.1 $.1 $.1^2 $.1 $.1^2 0 $.1 0]\n[0 1 0 0 0 0 0 0 $.1^2 $.1 1 $.1 $.1 $.1 1 $.1^2 $.1 $.1^2 0]\n[0 $.1 0 0 0 $.1 0 0 1 $.1^2 $.1 0 $.1^2 $.1 $.1 $.1 0 1 0]\n[0 0 1 0 0 0 0 1 $.1^2 $.1^2 $.1 $.1 $.1 $.1^2 0 1 $.1^2 1 0]\n[0 0 $.1 0 0 $.1 0 $.1 1 1 $.1^2 0 $.1^2 0 0 1 $.1 $.1 0]\n[0 0 0 1 0 0 0 1 $.1 $.1^2 $.1^2 1 0 $.1^2 1 0 1 0 0]\n[0 0 0 $.1 0 $.1 0 $.1 $.1^2 1 1 1 0 0 $.1 $.1^2 1 0 0]\n[0 0 0 0 1 0 0 $.1 1 1 0 $.1^2 0 0 0 0 1 $.1^2 0]\n[0 0 0 0 $.1 $.1 0 $.1^2 $.1 $.1 0 $.1 0 1 0 $.1^2 1 1 0]\n[0 0 0 0 0 1 0 0 0 0 0 $.1 0 $.1^2 0 $.1 $.1 0 0]\n[0 0 0 0 0 0 1 1 1 1 1 1 $.1 $.1 $.1 $.1 $.1 $.1 0]\n[0 0 0 0 0 0 $.1 $.1 $.1 $.1 $.1 $.1 $.1^2 $.1^2 $.1^2 $.1^2 $.1^2 $.1^2 0]\n[0 0 0 0 0 0 0 0 0 0 0 0 0 0 0 0 0 0 1]\nQuantum GF(2)-Additive code over GF(4) of length 19 with 24 generators.\nLower Bound: 1, Upper Bound: 8\nConstructed 2 distinct generator matrices\nTotal Ranks: 13 13 \nRelative Ranks: 13 6 \n(4 4 4 4 4 4 4 4 4 4 2 4 2 )\n(4 4 4 4 4 4 4 4 4 4 4 2 2 )\n Discarding non-contributing rank 6 matrix\n New Total Ranks: 13 \n New Relative Ranks: 13 \nTime Taken: 0.00\nStarting search for low weight codewords... (reset timings)\nEnumerating using 1 generator at a time:\n New codeword identified of weight 6, time 0.00\n New codeword identified of weight 5, time 0.00\n Impurity detected of weight 1, time 0.00\n Completed Matrix 1: lower = 2, upper = 5. Elapsed: 0.00s\nTermination predicted with 4 generators at matrix 1\nEnumerating using 2 generators at a time:\n Completed Matrix 1: lower = 3, upper = 5. Elapsed: 0.00s\nTermination predicted with 4 generators at matrix 1\nEnumerating using 3 generators at a time:\n Completed Matrix 1: lower = 4, upper = 5. Elapsed: 0.00s\nTermination predicted with 4 generators at matrix 1\nEnumerating using 4 generators at a time:\n Completed Matrix 1: lower = 5, upper = 5. Elapsed: 0.00s\nComputation complete \nFinal Results: lower = 5, upper = 5,\nTotal CPU time: 0.00, real time: 0.002\n5\n\nTotal time: 0.010 seconds, Total memory usage: 32.09MB\n
A45: [[20,3,6]] | B45: 20 | C45: 3 | D45: 6 | E45: 0 | F45: 0.054379583001718856 | G45: 1 | H45: 1 | I45: Magma V2.28-26 Tue Dec 30 2025 12:10:37 on Marks-MacBook-Air-2 [Seed = \n3012107096]\nType ? for help. Type <Ctrl>-D to quit.\n[1 0 0 0 0 0 0 0 0 0 0 0 0 0 0 0 0 1 1 0 0 0 0 1 0 1 0 0 0 1 0 0 0 0 0 0 1 1 1 \n 0]\n[0 1 0 0 0 0 0 0 0 0 0 0 0 0 0 0 0 1 1 1 0 1 1 0 0 1 1 1 0 1 0 0 0 1 1 1 1 1 1 \n 1]\n[0 0 1 0 0 0 0 0 0 0 0 0 0 0 0 0 0 1 0 1 0 0 0 1 0 1 0 1 1 1 1 0 0 1 1 1 0 1 0 \n 0]\n[0 0 0 1 0 0 0 0 0 0 0 0 0 0 0 0 0 0 0 0 1 1 0 0 0 0 0 1 1 1 0 1 0 0 0 0 1 0 0 \n 1]\n[0 0 0 0 1 0 0 0 0 0 0 0 0 0 0 0 0 1 0 0 0 0 0 0 1 1 0 1 1 0 1 0 1 1 1 1 1 1 0 \n 0]\n[0 0 0 0 0 1 0 0 0 0 0 0 0 0 0 0 0 1 1 0 1 1 1 0 1 0 1 1 1 0 0 1 0 0 0 0 0 1 1 \n 0]\n[0 0 0 0 0 0 1 0 0 0 0 0 0 0 0 0 0 1 1 1 1 0 0 1 1 0 0 0 1 0 0 0 1 1 1 1 1 0 1 \n 1]\n[0 0 0 0 0 0 0 1 0 0 0 0 0 0 0 0 0 1 0 1 1 1 1 0 1 0 1 0 0 0 1 0 0 0 1 1 0 1 1 \n 0]\n[0 0 0 0 0 0 0 0 1 0 0 0 0 0 0 0 0 0 0 0 0 0 1 1 1 1 1 0 0 0 0 1 0 0 1 0 1 0 0 \n 0]\n[0 0 0 0 0 0 0 0 0 1 0 0 0 0 0 0 0 1 0 0 1 1 1 1 0 0 1 0 0 1 0 0 1 1 1 0 1 1 0 \n 0]\n[0 0 0 0 0 0 0 0 0 0 1 0 0 0 0 0 0 0 1 0 0 1 0 0 1 0 1 1 0 0 0 0 0 0 1 1 0 0 1 \n 1]\n[0 0 0 0 0 0 0 0 0 0 0 1 0 0 0 0 0 1 0 1 1 1 0 0 1 0 0 0 1 1 1 0 0 1 1 0 0 0 0 \n 1]\n[0 0 0 0 0 0 0 0 0 0 0 0 1 0 0 0 0 1 0 0 0 1 0 0 0 0 1 0 0 0 1 1 0 1 1 1 1 0 1 \n 1]\n[0 0 0 0 0 0 0 0 0 0 0 0 0 1 0 0 0 0 1 0 0 0 1 0 0 0 0 1 0 0 1 1 1 0 1 1 1 1 0 \n 1]\n[0 0 0 0 0 0 0 0 0 0 0 0 0 0 1 0 0 0 0 1 0 0 0 1 0 0 0 0 1 0 1 1 1 1 0 1 1 1 1 \n 0]\n[0 0 0 0 0 0 0 0 0 0 0 0 0 0 0 1 0 0 1 0 0 1 0 0 0 0 1 1 0 1 0 1 1 1 0 1 1 1 0 \n 0]\n[0 0 0 0 0 0 0 0 0 0 0 0 0 0 0 0 1 1 0 1 0 1 0 0 1 1 0 0 1 1 0 0 1 0 0 1 0 1 1 \n 0]\n[[20, 3]] quantum code over GF(2^2), stabilised by:\n[1 0 0 0 0 0 0 0 0 $.1^2 0 1 0 $.1^2 $.1 $.1^2 1 $.1 1 0]\n[$.1 0 0 0 0 0 0 0 $.1 1 0 $.1 0 $.1^2 1 $.1^2 0 1 $.1 $.1^2]\n[0 1 0 0 0 0 0 0 $.1 $.1^2 $.1 $.1^2 1 0 1 $.1^2 $.1^2 $.1^2 0 $.1]\n[0 $.1 0 0 0 0 0 0 0 1 $.1^2 1 $.1 $.1^2 1 $.1 $.1 $.1 0 $.1]\n[0 0 1 0 0 0 0 0 $.1 1 0 1 $.1^2 1 $.1 0 $.1^2 1 1 $.1^2]\n[0 0 $.1 0 0 0 0 0 0 $.1 0 $.1 1 1 0 $.1^2 $.1 1 $.1 0]\n[0 0 0 1 0 0 0 0 0 0 1 1 1 0 $.1 0 0 0 1 1]\n[0 0 0 $.1 0 0 0 0 $.1 0 $.1 $.1 $.1 $.1 1 $.1 $.1 $.1 $.1 1]\n[0 0 0 0 1 0 0 0 0 1 $.1^2 1 1 1 1 $.1^2 1 1 1 1]\n[0 0 0 0 $.1 0 0 0 0 $.1 1 $.1 $.1 $.1 $.1 1 $.1 $.1 $.1 $.1]\n[0 0 0 0 0 1 0 0 0 $.1^2 1 $.1 1 $.1 $.1^2 $.1 $.1 $.1^2 0 1]\n[0 0 0 0 0 $.1 0 0 $.1 1 $.1 $.1^2 $.1 1 $.1^2 1 1 $.1^2 0 1]\n[0 0 0 0 0 0 1 0 $.1 $.1^2 $.1^2 $.1 $.1 1 0 $.1 $.1 0 1 $.1^2]\n[0 0 0 0 0 0 $.1 0 0 1 1 $.1^2 $.1^2 1 $.1^2 0 0 $.1^2 $.1 0]\n[0 0 0 0 0 0 0 1 $.1 1 1 0 $.1 $.1 $.1^2 1 $.1 0 $.1 $.1]\n[0 0 0 0 0 0 0 $.1 0 $.1 $.1 0 $.1^2 0 $.1 1 0 $.1^2 $.1^2 $.1]\n[0 0 0 0 0 0 0 0 1 0 0 0 0 1 1 1 1 1 0 $.1]\nQuantum GF(2)-Additive code over GF(4) of length 20 with 23 generators.\nLower Bound: 1, Upper Bound: 10\nConstructed 2 distinct generator matrices\nTotal Ranks: 12 12 \nRelative Ranks: 12 8 \n(4 4 4 4 4 4 4 4 4 4 4 2 )\n(4 4 4 4 4 4 4 4 4 4 4 2 )\nTime Taken: 0.00\nStarting search for low weight codewords... (reset timings)\nEnumerating using 1 generator at a time:\n New codeword identified of weight 8, time 0.00\n New codeword identified of weight 7, time 0.00\n Completed Matrix 1: lower = 2, upper = 7. Elapsed: 0.00s\n New codeword identified of weight 6, time 0.00\n Completed Matrix 2: lower = 2, upper = 6. Elapsed: 0.00s\nTermination predicted with 4 generators at matrix 2\nEnumerating using 2 generators at a time:\n Completed Matrix 1: lower = 3, upper = 6. Elapsed: 0.00s\n Completed Matrix 2: lower = 3, upper = 6. Elapsed: 0.00s\nTermination predicted with 4 generators at matrix 2\nEnumerating using 3 generators at a time:\n Completed Matrix 1: lower = 4, upper = 6. Elapsed: 0.00s\n Completed Matrix 2: lower = 4, upper = 6. Elapsed: 0.00s\nTermination predicted with 4 generators at matrix 2\nEnumerating using 4 generators at a time:\n Completed Matrix 1: lower = 5, upper = 6. Elapsed: 0.00s\n Completed Matrix 2: lower = 6, upper = 6. Elapsed: 0.00s\nComputation complete \nFinal Results: lower = 6, upper = 6,\nTotal CPU time: 0.00, real time: 0.002\n6\n\nTotal time: 0.010 seconds, Total memory usage: 32.09MB\n
A46: [[21,3,6]] | B46: 21 | C46: 3 | D46: 6 | E46: 0 | F46: 0.083966417 | G46: 1 | H46: 1 | I46: Magma V2.28-26 Tue Dec 30 2025 12:10:37 on Marks-MacBook-Air-2 [Seed = \n3179746646]\nType ? for help. Type <Ctrl>-D to quit.\n[1 0 0 0 0 0 0 0 0 0 0 0 0 0 0 0 0 1 1 0 0 0 0 0 1 0 1 0 0 0 1 0 0 0 0 0 0 1 1 1\n 0 0]\n[0 1 0 0 0 0 0 0 0 0 0 0 0 0 0 0 0 1 1 1 0 0 1 1 0 0 1 1 1 0 1 0 0 0 1 1 1 1 1 1\n 1 0]\n[0 0 1 0 0 0 0 0 0 0 0 0 0 0 0 0 0 1 0 1 0 0 0 0 1 0 1 0 1 1 1 1 0 0 1 1 1 0 1 0\n 0 0]\n[0 0 0 1 0 0 0 0 0 0 0 0 0 0 0 0 0 0 0 0 0 1 1 0 0 0 0 0 1 1 1 0 1 0 0 0 0 1 0 0\n 1 0]\n[0 0 0 0 1 0 0 0 0 0 0 0 0 0 0 0 0 1 0 0 0 0 0 0 0 1 1 0 1 1 0 1 0 1 1 1 1 1 1 0\n 0 0]\n[0 0 0 0 0 1 0 0 0 0 0 0 0 0 0 0 0 1 1 0 0 1 1 1 0 1 0 1 1 1 0 0 1 0 0 0 0 0 1 1\n 0 0]\n[0 0 0 0 0 0 1 0 0 0 0 0 0 0 0 0 0 1 1 1 0 1 0 0 1 1 0 0 0 1 0 0 0 1 1 1 1 1 0 1\n 1 0]\n[0 0 0 0 0 0 0 1 0 0 0 0 0 0 0 0 0 1 0 1 0 1 1 1 0 1 0 1 0 0 0 1 0 0 0 1 1 0 1 1\n 0 0]\n[0 0 0 0 0 0 0 0 1 0 0 0 0 0 0 0 0 0 0 0 0 0 0 1 1 1 1 1 0 0 0 0 1 0 0 1 0 1 0 0\n 0 0]\n[0 0 0 0 0 0 0 0 0 1 0 0 0 0 0 0 0 1 0 0 0 1 1 1 1 0 0 1 0 0 1 0 0 1 1 1 0 1 1 0\n 0 0]\n[0 0 0 0 0 0 0 0 0 0 1 0 0 0 0 0 0 0 1 0 0 0 1 0 0 1 0 1 1 0 0 0 0 0 0 1 1 0 0 1\n 1 0]\n[0 0 0 0 0 0 0 0 0 0 0 1 0 0 0 0 0 1 0 1 0 1 1 0 0 1 0 0 0 1 1 1 0 0 1 1 0 0 0 0\n 1 0]\n[0 0 0 0 0 0 0 0 0 0 0 0 1 0 0 0 0 1 0 0 0 0 1 0 0 0 0 1 0 0 0 1 1 0 1 1 1 1 0 1\n 1 0]\n[0 0 0 0 0 0 0 0 0 0 0 0 0 1 0 0 0 0 1 0 0 0 0 1 0 0 0 0 1 0 0 1 1 1 0 1 1 1 1 0\n 1 0]\n[0 0 0 0 0 0 0 0 0 0 0 0 0 0 1 0 0 0 0 1 0 0 0 0 1 0 0 0 0 1 0 1 1 1 1 0 1 1 1 1\n 0 0]\n[0 0 0 0 0 0 0 0 0 0 0 0 0 0 0 1 0 0 1 0 0 0 1 0 0 0 0 1 1 0 1 0 1 1 1 0 1 1 1 0\n 0 0]\n[0 0 0 0 0 0 0 0 0 0 0 0 0 0 0 0 1 1 0 1 0 0 1 0 0 1 1 0 0 1 1 0 0 1 0 0 1 0 1 1\n 0 0]\n[0 0 0 0 0 0 0 0 0 0 0 0 0 0 0 0 0 0 0 0 1 0 0 0 0 0 0 0 0 0 0 0 0 0 0 0 0 0 0 0\n 0 0]\n[[21, 3]] quantum code over GF(2^2), stabilised by:\n[1 0 0 0 0 0 0 0 0 $.1^2 0 1 0 $.1^2 $.1 $.1^2 1 $.1 1 0 0]\n[$.1 0 0 0 0 0 0 0 $.1 1 0 $.1 0 $.1^2 1 $.1^2 0 1 $.1 $.1^2 0]\n[0 1 0 0 0 0 0 0 $.1 $.1^2 $.1 $.1^2 1 0 1 $.1^2 $.1^2 $.1^2 0 $.1 0]\n[0 $.1 0 0 0 0 0 0 0 1 $.1^2 1 $.1 $.1^2 1 $.1 $.1 $.1 0 $.1 0]\n[0 0 1 0 0 0 0 0 $.1 1 0 1 $.1^2 1 $.1 0 $.1^2 1 1 $.1^2 0]\n[0 0 $.1 0 0 0 0 0 0 $.1 0 $.1 1 1 0 $.1^2 $.1 1 $.1 0 0]\n[0 0 0 1 0 0 0 0 0 0 1 1 1 0 $.1 0 0 0 1 1 0]\n[0 0 0 $.1 0 0 0 0 $.1 0 $.1 $.1 $.1 $.1 1 $.1 $.1 $.1 $.1 1 0]\n[0 0 0 0 1 0 0 0 0 1 $.1^2 1 1 1 1 $.1^2 1 1 1 1 0]\n[0 0 0 0 $.1 0 0 0 0 $.1 1 $.1 $.1 $.1 $.1 1 $.1 $.1 $.1 $.1 0]\n[0 0 0 0 0 1 0 0 0 $.1^2 1 $.1 1 $.1 $.1^2 $.1 $.1 $.1^2 0 1 0]\n[0 0 0 0 0 $.1 0 0 $.1 1 $.1 $.1^2 $.1 1 $.1^2 1 1 $.1^2 0 1 0]\n[0 0 0 0 0 0 1 0 $.1 $.1^2 $.1^2 $.1 $.1 1 0 $.1 $.1 0 1 $.1^2 0]\n[0 0 0 0 0 0 $.1 0 0 1 1 $.1^2 $.1^2 1 $.1^2 0 0 $.1^2 $.1 0 0]\n[0 0 0 0 0 0 0 1 $.1 1 1 0 $.1 $.1 $.1^2 1 $.1 0 $.1 $.1 0]\n[0 0 0 0 0 0 0 $.1 0 $.1 $.1 0 $.1^2 0 $.1 1 0 $.1^2 $.1^2 $.1 0]\n[0 0 0 0 0 0 0 0 1 0 0 0 0 1 1 1 1 1 0 $.1 0]\n[0 0 0 0 0 0 0 0 0 0 0 0 0 0 0 0 0 0 0 0 1]\nQuantum GF(2)-Additive code over GF(4) of length 21 with 24 generators.\nLower Bound: 1, Upper Bound: 10\nConstructed 2 distinct generator matrices\nTotal Ranks: 13 13 \nRelative Ranks: 13 8 \n(4 4 4 4 4 4 4 4 4 4 4 2 2 )\n(4 4 4 4 4 4 4 4 4 4 4 2 2 )\nTime Taken: 0.00\nStarting search for low weight codewords... (reset timings)\nEnumerating using 1 generator at a time:\n New codeword identified of weight 8, time 0.00\n New codeword identified of weight 7, time 0.00\n Impurity detected of weight 1, time 0.00\n Completed Matrix 1: lower = 2, upper = 7. Elapsed: 0.00s\n New codeword identified of weight 6, time 0.00\n Discarding non-contributing rank 8 matrix\n New Total Ranks: 13 \n New Relative Ranks: 13 \n Completed Matrix 2: lower = 2, upper = 6. Elapsed: 0.00s\nTermination predicted with 5 generators at matrix 1\nEnumerating using 2 generators at a time:\n Completed Matrix 1: lower = 3, upper = 6. Elapsed: 0.00s\nTermination predicted with 5 generators at matrix 1\nEnumerating using 3 generators at a time:\n Completed Matrix 1: lower = 4, upper = 6. Elapsed: 0.00s\nTermination predicted with 5 generators at matrix 1\nEnumerating using 4 generators at a time:\n Completed Matrix 1: lower = 5, upper = 6. Elapsed: 0.00s\nTermination predicted with 5 generators at matrix 1\nEnumerating using 5 generators at a time:\n Completed Matrix 1: lower = 6, upper = 6. Elapsed: 0.00s\nComputation complete \nFinal Results: lower = 6, upper = 6,\nTotal CPU time: 0.00, real time: 0.003\n6\n\nTotal time: 0.010 seconds, Total memory usage: 32.09MB\n
A47: [[22,7,5]] | B47: 22 | C47: 7 | D47: 5 | E47: 0 | F47: 0.058356875 | G47: 1 | H47: 1 | I47: Magma V2.28-26 Tue Dec 30 2025 12:10:37 on Marks-MacBook-Air-2 [Seed = \n2778664270]\nType ? for help. Type <Ctrl>-D to quit.\n[1 0 0 0 0 0 0 0 0 0 0 1 0 1 0 1 0 1 1 0 0 0 0 0 0 0 1 0 0 1 1 1 0 0 1 0 0 1 0 0\n 1 0 1 0]\n[0 1 0 0 0 0 0 0 0 0 0 0 1 0 1 0 1 0 1 1 0 0 0 0 0 1 1 0 0 1 1 1 0 1 1 1 1 0 1 1\n 1 0 0 0]\n[0 0 1 0 0 0 0 0 0 0 0 0 0 1 0 1 0 1 0 1 1 0 0 0 0 0 1 1 0 0 1 1 1 0 1 1 1 1 0 1\n 1 1 0 0]\n[0 0 0 1 0 0 0 0 0 0 0 1 0 1 1 1 1 1 0 0 1 0 0 0 0 0 1 1 1 1 1 0 1 1 1 1 1 0 1 0\n 0 1 0 0]\n[0 0 0 0 1 0 0 0 0 0 0 1 1 1 1 0 1 0 0 0 0 0 0 0 0 0 1 1 1 0 0 0 0 1 0 1 1 0 0 1\n 1 0 0 0]\n[0 0 0 0 0 1 0 0 0 0 0 0 1 1 1 1 0 1 0 0 0 0 0 0 0 0 0 1 1 1 0 0 0 0 1 0 1 1 0 0\n 1 1 0 0]\n[0 0 0 0 0 0 1 0 0 0 0 0 0 1 1 1 1 0 1 0 0 0 0 0 0 0 0 0 1 1 1 0 0 0 0 1 0 1 1 0\n 0 1 1 0]\n[0 0 0 0 0 0 0 1 0 0 0 0 0 0 1 1 1 1 0 1 0 0 0 0 0 1 1 1 0 0 1 1 1 1 1 0 0 0 1 0\n 1 1 1 0]\n[0 0 0 0 0 0 0 0 1 0 0 0 0 0 0 1 1 1 1 0 1 0 0 0 0 1 0 0 1 1 0 1 0 0 0 1 1 0 0 0\n 1 0 1 0]\n[0 0 0 0 0 0 0 0 0 1 0 1 0 1 0 1 1 0 0 1 0 0 0 0 0 1 1 1 0 1 0 1 0 1 0 0 0 0 0 1\n 0 0 1 0]\n[0 0 0 0 0 0 0 0 0 0 1 0 1 0 1 0 1 1 0 0 1 0 0 0 0 1 0 0 1 1 1 0 0 1 0 0 1 0 0 1\n 0 1 0 0]\n[0 0 0 0 0 0 0 0 0 0 0 0 0 0 0 0 0 0 0 0 0 1 0 0 0 0 0 0 0 0 0 0 0 0 0 0 0 0 0 0\n 0 0 0 0]\n[0 0 0 0 0 0 0 0 0 0 0 0 0 0 0 0 0 0 0 0 0 0 1 0 0 1 1 1 0 1 0 0 1 1 1 0 1 0 0 1\n 1 1 0 0]\n[0 0 0 0 0 0 0 0 0 0 0 0 0 0 0 0 0 0 0 0 0 0 0 1 0 0 1 1 1 0 1 0 0 1 1 1 0 1 0 0\n 1 1 1 0]\n[0 0 0 0 0 0 0 0 0 0 0 0 0 0 0 0 0 0 0 0 0 0 0 0 1 1 1 0 1 0 0 1 1 1 0 1 0 0 1 1\n 1 0 1 0]\n[[22, 7]] quantum code over GF(2^2), stabilised by:\n[1 0 0 0 0 $.1 $.1 $.1 0 1 1 0 $.1^2 0 $.1^2 $.1 0 0 $.1^2 $.1^2 1 0]\n[$.1 0 0 0 0 0 0 0 0 $.1^2 $.1 1 $.1 1 $.1 1 1 0 $.1 $.1^2 $.1 0]\n[0 1 0 0 0 $.1 0 0 $.1 1 0 1 $.1^2 $.1^2 $.1^2 1 $.1 0 $.1^2 0 $.1 0]\n[0 $.1 0 0 0 0 0 0 0 $.1^2 1 $.1^2 $.1^2 $.1^2 $.1^2 $.1^2 0 1 $.1 1 1 0]\n[0 0 1 0 0 0 $.1 0 0 1 $.1^2 1 $.1^2 $.1 1 $.1 0 $.1 $.1 0 $.1 0]\n[0 0 $.1 0 0 $.1 $.1 $.1 0 1 $.1 1 0 $.1^2 0 1 $.1^2 0 $.1 1 0 0]\n[0 0 0 1 0 0 0 $.1 0 $.1^2 $.1^2 $.1 $.1^2 $.1 0 0 $.1^2 0 0 1 $.1 0]\n[0 0 0 $.1 0 0 $.1 $.1 $.1 0 1 $.1 1 0 $.1^2 0 1 $.1^2 0 $.1 1 0]\n[0 0 0 0 1 0 0 0 $.1 $.1^2 1 $.1 0 $.1 0 1 1 $.1^2 $.1 $.1^2 $.1^2 0]\n[0 0 0 0 $.1 $.1 $.1 0 $.1 $.1^2 1 1 1 1 $.1^2 1 0 1 0 $.1^2 $.1^2 0]\n[0 0 0 0 0 $.1^2 $.1 $.1 0 0 0 0 $.1^2 1 $.1^2 $.1^2 0 1 $.1 $.1 0 0]\n[0 0 0 0 0 0 $.1^2 $.1 $.1 0 0 0 0 $.1^2 1 $.1^2 $.1^2 0 1 $.1 $.1 0]\n[0 0 0 0 0 0 0 $.1^2 $.1 1 $.1 1 $.1 1 1 0 $.1 $.1^2 $.1 $.1 0 0]\n[0 0 0 0 0 0 0 0 $.1^2 $.1 1 $.1 1 $.1 1 1 0 $.1 $.1^2 $.1 $.1 0]\n[0 0 0 0 0 0 0 0 0 0 0 0 0 0 0 0 0 0 0 0 0 1]\nQuantum GF(2)-Additive code over GF(4) of length 22 with 29 generators.\nLower Bound: 1, Upper Bound: 9\nConstructed 2 distinct generator matrices\nTotal Ranks: 15 15 \nRelative Ranks: 15 7 \n(4 4 4 4 4 4 4 4 4 4 4 4 4 4 2 )\n(4 4 4 4 4 4 4 4 4 4 4 4 4 4 2 )\n Discarding non-contributing rank 7 matrix\n New Total Ranks: 15 \n New Relative Ranks: 15 \nTime Taken: 0.00\nStarting search for low weight codewords... (reset timings)\nEnumerating using 1 generator at a time:\n New codeword identified of weight 5, time 0.00\n Impurity detected of weight 1, time 0.00\n Completed Matrix 1: lower = 2, upper = 5. Elapsed: 0.00s\nTermination predicted with 4 generators at matrix 1\nEnumerating using 2 generators at a time:\n Completed Matrix 1: lower = 3, upper = 5. Elapsed: 0.00s\nTermination predicted with 4 generators at matrix 1\nEnumerating using 3 generators at a time:\n Completed Matrix 1: lower = 4, upper = 5. Elapsed: 0.00s\nTermination predicted with 4 generators at matrix 1\nEnumerating using 4 generators at a time:\n Completed Matrix 1: lower = 5, upper = 5. Elapsed: 0.00s\nComputation complete \nFinal Results: lower = 5, upper = 5,\nTotal CPU time: 0.00, real time: 0.003\n5\n\nTotal time: 0.010 seconds, Total memory usage: 32.09MB\n
A48: [[23,2,7]] | B48: 23 | C48: 2 | D48: 7 | E48: 0 | F48: 0.055515542000648566 | G48: 1 | H48: 1 | I48: Magma V2.28-26 Tue Dec 30 2025 12:10:37 on Marks-MacBook-Air-2 [Seed = \n2945779524]\nType ? for help. Type <Ctrl>-D to quit.\n[1 0 0 0 0 0 0 0 0 0 0 0 0 0 0 0 0 0 0 1 0 1 1 0 0 0 0 0 0 1 0 1 0 1 1 0 0 1 0 0\n 1 1 0 0 1 0]\n[0 1 0 0 0 0 0 0 0 0 0 0 0 0 0 0 0 0 1 0 0 1 1 0 0 0 0 0 1 0 0 0 0 1 1 1 1 0 1 1\n 1 1 1 1 0 1]\n[0 0 1 0 0 0 0 0 0 0 0 0 0 0 0 0 0 0 1 1 1 1 1 0 0 0 1 1 0 1 1 0 0 0 0 1 0 1 1 1\n 1 1 1 0 0 1]\n[0 0 0 1 0 0 0 0 0 0 0 0 0 0 0 0 0 0 1 1 0 0 1 0 0 0 1 0 1 0 0 1 0 0 1 0 0 0 0 1\n 1 1 1 0 1 1]\n[0 0 0 0 1 0 0 0 0 0 0 0 0 0 0 0 0 0 1 1 0 1 0 0 0 0 1 0 0 1 1 0 1 0 1 1 1 0 1 0\n 1 1 1 0 1 0]\n[0 0 0 0 0 1 0 0 0 0 0 0 0 0 0 0 0 0 0 1 1 0 1 0 0 0 0 1 0 0 1 1 0 1 0 1 1 1 0 1\n 0 1 1 1 0 1]\n[0 0 0 0 0 0 1 0 0 0 0 0 0 0 0 0 0 0 1 0 0 0 0 0 0 0 1 1 1 0 1 1 1 0 0 0 0 1 0 0\n 1 0 1 0 0 1]\n[0 0 0 0 0 0 0 1 0 0 0 0 0 0 0 0 0 0 0 1 0 0 0 0 0 0 1 0 0 1 0 1 0 0 1 0 0 0 0 1\n 1 1 0 1 1 1]\n[0 0 0 0 0 0 0 0 1 0 0 0 0 0 0 0 0 0 0 0 1 0 0 0 0 0 1 0 1 0 1 0 0 1 1 1 0 0 1 1\n 0 1 1 0 0 0]\n[0 0 0 0 0 0 0 0 0 1 0 0 0 0 0 0 0 0 0 0 0 1 0 0 0 0 0 1 0 1 0 1 0 0 1 1 1 0 0 1\n 1 0 1 1 0 0]\n[0 0 0 0 0 0 0 0 0 0 1 0 0 0 0 0 0 0 0 0 0 0 1 0 0 0 0 0 1 0 1 0 1 0 0 1 1 1 0 0\n 1 1 0 1 1 0]\n[0 0 0 0 0 0 0 0 0 0 0 1 0 0 0 0 0 0 1 0 1 1 0 0 0 0 0 0 1 1 1 1 1 0 0 0 0 1 1 1\n 1 1 1 1 1 1]\n[0 0 0 0 0 0 0 0 0 0 0 0 1 0 0 0 0 0 0 1 0 1 1 0 0 0 1 1 1 1 1 1 0 0 1 0 0 0 0 0\n 0 1 1 1 0 0]\n[0 0 0 0 0 0 0 0 0 0 0 0 0 1 0 0 0 0 1 0 0 1 1 0 0 0 0 1 0 1 0 1 0 1 0 1 1 0 0 1\n 1 0 1 0 1 0]\n[0 0 0 0 0 0 0 0 0 0 0 0 0 0 1 0 0 0 1 1 1 1 1 0 0 0 0 0 0 0 0 0 0 1 1 0 0 1 0 1\n 0 1 0 0 0 1]\n[0 0 0 0 0 0 0 0 0 0 0 0 0 0 0 1 0 0 1 1 0 0 1 0 0 0 1 1 0 0 1 0 0 0 0 1 1 0 0 0\n 1 0 1 1 1 1]\n[0 0 0 0 0 0 0 0 0 0 0 0 0 0 0 0 1 0 1 1 0 1 0 0 0 0 1 0 1 0 1 1 0 0 1 0 0 1 1 0\n 0 1 0 0 0 0]\n[0 0 0 0 0 0 0 0 0 0 0 0 0 0 0 0 0 1 0 1 1 0 1 0 0 0 0 1 0 1 0 1 1 0 0 1 0 0 1 1\n 0 0 1 0 0 0]\n[0 0 0 0 0 0 0 0 0 0 0 0 0 0 0 0 0 0 0 0 0 0 0 1 0 0 1 0 0 1 0 0 1 0 0 1 0 0 1 0\n 0 1 0 0 1 0]\n[0 0 0 0 0 0 0 0 0 0 0 0 0 0 0 0 0 0 0 0 0 0 0 0 1 0 0 1 0 0 1 0 0 1 0 0 1 0 0 1\n 0 0 1 0 0 1]\n[0 0 0 0 0 0 0 0 0 0 0 0 0 0 0 0 0 0 0 0 0 0 0 0 0 1 1 1 0 0 0 1 1 1 0 0 0 1 1 1\n 0 0 0 1 1 1]\n[[23, 2]] quantum code over GF(2^2), stabilised by:\n[1 0 0 0 0 0 0 0 0 0 1 1 $.1 $.1 1 $.1 0 $.1 0 $.1 0 $.1^2 1]\n[$.1 0 0 0 0 0 0 0 0 0 0 $.1^2 $.1 0 0 $.1 $.1^2 $.1 $.1 $.1^2 $.1^2 0 $.1]\n[0 1 0 0 0 0 0 0 0 0 1 $.1^2 $.1^2 $.1 $.1^2 1 $.1 0 $.1 1 $.1 $.1 1]\n[0 $.1 0 0 0 0 0 0 0 0 1 0 $.1^2 $.1 1 $.1^2 $.1 1 $.1 0 $.1 0 $.1^2]\n[0 0 1 0 0 0 0 0 0 0 1 $.1^2 1 $.1^2 $.1^2 $.1^2 1 $.1 0 $.1^2 1 0 0]\n[0 0 $.1 0 0 0 0 0 0 0 0 $.1^2 $.1 $.1^2 $.1 $.1 $.1^2 0 1 1 1 $.1^2 1]\n[0 0 0 1 0 0 0 0 0 0 0 1 $.1^2 1 $.1^2 $.1^2 $.1^2 1 $.1 0 $.1^2 1 0]\n[0 0 0 $.1 0 0 0 0 0 0 1 $.1 1 $.1 $.1 $.1 $.1 $.1^2 0 0 1 $.1^2 1]\n[0 0 0 0 1 0 0 0 0 0 0 0 1 $.1^2 1 $.1^2 $.1^2 $.1^2 1 $.1 0 $.1^2 1]\n[0 0 0 0 $.1 0 0 0 0 0 1 $.1^2 0 1 $.1^2 $.1 $.1 $.1 $.1^2 1 0 $.1^2 1]\n[0 0 0 0 0 1 0 0 0 0 1 $.1 $.1 1 $.1 1 $.1^2 $.1^2 $.1^2 0 $.1 $.1 1]\n[0 0 0 0 0 $.1 0 0 0 0 1 $.1^2 1 0 0 $.1^2 $.1 $.1 $.1 $.1 1 $.1 1]\n[0 0 0 0 0 0 1 0 0 0 1 $.1^2 0 $.1 0 $.1 1 $.1^2 $.1^2 $.1 0 0 0]\n[0 0 0 0 0 0 $.1 0 0 0 1 $.1^2 1 1 1 0 $.1^2 $.1 $.1 $.1^2 $.1 $.1^2 0]\n[0 0 0 0 0 0 0 1 0 0 0 1 $.1^2 0 $.1 0 $.1 1 $.1^2 $.1^2 $.1 0 0]\n[0 0 0 0 0 0 0 $.1 0 0 0 1 $.1^2 1 1 1 0 $.1^2 $.1 $.1 $.1^2 $.1 $.1^2]\n[0 0 0 0 0 0 0 0 1 0 0 0 1 $.1^2 0 $.1 0 $.1 1 $.1^2 $.1^2 $.1 0]\n[0 0 0 0 0 0 0 0 $.1 0 0 $.1 $.1^2 $.1^2 1 $.1 1 $.1 $.1^2 1 $.1^2 $.1 $.1^2]\n[0 0 0 0 0 0 0 0 0 1 0 0 0 1 $.1^2 0 $.1 0 $.1 1 $.1^2 $.1^2 $.1]\n[0 0 0 0 0 0 0 0 0 $.1 0 $.1 0 $.1^2 $.1^2 $.1 $.1 $.1^2 $.1 0 0 $.1 $.1^2]\n[0 0 0 0 0 0 0 0 0 0 $.1 $.1 0 0 $.1^2 0 $.1 0 $.1^2 1 1 1 $.1^2]\nQuantum GF(2)-Additive code over GF(4) of length 23 with 25 generators.\nLower Bound: 1, Upper Bound: 12\nConstructed 2 distinct generator matrices\nTotal Ranks: 13 13 \nRelative Ranks: 13 10 \n(4 4 4 4 4 4 4 4 4 4 4 4 2 )\n(4 4 4 4 4 4 4 4 4 4 4 4 2 )\nTime Taken: 0.00\nStarting search for low weight codewords... (reset timings)\nEnumerating using 1 generator at a time:\n New codeword identified of weight 11, time 0.00\n New codeword identified of weight 9, time 0.00\n New codeword identified of weight 8, time 0.00\n New codeword identified of weight 7, time 0.00\n Completed Matrix 1: lower = 2, upper = 7. Elapsed: 0.00s\n Completed Matrix 2: lower = 2, upper = 7. Elapsed: 0.00s\nTermination predicted with 4 generators at matrix 2\nEnumerating using 2 generators at a time:\n Completed Matrix 1: lower = 3, upper = 7. Elapsed: 0.00s\n Completed Matrix 2: lower = 3, upper = 7. Elapsed: 0.00s\nTermination predicted with 4 generators at matrix 2\nEnumerating using 3 generators at a time:\n Completed Matrix 1: lower = 4, upper = 7. Elapsed: 0.00s\n Completed Matrix 2: lower = 5, upper = 7. Elapsed: 0.00s\nTermination predicted with 4 generators at matrix 2\nEnumerating using 4 generators at a time:\n Completed Matrix 1: lower = 6, upper = 7. Elapsed: 0.00s\n Completed Matrix 2: lower = 7, upper = 7. Elapsed: 0.00s\nComputation complete \nFinal Results: lower = 7, upper = 7,\nTotal CPU time: 0.00, real time: 0.003\n7\n\nTotal time: 0.010 seconds, Total memory usage: 32.09MB\n
A49: [[24,8,5]] | B49: 24 | C49: 8 | D49: 5 | E49: 0 | F49: 0.055191625 | G49: 1 | H49: 1 | I49: Magma V2.28-26 Tue Dec 30 2025 12:10:37 on Marks-MacBook-Air-2 [Seed = \n2844983618]\nType ? for help. Type <Ctrl>-D to quit.\n[1 0 0 0 0 0 0 0 0 0 0 0 0 0 0 0 0 0 0 1 1 0 0 1 0 0 0 0 0 1 0 0 0 0 1 1 0 1 0 1\n 1 1 0 1 1 1 0 0]\n[0 1 0 0 0 0 0 0 0 0 0 0 0 0 0 0 1 0 0 0 1 1 0 0 0 0 0 0 0 0 1 0 1 0 0 1 1 0 1 0\n 0 1 1 0 1 1 1 0]\n[0 0 1 0 0 0 0 0 0 0 0 0 0 0 0 0 0 1 0 0 0 1 1 0 0 0 0 0 0 0 0 1 0 1 0 0 1 1 0 1\n 0 0 1 1 0 1 1 1]\n[0 0 0 1 0 0 0 0 0 0 0 0 0 0 0 0 0 0 1 0 0 0 1 1 0 1 1 1 1 1 1 1 1 0 1 0 0 1 1 0\n 0 1 1 0 0 1 0 0]\n[0 0 0 0 1 0 0 0 0 0 0 0 0 0 0 0 1 0 0 1 0 0 0 1 0 1 0 0 0 0 0 0 0 1 0 1 0 0 1 1\n 1 1 0 0 1 1 0 1]\n[0 0 0 0 0 1 0 0 0 0 0 0 0 0 0 0 1 1 0 0 1 0 0 0 0 0 1 0 0 0 0 0 1 0 1 0 1 0 0 1\n 1 1 1 0 0 1 1 0]\n[0 0 0 0 0 0 1 0 0 0 0 0 0 0 0 0 0 1 1 0 0 1 0 0 0 0 0 1 0 0 0 0 1 1 0 1 0 1 0 0\n 0 1 1 1 0 0 1 1]\n[0 0 0 0 0 0 0 1 0 0 0 0 0 0 0 0 0 0 1 1 0 0 1 0 0 0 0 0 1 0 0 0 0 1 1 0 1 0 1 0\n 1 0 1 1 1 0 0 1]\n[0 0 0 0 0 0 0 0 1 0 0 0 0 0 0 1 1 0 1 0 1 1 1 1 0 0 0 0 1 0 1 1 1 0 0 0 1 1 0 1\n 0 0 0 1 0 1 0 1]\n[0 0 0 0 0 0 0 0 0 1 0 0 0 0 0 1 0 1 1 1 1 0 0 0 0 1 1 1 0 0 0 1 0 1 0 0 1 0 1 1\n 0 1 1 0 0 0 0 0]\n[0 0 0 0 0 0 0 0 0 0 1 0 0 0 0 1 1 0 0 1 0 0 1 1 0 1 0 0 1 1 0 0 0 0 1 0 1 0 0 0\n 1 1 0 1 1 0 1 0]\n[0 0 0 0 0 0 0 0 0 0 0 1 0 0 0 1 0 1 1 0 0 1 1 0 0 0 1 0 1 1 0 1 1 0 0 1 1 0 0 1\n 0 1 1 1 1 0 0 0]\n[0 0 0 0 0 0 0 0 0 0 0 0 1 0 0 1 1 0 0 1 1 1 0 0 0 1 1 0 0 0 1 0 0 1 0 0 0 0 0 1\n 1 1 0 1 0 1 1 0]\n[0 0 0 0 0 0 0 0 0 0 0 0 0 1 0 1 1 1 1 0 0 0 0 1 0 0 1 1 1 0 1 0 0 0 1 0 1 1 0 1\n 0 1 1 1 1 1 1 0]\n[0 0 0 0 0 0 0 0 0 0 0 0 0 0 1 1 0 1 0 1 1 1 1 1 0 0 0 1 0 1 1 0 0 0 0 1 1 0 1 1\n 0 0 1 0 1 0 1 0]\n[0 0 0 0 0 0 0 0 0 0 0 0 0 0 0 0 0 0 0 0 0 0 0 0 1 1 1 1 1 1 1 1 0 0 0 0 0 0 0 0\n 1 1 1 1 1 1 1 1]\n[[24, 8]] quantum code over GF(2^2), stabilised by:\n[1 0 0 0 0 0 0 0 $.1 1 0 1 $.1^2 1 $.1 $.1 0 $.1^2 $.1^2 1 $.1^2 $.1 1 0]\n[$.1 0 0 0 0 0 0 0 $.1^2 $.1 0 $.1 1 $.1 $.1^2 $.1^2 0 1 1 $.1 1 $.1^2 $.1 0]\n[0 1 0 0 0 0 0 0 $.1 $.1 1 0 1 $.1^2 1 $.1 0 0 $.1^2 $.1^2 1 $.1^2 $.1 1]\n[0 $.1 0 0 0 0 0 0 $.1^2 $.1^2 $.1 0 $.1 1 $.1 $.1^2 0 0 1 1 $.1 1 $.1^2 $.1]\n[0 0 1 0 0 0 0 0 $.1 $.1 $.1 1 0 1 $.1^2 1 1 0 0 $.1^2 $.1^2 1 $.1^2 $.1]\n[0 0 $.1 0 0 0 0 0 $.1^2 $.1^2 $.1^2 $.1 0 $.1 1 $.1 $.1 0 0 1 1 $.1 1 $.1^2]\n[0 0 0 1 0 0 0 0 1 $.1 $.1 $.1 1 0 1 $.1^2 $.1 1 0 0 $.1^2 $.1^2 1 $.1^2]\n[0 0 0 $.1 0 0 0 0 $.1 $.1^2 $.1^2 $.1^2 $.1 0 $.1 1 $.1^2 $.1 0 0 1 1 $.1 1]\n[0 0 0 0 1 0 0 0 $.1^2 1 $.1 $.1 $.1 1 0 1 $.1^2 $.1 1 0 0 $.1^2 $.1^2 1]\n[0 0 0 0 $.1 0 0 0 1 $.1 $.1^2 $.1^2 $.1^2 $.1 0 $.1 1 $.1^2 $.1 0 0 1 1 $.1]\n[0 0 0 0 0 1 0 0 1 $.1^2 1 $.1 $.1 $.1 1 0 1 $.1^2 $.1 1 0 0 $.1^2 $.1^2]\n[0 0 0 0 0 $.1 0 0 $.1 1 $.1 $.1^2 $.1^2 $.1^2 $.1 0 $.1 1 $.1^2 $.1 0 0 1 1]\n[0 0 0 0 0 0 1 0 0 1 $.1^2 1 $.1 $.1 $.1 1 $.1^2 1 $.1^2 $.1 1 0 0 $.1^2]\n[0 0 0 0 0 0 $.1 0 0 $.1 1 $.1 $.1^2 $.1^2 $.1^2 $.1 1 $.1 1 $.1^2 $.1 0 0 1]\n[0 0 0 0 0 0 0 1 1 0 1 $.1^2 1 $.1 $.1 $.1 $.1^2 $.1^2 1 $.1^2 $.1 1 0 0]\n[0 0 0 0 0 0 0 $.1 $.1 0 $.1 1 $.1 $.1^2 $.1^2 $.1^2 1 1 $.1 1 $.1^2 $.1 0 0]\nQuantum GF(2)-Additive code over GF(4) of length 24 with 32 generators.\nLower Bound: 1, Upper Bound: 9\nConstructed 2 distinct generator matrices\nTotal Ranks: 16 16 \nRelative Ranks: 16 8 \n(4 4 4 4 4 4 4 4 4 4 4 4 4 4 4 4 )\n(4 4 4 4 4 4 4 4 4 4 4 4 4 4 4 4 )\n Discarding non-contributing rank 8 matrix\n New Total Ranks: 16 \n New Relative Ranks: 16 \nTime Taken: 0.00\nStarting search for low weight codewords... (reset timings)\nEnumerating using 1 generator at a time:\n New codeword identified of weight 7, time 0.00\n Completed Matrix 1: lower = 2, upper = 7. Elapsed: 0.00s\nTermination predicted with 6 generators at matrix 1\nEnumerating using 2 generators at a time:\n New codeword identified of weight 6, time 0.00\n New codeword identified of weight 5, time 0.00\n Completed Matrix 1: lower = 3, upper = 5. Elapsed: 0.00s\nTermination predicted with 4 generators at matrix 1\nEnumerating using 3 generators at a time:\n Completed Matrix 1: lower = 4, upper = 5. Elapsed: 0.00s\nTermination predicted with 4 generators at matrix 1\nEnumerating using 4 generators at a time:\n Completed Matrix 1: lower = 5, upper = 5. Elapsed: 0.00s\nComputation complete \nFinal Results: lower = 5, upper = 5,\nTotal CPU time: 0.00, real time: 0.004\n5\n\nTotal time: 0.010 seconds, Total memory usage: 32.09MB\n
A50: [[25,8,5]] | B50: 25 | C50: 8 | D50: 5 | E50: 0 | F50: 0.055713708003167994 | G50: 1 | H50: 1 | I50: Magma V2.28-26 Tue Dec 30 2025 12:10:37 on Marks-MacBook-Air-2 [Seed = \n1399454648]\nType ? for help. Type <Ctrl>-D to quit.\n[1 0 0 0 0 0 0 0 0 0 0 0 0 0 0 0 0 0 0 1 1 0 0 1 0 0 0 0 0 0 1 0 0 0 0 1 1 0 1 0\n 1 1 1 0 1 1 1 0 0 0]\n[0 1 0 0 0 0 0 0 0 0 0 0 0 0 0 0 1 0 0 0 1 1 0 0 0 0 0 0 0 0 0 1 0 1 0 0 1 1 0 1\n 0 0 1 1 0 1 1 1 0 0]\n[0 0 1 0 0 0 0 0 0 0 0 0 0 0 0 0 0 1 0 0 0 1 1 0 0 0 0 0 0 0 0 0 1 0 1 0 0 1 1 0\n 1 0 0 1 1 0 1 1 1 0]\n[0 0 0 1 0 0 0 0 0 0 0 0 0 0 0 0 0 0 1 0 0 0 1 1 0 0 1 1 1 1 1 1 1 1 0 1 0 0 1 1\n 0 0 1 1 0 0 1 0 0 0]\n[0 0 0 0 1 0 0 0 0 0 0 0 0 0 0 0 1 0 0 1 0 0 0 1 0 0 1 0 0 0 0 0 0 0 1 0 1 0 0 1\n 1 1 1 0 0 1 1 0 1 0]\n[0 0 0 0 0 1 0 0 0 0 0 0 0 0 0 0 1 1 0 0 1 0 0 0 0 0 0 1 0 0 0 0 0 1 0 1 0 1 0 0\n 1 1 1 1 0 0 1 1 0 0]\n[0 0 0 0 0 0 1 0 0 0 0 0 0 0 0 0 0 1 1 0 0 1 0 0 0 0 0 0 1 0 0 0 0 1 1 0 1 0 1 0\n 0 0 1 1 1 0 0 1 1 0]\n[0 0 0 0 0 0 0 1 0 0 0 0 0 0 0 0 0 0 1 1 0 0 1 0 0 0 0 0 0 1 0 0 0 0 1 1 0 1 0 1\n 0 1 0 1 1 1 0 0 1 0]\n[0 0 0 0 0 0 0 0 1 0 0 0 0 0 0 1 1 0 1 0 1 1 1 1 0 0 0 0 0 1 0 1 1 1 0 0 0 1 1 0\n 1 0 0 0 1 0 1 0 1 0]\n[0 0 0 0 0 0 0 0 0 1 0 0 0 0 0 1 0 1 1 1 1 0 0 0 0 0 1 1 1 0 0 0 1 0 1 0 0 1 0 1\n 1 0 1 1 0 0 0 0 0 0]\n[0 0 0 0 0 0 0 0 0 0 1 0 0 0 0 1 1 0 0 1 0 0 1 1 0 0 1 0 0 1 1 0 0 0 0 1 0 1 0 0\n 0 1 1 0 1 1 0 1 0 0]\n[0 0 0 0 0 0 0 0 0 0 0 1 0 0 0 1 0 1 1 0 0 1 1 0 0 0 0 1 0 1 1 0 1 1 0 0 1 1 0 0\n 1 0 1 1 1 1 0 0 0 0]\n[0 0 0 0 0 0 0 0 0 0 0 0 1 0 0 1 1 0 0 1 1 1 0 0 0 0 1 1 0 0 0 1 0 0 1 0 0 0 0 0\n 1 1 1 0 1 0 1 1 0 0]\n[0 0 0 0 0 0 0 0 0 0 0 0 0 1 0 1 1 1 1 0 0 0 0 1 0 0 0 1 1 1 0 1 0 0 0 1 0 1 1 0\n 1 0 1 1 1 1 1 1 0 0]\n[0 0 0 0 0 0 0 0 0 0 0 0 0 0 1 1 0 1 0 1 1 1 1 1 0 0 0 0 1 0 1 1 0 0 0 0 1 1 0 1\n 1 0 0 1 0 1 0 1 0 0]\n[0 0 0 0 0 0 0 0 0 0 0 0 0 0 0 0 0 0 0 0 0 0 0 0 1 0 0 0 0 0 0 0 0 0 0 0 0 0 0 0\n 0 0 0 0 0 0 0 0 0 0]\n[0 0 0 0 0 0 0 0 0 0 0 0 0 0 0 0 0 0 0 0 0 0 0 0 0 1 1 1 1 1 1 1 1 0 0 0 0 0 0 0\n 0 1 1 1 1 1 1 1 1 0]\n[[25, 8]] quantum code over GF(2^2), stabilised by:\n[1 0 0 0 0 0 0 0 $.1 1 0 1 $.1^2 1 $.1 $.1 0 $.1^2 $.1^2 1 $.1^2 $.1 1 0 0]\n[$.1 0 0 0 0 0 0 0 $.1^2 $.1 0 $.1 1 $.1 $.1^2 $.1^2 0 1 1 $.1 1 $.1^2 $.1 0 0]\n[0 1 0 0 0 0 0 0 $.1 $.1 1 0 1 $.1^2 1 $.1 0 0 $.1^2 $.1^2 1 $.1^2 $.1 1 0]\n[0 $.1 0 0 0 0 0 0 $.1^2 $.1^2 $.1 0 $.1 1 $.1 $.1^2 0 0 1 1 $.1 1 $.1^2 $.1 0]\n[0 0 1 0 0 0 0 0 $.1 $.1 $.1 1 0 1 $.1^2 1 1 0 0 $.1^2 $.1^2 1 $.1^2 $.1 0]\n[0 0 $.1 0 0 0 0 0 $.1^2 $.1^2 $.1^2 $.1 0 $.1 1 $.1 $.1 0 0 1 1 $.1 1 $.1^2 0]\n[0 0 0 1 0 0 0 0 1 $.1 $.1 $.1 1 0 1 $.1^2 $.1 1 0 0 $.1^2 $.1^2 1 $.1^2 0]\n[0 0 0 $.1 0 0 0 0 $.1 $.1^2 $.1^2 $.1^2 $.1 0 $.1 1 $.1^2 $.1 0 0 1 1 $.1 1 0]\n[0 0 0 0 1 0 0 0 $.1^2 1 $.1 $.1 $.1 1 0 1 $.1^2 $.1 1 0 0 $.1^2 $.1^2 1 0]\n[0 0 0 0 $.1 0 0 0 1 $.1 $.1^2 $.1^2 $.1^2 $.1 0 $.1 1 $.1^2 $.1 0 0 1 1 $.1 0]\n[0 0 0 0 0 1 0 0 1 $.1^2 1 $.1 $.1 $.1 1 0 1 $.1^2 $.1 1 0 0 $.1^2 $.1^2 0]\n[0 0 0 0 0 $.1 0 0 $.1 1 $.1 $.1^2 $.1^2 $.1^2 $.1 0 $.1 1 $.1^2 $.1 0 0 1 1 0]\n[0 0 0 0 0 0 1 0 0 1 $.1^2 1 $.1 $.1 $.1 1 $.1^2 1 $.1^2 $.1 1 0 0 $.1^2 0]\n[0 0 0 0 0 0 $.1 0 0 $.1 1 $.1 $.1^2 $.1^2 $.1^2 $.1 1 $.1 1 $.1^2 $.1 0 0 1 0]\n[0 0 0 0 0 0 0 1 1 0 1 $.1^2 1 $.1 $.1 $.1 $.1^2 $.1^2 1 $.1^2 $.1 1 0 0 0]\n[0 0 0 0 0 0 0 $.1 $.1 0 $.1 1 $.1 $.1^2 $.1^2 $.1^2 1 1 $.1 1 $.1^2 $.1 0 0 0]\n[0 0 0 0 0 0 0 0 0 0 0 0 0 0 0 0 0 0 0 0 0 0 0 0 1]\nQuantum GF(2)-Additive code over GF(4) of length 25 with 33 generators.\nLower Bound: 1, Upper Bound: 10\nConstructed 2 distinct generator matrices\nTotal Ranks: 17 17 \nRelative Ranks: 17 8 \n(4 4 4 4 4 4 4 4 4 4 4 4 4 4 4 4 2 )\n(4 4 4 4 4 4 4 4 4 4 4 4 4 4 4 4 2 )\n Discarding non-contributing rank 8 matrix\n New Total Ranks: 17 \n New Relative Ranks: 17 \nTime Taken: 0.00\nStarting search for low weight codewords... (reset timings)\nEnumerating using 1 generator at a time:\n New codeword identified of weight 7, time 0.00\n Impurity detected of weight 1, time 0.00\n Completed Matrix 1: lower = 2, upper = 7. Elapsed: 0.00s\nTermination predicted with 6 generators at matrix 1\nEnumerating using 2 generators at a time:\n New codeword identified of weight 6, time 0.00\n New codeword identified of weight 5, time 0.00\n Completed Matrix 1: lower = 3, upper = 5. Elapsed: 0.00s\nTermination predicted with 4 generators at matrix 1\nEnumerating using 3 generators at a time:\n Completed Matrix 1: lower = 4, upper = 5. Elapsed: 0.00s\nTermination predicted with 4 generators at matrix 1\nEnumerating using 4 generators at a time:\n Completed Matrix 1: lower = 5, upper = 5. Elapsed: 0.00s\nComputation complete \nFinal Results: lower = 5, upper = 5,\nTotal CPU time: 0.00, real time: 0.004\n5\n\nTotal time: 0.010 seconds, Total memory usage: 32.09MB\n
A51: [[26,6,6]] | B51: 26 | C51: 6 | D51: 6 | E51: 0 | F51: 0.06090825 | G51: 1 | H51: 1 | I51: Magma V2.28-26 Tue Dec 30 2025 12:10:37 on Marks-MacBook-Air-2 [Seed = \n1567094198]\nType ? for help. Type <Ctrl>-D to quit.\n[1 0 0 0 0 0 0 0 0 0 0 0 0 0 0 0 0 0 1 1 1 0 0 0 0 0 0 1 1 1 0 0 0 0 0 0 1 0 0 0\n 1 0 0 1 0 1 1 1 0 1 0 0]\n[0 1 0 0 0 0 0 0 0 0 0 0 0 0 0 0 0 0 1 1 0 1 1 1 0 0 1 1 1 0 0 1 1 0 0 0 1 1 1 1\n 1 1 1 1 0 1 0 1 0 1 0 0]\n[0 0 1 0 0 0 0 0 0 0 0 0 0 0 0 0 0 0 0 0 1 0 0 0 0 0 1 1 1 1 1 0 1 0 1 1 0 0 0 1\n 1 0 1 0 1 1 1 1 1 0 0 0]\n[0 0 0 1 0 0 0 0 0 0 0 0 0 0 0 0 0 0 0 0 0 1 0 0 0 0 0 1 1 1 1 1 0 1 0 1 1 0 0 0\n 1 1 0 1 0 1 1 1 1 1 0 0]\n[0 0 0 0 1 0 0 0 0 0 0 0 0 0 0 0 0 0 1 0 1 0 0 1 0 0 1 1 1 0 0 0 0 0 1 0 0 1 1 1\n 1 1 0 1 0 1 0 1 0 0 0 0]\n[0 0 0 0 0 1 0 0 0 0 0 0 0 0 0 0 0 0 1 0 1 1 0 0 0 0 0 0 1 0 0 1 1 1 1 0 1 1 1 0\n 0 0 0 0 0 0 0 1 0 1 0 0]\n[0 0 0 0 0 0 1 0 0 0 0 0 0 0 0 0 0 0 1 1 1 1 0 1 0 0 1 1 0 0 1 1 0 1 1 1 1 1 0 0\n 1 0 1 1 1 1 1 0 0 1 0 0]\n[0 0 0 0 0 0 0 1 0 0 0 0 0 0 0 0 0 0 0 0 1 1 0 1 0 0 1 1 1 0 1 1 1 1 0 0 1 0 0 0\n 0 0 0 0 1 0 1 0 0 0 0 0]\n[0 0 0 0 0 0 0 0 1 0 0 0 0 0 0 0 0 0 1 1 1 1 1 0 0 0 0 0 1 0 0 0 0 0 0 1 1 0 0 1\n 1 1 1 0 1 1 1 0 1 1 0 0]\n[0 0 0 0 0 0 0 0 0 1 0 0 0 0 0 0 0 0 1 1 0 1 0 0 0 0 1 1 0 0 1 1 1 0 0 0 0 1 1 1\n 0 1 0 0 1 0 0 1 1 0 0 0]\n[0 0 0 0 0 0 0 0 0 0 1 0 0 0 0 0 0 0 0 1 1 0 1 0 0 0 0 1 1 0 0 1 1 1 0 0 0 0 1 1\n 1 0 1 0 0 1 0 0 1 1 0 0]\n[0 0 0 0 0 0 0 0 0 0 0 1 0 0 0 0 0 0 1 0 0 1 1 0 0 0 1 1 1 0 1 1 0 1 1 0 1 0 1 0\n 0 1 1 0 1 1 0 0 1 0 0 0]\n[0 0 0 0 0 0 0 0 0 0 0 0 1 0 0 0 0 0 0 1 0 0 1 1 0 0 0 1 1 1 0 1 1 0 1 1 0 1 0 1\n 0 0 1 1 0 1 1 0 0 1 0 0]\n[0 0 0 0 0 0 0 0 0 0 0 0 0 1 0 0 0 0 0 1 1 0 1 0 0 0 1 0 1 1 0 0 1 0 1 0 1 1 0 0\n 1 1 0 0 1 1 1 0 0 0 0 0]\n[0 0 0 0 0 0 0 0 0 0 0 0 0 0 1 0 0 0 0 0 1 1 0 1 0 0 0 1 0 1 1 0 0 1 0 1 0 1 1 0\n 0 1 1 0 0 1 1 1 0 0 0 0]\n[0 0 0 0 0 0 0 0 0 0 0 0 0 0 0 1 0 0 1 1 1 1 1 0 0 0 0 1 1 1 1 0 1 1 0 1 0 1 1 0\n 1 1 0 1 1 0 0 0 0 1 0 0]\n[0 0 0 0 0 0 0 0 0 0 0 0 0 0 0 0 1 0 1 1 0 1 0 0 0 0 1 1 1 0 0 0 1 1 1 0 0 0 0 0\n 1 1 0 1 0 0 1 0 1 1 0 0]\n[0 0 0 0 0 0 0 0 0 0 0 0 0 0 0 0 0 1 1 1 0 0 0 1 0 0 1 0 1 0 1 1 1 1 1 1 1 0 1 1\n 1 1 0 1 0 1 1 1 1 0 0 0]\n[0 0 0 0 0 0 0 0 0 0 0 0 0 0 0 0 0 0 0 0 0 0 0 0 1 0 0 0 0 0 0 0 0 0 0 0 0 0 0 0\n 0 0 0 0 0 0 0 0 0 0 0 0]\n[0 0 0 0 0 0 0 0 0 0 0 0 0 0 0 0 0 0 0 0 0 0 0 0 0 1 0 0 0 0 0 0 0 0 0 0 0 0 0 0\n 0 0 0 0 0 0 0 0 0 0 0 0]\n[[26, 6]] quantum code over GF(2^2), stabilised by:\n[1 0 0 0 0 0 0 0 0 1 1 0 $.1^2 0 $.1 0 0 $.1^2 $.1^2 1 $.1 $.1^2 $.1 $.1 0 0]\n[$.1 0 0 0 0 0 0 0 0 $.1 $.1 0 1 0 $.1^2 0 0 1 1 $.1 $.1^2 1 $.1^2 $.1^2 0 0]\n[0 1 0 0 0 0 0 0 0 $.1 0 $.1 $.1^2 1 $.1^2 1 $.1 $.1 0 0 $.1^2 1 0 $.1^2 0 0]\n[0 $.1 0 0 0 0 0 0 0 $.1^2 0 $.1^2 1 $.1 1 $.1 $.1^2 $.1^2 0 0 1 $.1 0 1 0 0]\n[0 0 1 0 0 0 0 0 0 $.1^2 0 1 $.1^2 0 0 $.1 $.1 1 $.1^2 1 $.1^2 $.1 0 $.1 0 0]\n[0 0 $.1 0 0 0 0 0 0 1 0 $.1 1 0 0 $.1^2 $.1^2 $.1 1 $.1 1 $.1^2 0 $.1^2 0 0]\n[0 0 0 1 0 0 0 0 0 $.1 $.1 $.1^2 $.1 1 $.1^2 $.1^2 0 0 $.1 0 $.1^2 0 1 1 0 0]\n[0 0 0 $.1 0 0 0 0 0 $.1^2 $.1^2 1 $.1^2 $.1 1 1 0 0 $.1^2 0 1 0 $.1 $.1 0 0]\n[0 0 0 0 1 0 0 0 0 1 1 0 1 $.1^2 $.1^2 1 $.1 1 $.1 0 1 1 $.1 $.1 0 0]\n[0 0 0 0 $.1 0 0 0 0 $.1 $.1 0 $.1 1 1 $.1 $.1^2 $.1 $.1^2 0 $.1 $.1 $.1^2 $.1^2\n 0 0]\n[0 0 0 0 0 1 0 0 0 $.1 0 $.1 $.1^2 $.1^2 0 0 $.1^2 0 $.1 1 $.1 $.1 $.1 $.1^2 0 \n 0]\n[0 0 0 0 0 $.1 0 0 0 $.1^2 0 $.1^2 1 1 0 0 1 0 $.1^2 $.1 $.1^2 $.1^2 $.1^2 1 0 \n 0]\n[0 0 0 0 0 0 1 0 0 $.1^2 0 1 $.1^2 0 $.1 1 $.1^2 0 1 $.1^2 $.1 $.1^2 $.1^2 0 0 \n 0]\n[0 0 0 0 0 0 $.1 0 0 1 0 $.1 1 0 $.1^2 $.1 1 0 $.1 1 $.1^2 1 1 0 0 0]\n[0 0 0 0 0 0 0 1 0 0 $.1^2 0 1 $.1^2 0 $.1 1 $.1^2 0 1 $.1^2 $.1 $.1^2 $.1^2 0 \n 0]\n[0 0 0 0 0 0 0 $.1 0 0 1 0 $.1 1 0 $.1^2 $.1 1 0 $.1 1 $.1^2 1 1 0 0]\n[0 0 0 0 0 0 0 0 1 $.1^2 $.1 $.1 1 $.1 $.1 1 1 $.1 $.1 1 $.1 $.1 $.1^2 1 0 0]\n[0 0 0 0 0 0 0 0 $.1 1 $.1^2 $.1^2 $.1 $.1^2 $.1^2 $.1 $.1 $.1^2 $.1^2 $.1 $.1^2\n $.1^2 1 $.1 0 0]\n[0 0 0 0 0 0 0 0 0 0 0 0 0 0 0 0 0 0 0 0 0 0 0 0 1 0]\n[0 0 0 0 0 0 0 0 0 0 0 0 0 0 0 0 0 0 0 0 0 0 0 0 0 1]\nQuantum GF(2)-Additive code over GF(4) of length 26 with 32 generators.\nLower Bound: 1, Upper Bound: 11\nConstructed 2 distinct generator matrices\nTotal Ranks: 17 17 \nRelative Ranks: 17 9 \n(4 4 4 4 4 4 4 4 4 4 4 4 4 4 4 2 2 )\n(4 4 4 4 4 4 4 4 4 4 4 4 4 4 4 2 2 )\nTime Taken: 0.00\nStarting search for low weight codewords... (reset timings)\nEnumerating using 1 generator at a time:\n New codeword identified of weight 9, time 0.00\n New codeword identified of weight 8, time 0.00\n New codeword identified of weight 7, time 0.00\n New codeword identified of weight 6, time 0.00\n Impurity detected of weight 1, time 0.00\n Discarding non-contributing rank 9 matrix\n New Total Ranks: 17 \n New Relative Ranks: 17 \n Completed Matrix 1: lower = 2, upper = 6. Elapsed: 0.00s\nTermination predicted with 5 generators at matrix 1\nEnumerating using 2 generators at a time:\n Completed Matrix 1: lower = 3, upper = 6. Elapsed: 0.00s\nTermination predicted with 5 generators at matrix 1\nEnumerating using 3 generators at a time:\n Completed Matrix 1: lower = 4, upper = 6. Elapsed: 0.00s\nTermination predicted with 5 generators at matrix 1\nEnumerating using 4 generators at a time:\n Completed Matrix 1: lower = 5, upper = 6. Elapsed: 0.00s\nTermination predicted with 5 generators at matrix 1\nEnumerating using 5 generators at a time:\n Completed Matrix 1: lower = 6, upper = 6. Elapsed: 0.00s\nComputation complete \nFinal Results: lower = 6, upper = 6,\nTotal CPU time: 0.00, real time: 0.009\n6\n\nTotal time: 0.019 seconds, Total memory usage: 32.09MB\n
A52: [[27,6,6]] | B52: 27 | C52: 6 | D52: 6 | E52: 0 | F52: 0.063612167 | G52: 1 | H52: 1 | I52: Magma V2.28-26 Tue Dec 30 2025 12:10:37 on Marks-MacBook-Air-2 [Seed = \n1199435692]\nType ? for help. Type <Ctrl>-D to quit.\n[1 0 0 0 0 0 0 0 0 0 0 0 0 0 0 0 0 0 1 1 1 0 0 0 0 0 0 0 1 1 1 0 0 0 0 0 0 1 0 0\n 0 1 0 0 1 0 1 1 1 0 1 0 0 0]\n[0 1 0 0 0 0 0 0 0 0 0 0 0 0 0 0 0 0 1 1 0 1 1 1 0 0 0 1 1 1 0 0 1 1 0 0 0 1 1 1\n 1 1 1 1 1 0 1 0 1 0 1 0 0 0]\n[0 0 1 0 0 0 0 0 0 0 0 0 0 0 0 0 0 0 0 0 1 0 0 0 0 0 0 1 1 1 1 1 0 1 0 1 1 0 0 0\n 1 1 0 1 0 1 1 1 1 1 0 0 0 0]\n[0 0 0 1 0 0 0 0 0 0 0 0 0 0 0 0 0 0 0 0 0 1 0 0 0 0 0 0 1 1 1 1 1 0 1 0 1 1 0 0\n 0 1 1 0 1 0 1 1 1 1 1 0 0 0]\n[0 0 0 0 1 0 0 0 0 0 0 0 0 0 0 0 0 0 1 0 1 0 0 1 0 0 0 1 1 1 0 0 0 0 0 1 0 0 1 1\n 1 1 1 0 1 0 1 0 1 0 0 0 0 0]\n[0 0 0 0 0 1 0 0 0 0 0 0 0 0 0 0 0 0 1 0 1 1 0 0 0 0 0 0 0 1 0 0 1 1 1 1 0 1 1 1\n 0 0 0 0 0 0 0 0 1 0 1 0 0 0]\n[0 0 0 0 0 0 1 0 0 0 0 0 0 0 0 0 0 0 1 1 1 1 0 1 0 0 0 1 1 0 0 1 1 0 1 1 1 1 1 0\n 0 1 0 1 1 1 1 1 0 0 1 0 0 0]\n[0 0 0 0 0 0 0 1 0 0 0 0 0 0 0 0 0 0 0 0 1 1 0 1 0 0 0 1 1 1 0 1 1 1 1 0 0 1 0 0\n 0 0 0 0 0 1 0 1 0 0 0 0 0 0]\n[0 0 0 0 0 0 0 0 1 0 0 0 0 0 0 0 0 0 1 1 1 1 1 0 0 0 0 0 0 1 0 0 0 0 0 0 1 1 0 0\n 1 1 1 1 0 1 1 1 0 1 1 0 0 0]\n[0 0 0 0 0 0 0 0 0 1 0 0 0 0 0 0 0 0 1 1 0 1 0 0 0 0 0 1 1 0 0 1 1 1 0 0 0 0 1 1\n 1 0 1 0 0 1 0 0 1 1 0 0 0 0]\n[0 0 0 0 0 0 0 0 0 0 1 0 0 0 0 0 0 0 0 1 1 0 1 0 0 0 0 0 1 1 0 0 1 1 1 0 0 0 0 1\n 1 1 0 1 0 0 1 0 0 1 1 0 0 0]\n[0 0 0 0 0 0 0 0 0 0 0 1 0 0 0 0 0 0 1 0 0 1 1 0 0 0 0 1 1 1 0 1 1 0 1 1 0 1 0 1\n 0 0 1 1 0 1 1 0 0 1 0 0 0 0]\n[0 0 0 0 0 0 0 0 0 0 0 0 1 0 0 0 0 0 0 1 0 0 1 1 0 0 0 0 1 1 1 0 1 1 0 1 1 0 1 0\n 1 0 0 1 1 0 1 1 0 0 1 0 0 0]\n[0 0 0 0 0 0 0 0 0 0 0 0 0 1 0 0 0 0 0 1 1 0 1 0 0 0 0 1 0 1 1 0 0 1 0 1 0 1 1 0\n 0 1 1 0 0 1 1 1 0 0 0 0 0 0]\n[0 0 0 0 0 0 0 0 0 0 0 0 0 0 1 0 0 0 0 0 1 1 0 1 0 0 0 0 1 0 1 1 0 0 1 0 1 0 1 1\n 0 0 1 1 0 0 1 1 1 0 0 0 0 0]\n[0 0 0 0 0 0 0 0 0 0 0 0 0 0 0 1 0 0 1 1 1 1 1 0 0 0 0 0 1 1 1 1 0 1 1 0 1 0 1 1\n 0 1 1 0 1 1 0 0 0 0 1 0 0 0]\n[0 0 0 0 0 0 0 0 0 0 0 0 0 0 0 0 1 0 1 1 0 1 0 0 0 0 0 1 1 1 0 0 0 1 1 1 0 0 0 0\n 0 1 1 0 1 0 0 1 0 1 1 0 0 0]\n[0 0 0 0 0 0 0 0 0 0 0 0 0 0 0 0 0 1 1 1 0 0 0 1 0 0 0 1 0 1 0 1 1 1 1 1 1 1 0 1\n 1 1 1 0 1 0 1 1 1 1 0 0 0 0]\n[0 0 0 0 0 0 0 0 0 0 0 0 0 0 0 0 0 0 0 0 0 0 0 0 1 0 0 0 0 0 0 0 0 0 0 0 0 0 0 0\n 0 0 0 0 0 0 0 0 0 0 0 0 0 0]\n[0 0 0 0 0 0 0 0 0 0 0 0 0 0 0 0 0 0 0 0 0 0 0 0 0 1 0 0 0 0 0 0 0 0 0 0 0 0 0 0\n 0 0 0 0 0 0 0 0 0 0 0 0 0 0]\n[0 0 0 0 0 0 0 0 0 0 0 0 0 0 0 0 0 0 0 0 0 0 0 0 0 0 1 0 0 0 0 0 0 0 0 0 0 0 0 0\n 0 0 0 0 0 0 0 0 0 0 0 0 0 0]\n[[27, 6]] quantum code over GF(2^2), stabilised by:\n[1 0 0 0 0 0 0 0 0 1 1 0 $.1^2 0 $.1 0 0 $.1^2 $.1^2 1 $.1 $.1^2 $.1 $.1 0 0 0]\n[$.1 0 0 0 0 0 0 0 0 $.1 $.1 0 1 0 $.1^2 0 0 1 1 $.1 $.1^2 1 $.1^2 $.1^2 0 0 0]\n[0 1 0 0 0 0 0 0 0 $.1 0 $.1 $.1^2 1 $.1^2 1 $.1 $.1 0 0 $.1^2 1 0 $.1^2 0 0 0]\n[0 $.1 0 0 0 0 0 0 0 $.1^2 0 $.1^2 1 $.1 1 $.1 $.1^2 $.1^2 0 0 1 $.1 0 1 0 0 0]\n[0 0 1 0 0 0 0 0 0 $.1^2 0 1 $.1^2 0 0 $.1 $.1 1 $.1^2 1 $.1^2 $.1 0 $.1 0 0 0]\n[0 0 $.1 0 0 0 0 0 0 1 0 $.1 1 0 0 $.1^2 $.1^2 $.1 1 $.1 1 $.1^2 0 $.1^2 0 0 0]\n[0 0 0 1 0 0 0 0 0 $.1 $.1 $.1^2 $.1 1 $.1^2 $.1^2 0 0 $.1 0 $.1^2 0 1 1 0 0 0]\n[0 0 0 $.1 0 0 0 0 0 $.1^2 $.1^2 1 $.1^2 $.1 1 1 0 0 $.1^2 0 1 0 $.1 $.1 0 0 0]\n[0 0 0 0 1 0 0 0 0 1 1 0 1 $.1^2 $.1^2 1 $.1 1 $.1 0 1 1 $.1 $.1 0 0 0]\n[0 0 0 0 $.1 0 0 0 0 $.1 $.1 0 $.1 1 1 $.1 $.1^2 $.1 $.1^2 0 $.1 $.1 $.1^2 $.1^2\n 0 0 0]\n[0 0 0 0 0 1 0 0 0 $.1 0 $.1 $.1^2 $.1^2 0 0 $.1^2 0 $.1 1 $.1 $.1 $.1 $.1^2 0 0\n 0]\n[0 0 0 0 0 $.1 0 0 0 $.1^2 0 $.1^2 1 1 0 0 1 0 $.1^2 $.1 $.1^2 $.1^2 $.1^2 1 0 0\n 0]\n[0 0 0 0 0 0 1 0 0 $.1^2 0 1 $.1^2 0 $.1 1 $.1^2 0 1 $.1^2 $.1 $.1^2 $.1^2 0 0 0\n 0]\n[0 0 0 0 0 0 $.1 0 0 1 0 $.1 1 0 $.1^2 $.1 1 0 $.1 1 $.1^2 1 1 0 0 0 0]\n[0 0 0 0 0 0 0 1 0 0 $.1^2 0 1 $.1^2 0 $.1 1 $.1^2 0 1 $.1^2 $.1 $.1^2 $.1^2 0 0\n 0]\n[0 0 0 0 0 0 0 $.1 0 0 1 0 $.1 1 0 $.1^2 $.1 1 0 $.1 1 $.1^2 1 1 0 0 0]\n[0 0 0 0 0 0 0 0 1 $.1^2 $.1 $.1 1 $.1 $.1 1 1 $.1 $.1 1 $.1 $.1 $.1^2 1 0 0 0]\n[0 0 0 0 0 0 0 0 $.1 1 $.1^2 $.1^2 $.1 $.1^2 $.1^2 $.1 $.1 $.1^2 $.1^2 $.1 $.1^2\n $.1^2 1 $.1 0 0 0]\n[0 0 0 0 0 0 0 0 0 0 0 0 0 0 0 0 0 0 0 0 0 0 0 0 1 0 0]\n[0 0 0 0 0 0 0 0 0 0 0 0 0 0 0 0 0 0 0 0 0 0 0 0 0 1 0]\n[0 0 0 0 0 0 0 0 0 0 0 0 0 0 0 0 0 0 0 0 0 0 0 0 0 0 1]\nQuantum GF(2)-Additive code over GF(4) of length 27 with 33 generators.\nLower Bound: 1, Upper Bound: 12\nConstructed 2 distinct generator matrices\nTotal Ranks: 18 18 \nRelative Ranks: 18 9 \n(4 4 4 4 4 4 4 4 4 4 4 4 4 4 4 2 2 2 )\n(4 4 4 4 4 4 4 4 4 4 4 4 4 4 4 2 2 2 )\nTime Taken: 0.00\nStarting search for low weight codewords... (reset timings)\nEnumerating using 1 generator at a time:\n New codeword identified of weight 9, time 0.00\n New codeword identified of weight 8, time 0.00\n New codeword identified of weight 7, time 0.00\n New codeword identified of weight 6, time 0.00\n Impurity detected of weight 1, time 0.00\n Discarding non-contributing rank 9 matrix\n New Total Ranks: 18 \n New Relative Ranks: 18 \n Completed Matrix 1: lower = 2, upper = 6. Elapsed: 0.00s\nTermination predicted with 5 generators at matrix 1\nEnumerating using 2 generators at a time:\n Completed Matrix 1: lower = 3, upper = 6. Elapsed: 0.00s\nTermination predicted with 5 generators at matrix 1\nEnumerating using 3 generators at a time:\n Completed Matrix 1: lower = 4, upper = 6. Elapsed: 0.00s\nTermination predicted with 5 generators at matrix 1\nEnumerating using 4 generators at a time:\n Completed Matrix 1: lower = 5, upper = 6. Elapsed: 0.00s\nTermination predicted with 5 generators at matrix 1\nEnumerating using 5 generators at a time:\n Completed Matrix 1: lower = 6, upper = 6. Elapsed: 0.00s\nComputation complete \nFinal Results: lower = 6, upper = 6,\nTotal CPU time: 0.00, real time: 0.010\n6\n\nTotal time: 0.019 seconds, Total memory usage: 32.09MB\n
A53: [[28,6,6]] | B53: 28 | C53: 6 | D53: 6 | E53: 0 | F53: 0.06321925 | G53: 1 | H53: 1 | I53: Magma V2.28-26 Tue Dec 30 2025 12:10:37 on Marks-MacBook-Air-2 [Seed = \n1098639786]\nType ? for help. Type <Ctrl>-D to quit.\n[1 0 0 0 0 0 0 0 0 0 0 0 0 0 0 0 0 0 1 1 1 0 0 0 0 0 0 0 0 1 1 1 0 0 0 0 0 0 1 0\n 0 0 1 0 0 1 0 1 1 1 0 1 0 0 0 0]\n[0 1 0 0 0 0 0 0 0 0 0 0 0 0 0 0 0 0 1 1 0 1 1 1 0 0 0 0 1 1 1 0 0 1 1 0 0 0 1 1\n 1 1 1 1 1 1 0 1 0 1 0 1 0 0 0 0]\n[0 0 1 0 0 0 0 0 0 0 0 0 0 0 0 0 0 0 0 0 1 0 0 0 0 0 0 0 1 1 1 1 1 0 1 0 1 1 0 0\n 0 1 1 0 1 0 1 1 1 1 1 0 0 0 0 0]\n[0 0 0 1 0 0 0 0 0 0 0 0 0 0 0 0 0 0 0 0 0 1 0 0 0 0 0 0 0 1 1 1 1 1 0 1 0 1 1 0\n 0 0 1 1 0 1 0 1 1 1 1 1 0 0 0 0]\n[0 0 0 0 1 0 0 0 0 0 0 0 0 0 0 0 0 0 1 0 1 0 0 1 0 0 0 0 1 1 1 0 0 0 0 0 1 0 0 1\n 1 1 1 1 0 1 0 1 0 1 0 0 0 0 0 0]\n[0 0 0 0 0 1 0 0 0 0 0 0 0 0 0 0 0 0 1 0 1 1 0 0 0 0 0 0 0 0 1 0 0 1 1 1 1 0 1 1\n 1 0 0 0 0 0 0 0 0 1 0 1 0 0 0 0]\n[0 0 0 0 0 0 1 0 0 0 0 0 0 0 0 0 0 0 1 1 1 1 0 1 0 0 0 0 1 1 0 0 1 1 0 1 1 1 1 1\n 0 0 1 0 1 1 1 1 1 0 0 1 0 0 0 0]\n[0 0 0 0 0 0 0 1 0 0 0 0 0 0 0 0 0 0 0 0 1 1 0 1 0 0 0 0 1 1 1 0 1 1 1 1 0 0 1 0\n 0 0 0 0 0 0 1 0 1 0 0 0 0 0 0 0]\n[0 0 0 0 0 0 0 0 1 0 0 0 0 0 0 0 0 0 1 1 1 1 1 0 0 0 0 0 0 0 1 0 0 0 0 0 0 1 1 0\n 0 1 1 1 1 0 1 1 1 0 1 1 0 0 0 0]\n[0 0 0 0 0 0 0 0 0 1 0 0 0 0 0 0 0 0 1 1 0 1 0 0 0 0 0 0 1 1 0 0 1 1 1 0 0 0 0 1\n 1 1 0 1 0 0 1 0 0 1 1 0 0 0 0 0]\n[0 0 0 0 0 0 0 0 0 0 1 0 0 0 0 0 0 0 0 1 1 0 1 0 0 0 0 0 0 1 1 0 0 1 1 1 0 0 0 0\n 1 1 1 0 1 0 0 1 0 0 1 1 0 0 0 0]\n[0 0 0 0 0 0 0 0 0 0 0 1 0 0 0 0 0 0 1 0 0 1 1 0 0 0 0 0 1 1 1 0 1 1 0 1 1 0 1 0\n 1 0 0 1 1 0 1 1 0 0 1 0 0 0 0 0]\n[0 0 0 0 0 0 0 0 0 0 0 0 1 0 0 0 0 0 0 1 0 0 1 1 0 0 0 0 0 1 1 1 0 1 1 0 1 1 0 1\n 0 1 0 0 1 1 0 1 1 0 0 1 0 0 0 0]\n[0 0 0 0 0 0 0 0 0 0 0 0 0 1 0 0 0 0 0 1 1 0 1 0 0 0 0 0 1 0 1 1 0 0 1 0 1 0 1 1\n 0 0 1 1 0 0 1 1 1 0 0 0 0 0 0 0]\n[0 0 0 0 0 0 0 0 0 0 0 0 0 0 1 0 0 0 0 0 1 1 0 1 0 0 0 0 0 1 0 1 1 0 0 1 0 1 0 1\n 1 0 0 1 1 0 0 1 1 1 0 0 0 0 0 0]\n[0 0 0 0 0 0 0 0 0 0 0 0 0 0 0 1 0 0 1 1 1 1 1 0 0 0 0 0 0 1 1 1 1 0 1 1 0 1 0 1\n 1 0 1 1 0 1 1 0 0 0 0 1 0 0 0 0]\n[0 0 0 0 0 0 0 0 0 0 0 0 0 0 0 0 1 0 1 1 0 1 0 0 0 0 0 0 1 1 1 0 0 0 1 1 1 0 0 0\n 0 0 1 1 0 1 0 0 1 0 1 1 0 0 0 0]\n[0 0 0 0 0 0 0 0 0 0 0 0 0 0 0 0 0 1 1 1 0 0 0 1 0 0 0 0 1 0 1 0 1 1 1 1 1 1 1 0\n 1 1 1 1 0 1 0 1 1 1 1 0 0 0 0 0]\n[0 0 0 0 0 0 0 0 0 0 0 0 0 0 0 0 0 0 0 0 0 0 0 0 1 0 0 0 0 0 0 0 0 0 0 0 0 0 0 0\n 0 0 0 0 0 0 0 0 0 0 0 0 0 0 0 0]\n[0 0 0 0 0 0 0 0 0 0 0 0 0 0 0 0 0 0 0 0 0 0 0 0 0 1 0 0 0 0 0 0 0 0 0 0 0 0 0 0\n 0 0 0 0 0 0 0 0 0 0 0 0 0 0 0 0]\n[0 0 0 0 0 0 0 0 0 0 0 0 0 0 0 0 0 0 0 0 0 0 0 0 0 0 1 0 0 0 0 0 0 0 0 0 0 0 0 0\n 0 0 0 0 0 0 0 0 0 0 0 0 0 0 0 0]\n[0 0 0 0 0 0 0 0 0 0 0 0 0 0 0 0 0 0 0 0 0 0 0 0 0 0 0 1 0 0 0 0 0 0 0 0 0 0 0 0\n 0 0 0 0 0 0 0 0 0 0 0 0 0 0 0 0]\n[[28, 6]] quantum code over GF(2^2), stabilised by:\n[1 0 0 0 0 0 0 0 0 1 1 0 $.1^2 0 $.1 0 0 $.1^2 $.1^2 1 $.1 $.1^2 $.1 $.1 0 0 0 \n 0]\n[$.1 0 0 0 0 0 0 0 0 $.1 $.1 0 1 0 $.1^2 0 0 1 1 $.1 $.1^2 1 $.1^2 $.1^2 0 0 0 \n 0]\n[0 1 0 0 0 0 0 0 0 $.1 0 $.1 $.1^2 1 $.1^2 1 $.1 $.1 0 0 $.1^2 1 0 $.1^2 0 0 0 \n 0]\n[0 $.1 0 0 0 0 0 0 0 $.1^2 0 $.1^2 1 $.1 1 $.1 $.1^2 $.1^2 0 0 1 $.1 0 1 0 0 0 \n 0]\n[0 0 1 0 0 0 0 0 0 $.1^2 0 1 $.1^2 0 0 $.1 $.1 1 $.1^2 1 $.1^2 $.1 0 $.1 0 0 0 \n 0]\n[0 0 $.1 0 0 0 0 0 0 1 0 $.1 1 0 0 $.1^2 $.1^2 $.1 1 $.1 1 $.1^2 0 $.1^2 0 0 0 \n 0]\n[0 0 0 1 0 0 0 0 0 $.1 $.1 $.1^2 $.1 1 $.1^2 $.1^2 0 0 $.1 0 $.1^2 0 1 1 0 0 0 \n 0]\n[0 0 0 $.1 0 0 0 0 0 $.1^2 $.1^2 1 $.1^2 $.1 1 1 0 0 $.1^2 0 1 0 $.1 $.1 0 0 0 \n 0]\n[0 0 0 0 1 0 0 0 0 1 1 0 1 $.1^2 $.1^2 1 $.1 1 $.1 0 1 1 $.1 $.1 0 0 0 0]\n[0 0 0 0 $.1 0 0 0 0 $.1 $.1 0 $.1 1 1 $.1 $.1^2 $.1 $.1^2 0 $.1 $.1 $.1^2 $.1^2\n 0 0 0 0]\n[0 0 0 0 0 1 0 0 0 $.1 0 $.1 $.1^2 $.1^2 0 0 $.1^2 0 $.1 1 $.1 $.1 $.1 $.1^2 0 0\n 0 0]\n[0 0 0 0 0 $.1 0 0 0 $.1^2 0 $.1^2 1 1 0 0 1 0 $.1^2 $.1 $.1^2 $.1^2 $.1^2 1 0 0\n 0 0]\n[0 0 0 0 0 0 1 0 0 $.1^2 0 1 $.1^2 0 $.1 1 $.1^2 0 1 $.1^2 $.1 $.1^2 $.1^2 0 0 0\n 0 0]\n[0 0 0 0 0 0 $.1 0 0 1 0 $.1 1 0 $.1^2 $.1 1 0 $.1 1 $.1^2 1 1 0 0 0 0 0]\n[0 0 0 0 0 0 0 1 0 0 $.1^2 0 1 $.1^2 0 $.1 1 $.1^2 0 1 $.1^2 $.1 $.1^2 $.1^2 0 0\n 0 0]\n[0 0 0 0 0 0 0 $.1 0 0 1 0 $.1 1 0 $.1^2 $.1 1 0 $.1 1 $.1^2 1 1 0 0 0 0]\n[0 0 0 0 0 0 0 0 1 $.1^2 $.1 $.1 1 $.1 $.1 1 1 $.1 $.1 1 $.1 $.1 $.1^2 1 0 0 0 \n 0]\n[0 0 0 0 0 0 0 0 $.1 1 $.1^2 $.1^2 $.1 $.1^2 $.1^2 $.1 $.1 $.1^2 $.1^2 $.1 $.1^2\n $.1^2 1 $.1 0 0 0 0]\n[0 0 0 0 0 0 0 0 0 0 0 0 0 0 0 0 0 0 0 0 0 0 0 0 1 0 0 0]\n[0 0 0 0 0 0 0 0 0 0 0 0 0 0 0 0 0 0 0 0 0 0 0 0 0 1 0 0]\n[0 0 0 0 0 0 0 0 0 0 0 0 0 0 0 0 0 0 0 0 0 0 0 0 0 0 1 0]\n[0 0 0 0 0 0 0 0 0 0 0 0 0 0 0 0 0 0 0 0 0 0 0 0 0 0 0 1]\nQuantum GF(2)-Additive code over GF(4) of length 28 with 34 generators.\nLower Bound: 1, Upper Bound: 12\nConstructed 2 distinct generator matrices\nTotal Ranks: 19 19 \nRelative Ranks: 19 9 \n(4 4 4 4 4 4 4 4 4 4 4 4 4 4 4 2 2 2 2 )\n(4 4 4 4 4 4 4 4 4 4 4 4 4 4 4 2 2 2 2 )\nTime Taken: 0.00\nStarting search for low weight codewords... (reset timings)\nEnumerating using 1 generator at a time:\n New codeword identified of weight 9, time 0.00\n New codeword identified of weight 8, time 0.00\n New codeword identified of weight 7, time 0.00\n New codeword identified of weight 6, time 0.00\n Impurity detected of weight 1, time 0.00\n Discarding non-contributing rank 9 matrix\n New Total Ranks: 19 \n New Relative Ranks: 19 \n Completed Matrix 1: lower = 2, upper = 6. Elapsed: 0.00s\nTermination predicted with 5 generators at matrix 1\nEnumerating using 2 generators at a time:\n Completed Matrix 1: lower = 3, upper = 6. Elapsed: 0.00s\nTermination predicted with 5 generators at matrix 1\nEnumerating using 3 generators at a time:\n Completed Matrix 1: lower = 4, upper = 6. Elapsed: 0.00s\nTermination predicted with 5 generators at matrix 1\nEnumerating using 4 generators at a time:\n Completed Matrix 1: lower = 5, upper = 6. Elapsed: 0.00s\nTermination predicted with 5 generators at matrix 1\nEnumerating using 5 generators at a time:\n Completed Matrix 1: lower = 6, upper = 6. Elapsed: 0.00s\nComputation complete \nFinal Results: lower = 6, upper = 6,\nTotal CPU time: 0.00, real time: 0.011\n6\n\nTotal time: 0.019 seconds, Total memory usage: 32.09MB\n
