Workbook

Sheet analysis-all
A1: {=MID(CELL("filename"),SEARCH("[",CELL("filename"))+1,SEARCH("]",CELL("filename"))-SEARCH("[",CELL("filename"))-1)} -> BB-Rnd-v-Evol.xlsx
A3: Family Size | B3: =COUNT(AB:AB) -> 0 | C3: nMax | D3: =MAX(B68:B300) -> 3024 | E3: nMin | F3: =MIN(B68:B300) -> 72
A4: Sum dMin | B4: =SUM(C68:C188) -> 710 | C4: Sum d actual | D4: =B4 -> 710
A5: Heuristic Methods
B6: m4riRW | C6: QDistRndMW | D6: QDistEvol
A7: Codes completed | B7: =SUM(BD:BD) -> 20 | C7: =SUM(BE:BE) -> 20 | D7: =SUM(BF:BF) -> 20 | J7: #,##0;;
A8: Codes at lowest distance | B8: =SUM(CL:CL) -> 8 | C8: =SUM(CM:CM) -> 8 | D8: =SUM(CN:CN) -> 20 | J8: #,##0;;
A9: Overall Success Rate | B9: =IF(B7,B8/B7,"") -> 0.4 | C9: =IF(C7,C8/C7,"") -> 0.4 | D9: =IF(D7,D8/D7,"") -> 1 | J9: 0.0%;;
A10: Avg Delta d | B10: =(SUM(V:V)-$D$4)/B7 -> 17.8 | C10: =(SUM(W:W)-$D$4)/C7 -> 20.9 | D10: =(SUM(X:X)-$D$4)/D7 -> 0 | J10: #,##0.0
A11: Trials | C11: =SUM(FC:FC) -> 1000000 | D11: =SUM(FD:FD) -> 1000000 | J11: #,##0;;
A12: Trials at lowest distance | C12: =SUM(EL:EL) -> 148856 | D12: =SUM(EM:EM) -> 374187 | J12: #,##0;;
A13: Trial Success Rate | C13: =IF(C12,C12/C11,"") -> 0.148856 | D13: =IF(D12,D12/D11,"") -> 0.374187 | J13: 0.0%;;
A14: Total Processing Time (s) | B14: =SUM(DC:DC) -> 112.32264 | C14: =SUM(DD:DD) -> 47449.721 | D14: =SUM(DE:DE) -> 46856.61 | J14: 0.0E+00;;
A15: Time/Trial | B15: =IF(B11,B14/B11,"") | C15: =IF(C11,C14/C11,"") -> 0.047449721 | D15: =IF(D11,D14/D11,"") -> 0.04685661 | J15: 0.0E+00;; | N15: =IF(N11,N14/N11,"")
A16: Time/Successful Trial | B16: =IF(B12,B14/B12,"") | C16: =IF(C12,C14/C12,"") -> 0.31876257 | D16: =IF(D12,D14/D12,"") -> 0.12522244 | J16: 0.0E+00;; | N16: =IF(N12,N14/N12,"")
FX34: =IF(FU34,FT34/FU34,"")
FX35: =IF(FU35,FT35/FU35,"")
FX36: =IF(FU36,FT36/FU36,"")
FX37: =IF(FU37,FT37/FU37,"")
FX38: =IF(FU38,FT38/FU38,"")
A43: \begin{center}
A44: \begin{tabular}{ |l| | B44: r| | C44: r| | D44: r| | E44: } | F44: \hline
A45: =A2&" &" -> & | B45: ="\textbf{"&B6&"}"&IF(C45="\\",""," &") -> \textbf{m4riRW} & | C45: ="\textbf{"&C6&"}"&IF(D45="\\",""," &") -> \textbf{QDistRndMW} & | D45: ="\textbf{"&D6&"}"&IF(E45="\\",""," &") -> \textbf{QDistEvol} | E45: \\ | F45: \hline
A46: ="\textbf{"&A7&"} &" -> \textbf{Codes completed} & | B46: =SUBSTITUTE(TEXT(B7,$J7)&IF(C46="\\",""," &"),"%","\%") -> 20 & | C46: =SUBSTITUTE(TEXT(C7,$J7)&IF(D46="\\",""," &"),"%","\%") -> 20 & | D46: =SUBSTITUTE(TEXT(D7,$J7)&IF(E46="\\",""," &"),"%","\%") -> 20 | E46: \\
A47: ="\textbf{"&A8&"} &" -> \textbf{Codes at lowest distance} & | B47: =SUBSTITUTE(TEXT(B8,$J8)&IF(C47="\\",""," &"),"%","\%") -> 8 & | C47: =SUBSTITUTE(TEXT(C8,$J8)&IF(D47="\\",""," &"),"%","\%") -> 8 & | D47: =SUBSTITUTE(TEXT(D8,$J8)&IF(E47="\\",""," &"),"%","\%") -> 20 | E47: \\
A48: ="\textbf{"&A9&"} &" -> \textbf{Overall Success Rate} & | B48: =SUBSTITUTE(TEXT(B9,$J9)&IF(C48="\\",""," &"),"%","\%") -> 40.0\% & | C48: =SUBSTITUTE(TEXT(C9,$J9)&IF(D48="\\",""," &"),"%","\%") -> 40.0\% & | D48: =SUBSTITUTE(TEXT(D9,$J9)&IF(E48="\\",""," &"),"%","\%") -> 100.0\% | E48: \\
A49: ="\textbf{"&A10&"} &" -> \textbf{Avg Delta d} & | B49: =SUBSTITUTE(TEXT(B10,$J10)&IF(C49="\\",""," &"),"%","\%") -> 17.8 & | C49: =SUBSTITUTE(TEXT(C10,$J10)&IF(D49="\\",""," &"),"%","\%") -> 20.9 & | D49: =SUBSTITUTE(TEXT(D10,$J10)&IF(E49="\\",""," &"),"%","\%") -> 0.0 | E49: \\ | F49: \hline
A50: ="\textbf{"&A11&"} &" -> \textbf{Trials} & | B50: =SUBSTITUTE(TEXT(B11,$J11)&IF(C50="\\",""," &"),"%","\%") -> & | C50: =SUBSTITUTE(TEXT(C11,$J11)&IF(D50="\\",""," &"),"%","\%") -> 1,000,000 & | D50: =SUBSTITUTE(TEXT(D11,$J11)&IF(E50="\\",""," &"),"%","\%") -> 1,000,000 | E50: \\
A51: ="\textbf{"&A12&"} &" -> \textbf{Trials at lowest distance} & | B51: =SUBSTITUTE(TEXT(B12,$J12)&IF(C51="\\",""," &"),"%","\%") -> & | C51: =SUBSTITUTE(TEXT(C12,$J12)&IF(D51="\\",""," &"),"%","\%") -> 148,856 & | D51: =SUBSTITUTE(TEXT(D12,$J12)&IF(E51="\\",""," &"),"%","\%") -> 374,187 | E51: \\
A52: ="\textbf{"&A13&"} &" -> \textbf{Trial Success Rate} & | B52: =SUBSTITUTE(TEXT(B13,$J13)&IF(C52="\\",""," &"),"%","\%") -> & | C52: =SUBSTITUTE(TEXT(C13,$J13)&IF(D52="\\",""," &"),"%","\%") -> 14.9\% & | D52: =SUBSTITUTE(TEXT(D13,$J13)&IF(E52="\\",""," &"),"%","\%") -> 37.4\% | E52: \\ | F52: \hline
A53: ="\textbf{"&A14&"} &" -> \textbf{Total Processing Time (s)} & | B53: =SUBSTITUTE(TEXT(B14,$J14)&IF(C53="\\",""," &"),"%","\%") -> 1.1E+02 & | C53: =SUBSTITUTE(TEXT(C14,$J14)&IF(D53="\\",""," &"),"%","\%") -> 4.7E+04 & | D53: =SUBSTITUTE(TEXT(D14,$J14)&IF(E53="\\",""," &"),"%","\%") -> 4.7E+04 | E53: \\
A54: ="\textbf{"&A15&"} &" -> \textbf{Time/Trial} & | B54: =SUBSTITUTE(TEXT(B15,$J15)&IF(C54="\\",""," &"),"%","\%") -> & | C54: =SUBSTITUTE(TEXT(C15,$J15)&IF(D54="\\",""," &"),"%","\%") -> 4.7E-02 & | D54: =SUBSTITUTE(TEXT(D15,$J15)&IF(E54="\\",""," &"),"%","\%") -> 4.7E-02 | E54: \\
A55: ="\textbf{"&A16&"} &" -> \textbf{Time/Successful Trial} & | B55: =SUBSTITUTE(TEXT(B16,$J16)&IF(C55="\\",""," &"),"%","\%") -> & | C55: =SUBSTITUTE(TEXT(C16,$J16)&IF(D55="\\",""," &"),"%","\%") -> 3.2E-01 & | D55: =SUBSTITUTE(TEXT(D16,$J16)&IF(E55="\\",""," &"),"%","\%") -> 1.3E-01 | E55: \\ | F55: \hline
A56: \end{tabular}
A57: \end{center}
A65: Offset | B65: =35-ROW(D68) -> -33
E66: Match | V66: dCalc | AM66: Algorithm Completed within maxTime | BD66: d Estimated Successfully | BU66: dEst | CL66: d correct | DC66: Time - Completed Trials | DT66: Time - Successful Trials | EK66: R | FB66: T
A67: QDistEvol_all | B67: n | C67: dMin | E67: m4ri_RW_all | F67: QDistRndMW_all | G67: QDistEvol_all | V67: =E67 -> m4ri_RW_all | W67: =F67 -> QDistRndMW_all | X67: =G67 -> QDistEvol_all | AM67: =E67 -> m4ri_RW_all | AN67: =F67 -> QDistRndMW_all | AO67: =G67 -> QDistEvol_all | BD67: =V67 -> m4ri_RW_all | BE67: =W67 -> QDistRndMW_all | BF67: =X67 -> QDistEvol_all | BU67: =BD67 -> m4ri_RW_all | BV67: =BE67 -> QDistRndMW_all | BW67: =BF67 -> QDistEvol_all | CL67: =BU67 -> m4ri_RW_all | CM67: =BV67 -> QDistRndMW_all | CN67: =BW67 -> QDistEvol_all | DC67: =CL67 -> m4ri_RW_all | DD67: =CM67 -> QDistRndMW_all | DE67: =CN67 -> QDistEvol_all | DT67: =DC67 -> m4ri_RW_all | DU67: =DD67 -> QDistRndMW_all | DV67: =DE67 -> QDistEvol_all | EK67: =DT67 -> m4ri_RW_all | EL67: =DU67 -> QDistRndMW_all | EM67: =DV67 -> QDistEvol_all | FB67: =EK67 -> m4ri_RW_all | FC67: =EL67 -> QDistRndMW_all | FD67: =EM67 -> QDistEvol_all
A68: {=INDIRECT($A$67&"!A"&ROW(C68)+$B$65)} -> [[72,12,6]] | B68: {=INDIRECT($A$67&"!b"&ROW(C68)+$B$65)} -> 72 | C68: =MIN(V68:X68) -> 6 | D68: 6 | E68: =MATCH($B68,INDIRECT("'"&E$67&"'!b:b"),) -> 32 | F68: =MATCH($B68,INDIRECT("'"&F$67&"'!b:b"),) -> 32 | G68: =MATCH($B68,INDIRECT("'"&G$67&"'!b:b"),) -> 35 | V68: {=IF(ISNA(E68),$B68,OFFSET(INDIRECT("'"&V$67&"'!d1"),E68-1,))} -> 6 | W68: {=IF(ISNA(F68),,OFFSET(INDIRECT("'"&W$67&"'!d1"),F68-1,))} -> 6 | X68: {=IF(ISNA(G68),,OFFSET(INDIRECT("'"&X$67&"'!d1"),G68-1,))} -> 6 | AM68: =IF(DC68> $N$3,0,1) -> 0 | AN68: =IF(DD68> $N$3,0,1) -> 0 | AO68: =IF(DE68> $N$3,0,1) -> 0 | BD68: =IF(AND(V68>0,V68<$B68),1,0) -> 1 | BE68: =IF(AND(W68>0,W68<$B68),1,0) -> 1 | BF68: =IF(AND(X68>0,X68<$B68),1,0) -> 1 | BU68: =IF(BD68,V68,$B68) -> 6 | BV68: =IF(BE68,W68,$B68) -> 6 | BW68: =IF(BF68,X68,$B68) -> 6 | CL68: =IF(BU68=$C68,1,0) -> 1 | CM68: =IF(BV68=$C68,1,0) -> 1 | CN68: =IF(BW68=$C68,1,0) -> 1 | DC68: {=IF(BD68,OFFSET(INDIRECT("'"&DT$67&"'!f1"),E68-1,),"")} -> 0.5121673261746764 | DD68: {=IF(BE68,OFFSET(INDIRECT("'"&DU$67&"'!f1"),F68-1,),"")} -> 13.753417 | DE68: {=IF(BF68,OFFSET(INDIRECT("'"&DV$67&"'!f1"),G68-1,),"")} -> 19.267282 | DT68: {=IF(CL68,OFFSET(INDIRECT("'"&DT$67&"'!f1"),E68-1,),"")} -> 0.5121673261746764 | DU68: {=IF(CM68,OFFSET(INDIRECT("'"&DU$67&"'!f1"),F68-1,),"")} -> 13.753417 | DV68: {=IF(CN68,OFFSET(INDIRECT("'"&DV$67&"'!f1"),G68-1,),"")} -> 19.267282 | EK68: {=IF(ISNA(E68),0,OFFSET(INDIRECT("'"&EK$67&"'!g1"),E68-1,)*CL68)} -> 1 | EL68: {=IF(ISNA(F68),0,OFFSET(INDIRECT("'"&EL$67&"'!g1"),F68-1,)*CM68)} -> 47412 | EM68: {=IF(ISNA(G68),0,OFFSET(INDIRECT("'"&EM$67&"'!g1"),G68-1,)*CN68)} -> 49959 | FB68: {=IF(ISNA(E68),0,OFFSET(INDIRECT("'"&EK$67&"'!h1"),E68-1,))} -> 1 | FC68: {=IF(ISNA(F68),0,OFFSET(INDIRECT("'"&EL$67&"'!h1"),F68-1,))} -> 50000 | FD68: {=IF(ISNA(G68),0,OFFSET(INDIRECT("'"&EM$67&"'!h1"),G68-1,))} -> 50000
A69: {=INDIRECT($A$67&"!A"&ROW(C69)+$B$65)} -> [[90,8,10]] | B69: {=INDIRECT($A$67&"!b"&ROW(C69)+$B$65)} -> 90 | C69: =MIN(V69:X69) -> 10 | D69: 10 | E69: =MATCH($B69,INDIRECT("'"&E$67&"'!b:b"),) -> 33 | F69: =MATCH($B69,INDIRECT("'"&F$67&"'!b:b"),) -> 33 | G69: =MATCH($B69,INDIRECT("'"&G$67&"'!b:b"),) -> 36 | V69: {=IF(ISNA(E69),,OFFSET(INDIRECT("'"&V$67&"'!d1"),E69-1,))} -> 10 | W69: {=IF(ISNA(F69),,OFFSET(INDIRECT("'"&W$67&"'!d1"),F69-1,))} -> 10 | X69: {=IF(ISNA(G69),,OFFSET(INDIRECT("'"&X$67&"'!d1"),G69-1,))} -> 10 | AM69: =IF(DC69> $N$3,0,1) -> 0 | AN69: =IF(DD69> $N$3,0,1) -> 0 | AO69: =IF(DE69> $N$3,0,1) -> 0 | BD69: =IF(AND(V69>0,V69<$B69),1,0) -> 1 | BE69: =IF(AND(W69>0,W69<$B69),1,0) -> 1 | BF69: =IF(AND(X69>0,X69<$B69),1,0) -> 1 | BU69: =IF(BD69,V69,$B69) -> 10 | BV69: =IF(BE69,W69,$B69) -> 10 | BW69: =IF(BF69,X69,$B69) -> 10 | CL69: =IF(BU69=$C69,1,0) -> 1 | CM69: =IF(BV69=$C69,1,0) -> 1 | CN69: =IF(BW69=$C69,1,0) -> 1 | DC69: {=IF(BD69,OFFSET(INDIRECT("'"&DT$67&"'!f1"),E69-1,),"")} -> 0.89620366 | DD69: {=IF(BE69,OFFSET(INDIRECT("'"&DU$67&"'!f1"),F69-1,),"")} -> 16.089497 | DE69: {=IF(BF69,OFFSET(INDIRECT("'"&DV$67&"'!f1"),G69-1,),"")} -> 21.447926 | DT69: {=IF(CL69,OFFSET(INDIRECT("'"&DT$67&"'!f1"),E69-1,),"")} -> 0.89620366 | DU69: {=IF(CM69,OFFSET(INDIRECT("'"&DU$67&"'!f1"),F69-1,),"")} -> 16.089497 | DV69: {=IF(CN69,OFFSET(INDIRECT("'"&DV$67&"'!f1"),G69-1,),"")} -> 21.447926 | EK69: {=IF(ISNA(E69),0,OFFSET(INDIRECT("'"&EK$67&"'!g1"),E69-1,)*CL69)} -> 1 | EL69: {=IF(ISNA(F69),0,OFFSET(INDIRECT("'"&EL$67&"'!g1"),F69-1,)*CM69)} -> 35187 | EM69: {=IF(ISNA(G69),0,OFFSET(INDIRECT("'"&EM$67&"'!g1"),G69-1,)*CN69)} -> 49654 | FB69: {=IF(ISNA(E69),0,OFFSET(INDIRECT("'"&EK$67&"'!h1"),E69-1,))} -> 1 | FC69: {=IF(ISNA(F69),0,OFFSET(INDIRECT("'"&EL$67&"'!h1"),F69-1,))} -> 50000 | FD69: {=IF(ISNA(G69),0,OFFSET(INDIRECT("'"&EM$67&"'!h1"),G69-1,))} -> 50000
A70: {=INDIRECT($A$67&"!A"&ROW(C70)+$B$65)} -> [[108,8,10]] | B70: {=INDIRECT($A$67&"!b"&ROW(C70)+$B$65)} -> 108 | C70: =MIN(V70:X70) -> 10 | D70: 10 | E70: =MATCH($B70,INDIRECT("'"&E$67&"'!b:b"),) -> 34 | F70: =MATCH($B70,INDIRECT("'"&F$67&"'!b:b"),) -> 34 | G70: =MATCH($B70,INDIRECT("'"&G$67&"'!b:b"),) -> 37 | V70: {=IF(ISNA(E70),,OFFSET(INDIRECT("'"&V$67&"'!d1"),E70-1,))} -> 10 | W70: {=IF(ISNA(F70),,OFFSET(INDIRECT("'"&W$67&"'!d1"),F70-1,))} -> 10 | X70: {=IF(ISNA(G70),,OFFSET(INDIRECT("'"&X$67&"'!d1"),G70-1,))} -> 10 | AM70: =IF(DC70> $N$3,0,1) -> 0 | AN70: =IF(DD70> $N$3,0,1) -> 0 | AO70: =IF(DE70> $N$3,0,1) -> 0 | BD70: =IF(AND(V70>0,V70<$B70),1,0) -> 1 | BE70: =IF(AND(W70>0,W70<$B70),1,0) -> 1 | BF70: =IF(AND(X70>0,X70<$B70),1,0) -> 1 | BU70: =IF(BD70,V70,$B70) -> 10 | BV70: =IF(BE70,W70,$B70) -> 10 | BW70: =IF(BF70,X70,$B70) -> 10 | CL70: =IF(BU70=$C70,1,0) -> 1 | CM70: =IF(BV70=$C70,1,0) -> 1 | CN70: =IF(BW70=$C70,1,0) -> 1 | DC70: {=IF(BD70,OFFSET(INDIRECT("'"&DT$67&"'!f1"),E70-1,),"")} -> 1.1873942716047168 | DD70: {=IF(BE70,OFFSET(INDIRECT("'"&DU$67&"'!f1"),F70-1,),"")} -> 19.68348 | DE70: {=IF(BF70,OFFSET(INDIRECT("'"&DV$67&"'!f1"),G70-1,),"")} -> 22.884935 | DT70: {=IF(CL70,OFFSET(INDIRECT("'"&DT$67&"'!f1"),E70-1,),"")} -> 1.1873942716047168 | DU70: {=IF(CM70,OFFSET(INDIRECT("'"&DU$67&"'!f1"),F70-1,),"")} -> 19.68348 | DV70: {=IF(CN70,OFFSET(INDIRECT("'"&DV$67&"'!f1"),G70-1,),"")} -> 22.884935 | EK70: {=IF(ISNA(E70),0,OFFSET(INDIRECT("'"&EK$67&"'!g1"),E70-1,)*CL70)} -> 1 | EL70: {=IF(ISNA(F70),0,OFFSET(INDIRECT("'"&EL$67&"'!g1"),F70-1,)*CM70)} -> 7200 | EM70: {=IF(ISNA(G70),0,OFFSET(INDIRECT("'"&EM$67&"'!g1"),G70-1,)*CN70)} -> 37629 | FB70: {=IF(ISNA(E70),0,OFFSET(INDIRECT("'"&EK$67&"'!h1"),E70-1,))} -> 1 | FC70: {=IF(ISNA(F70),0,OFFSET(INDIRECT("'"&EL$67&"'!h1"),F70-1,))} -> 50000 | FD70: {=IF(ISNA(G70),0,OFFSET(INDIRECT("'"&EM$67&"'!h1"),G70-1,))} -> 50000
A71: {=INDIRECT($A$67&"!A"&ROW(C71)+$B$65)} -> [[144,12,12]] | B71: {=INDIRECT($A$67&"!b"&ROW(C71)+$B$65)} -> 144 | C71: =MIN(V71:X71) -> 12 | D71: 12 | E71: =MATCH($B71,INDIRECT("'"&E$67&"'!b:b"),) -> 35 | F71: =MATCH($B71,INDIRECT("'"&F$67&"'!b:b"),) -> 35 | G71: =MATCH($B71,INDIRECT("'"&G$67&"'!b:b"),) -> 38 | V71: {=IF(ISNA(E71),,OFFSET(INDIRECT("'"&V$67&"'!d1"),E71-1,))} -> 12 | W71: {=IF(ISNA(F71),,OFFSET(INDIRECT("'"&W$67&"'!d1"),F71-1,))} -> 12 | X71: {=IF(ISNA(G71),,OFFSET(INDIRECT("'"&X$67&"'!d1"),G71-1,))} -> 12 | AM71: =IF(DC71> $N$3,0,1) -> 0 | AN71: =IF(DD71> $N$3,0,1) -> 0 | AO71: =IF(DE71> $N$3,0,1) -> 0 | BD71: =IF(AND(V71>0,V71<$B71),1,0) -> 1 | BE71: =IF(AND(W71>0,W71<$B71),1,0) -> 1 | BF71: =IF(AND(X71>0,X71<$B71),1,0) -> 1 | BU71: =IF(BD71,V71,$B71) -> 12 | BV71: =IF(BE71,W71,$B71) -> 12 | BW71: =IF(BF71,X71,$B71) -> 12 | CL71: =IF(BU71=$C71,1,0) -> 1 | CM71: =IF(BV71=$C71,1,0) -> 1 | CN71: =IF(BW71=$C71,1,0) -> 1 | DC71: {=IF(BD71,OFFSET(INDIRECT("'"&DT$67&"'!f1"),E71-1,),"")} -> 1.9778669895604253 | DD71: {=IF(BE71,OFFSET(INDIRECT("'"&DU$67&"'!f1"),F71-1,),"")} -> 32.531665 | DE71: {=IF(BF71,OFFSET(INDIRECT("'"&DV$67&"'!f1"),G71-1,),"")} -> 39.625184 | DT71: {=IF(CL71,OFFSET(INDIRECT("'"&DT$67&"'!f1"),E71-1,),"")} -> 1.9778669895604253 | DU71: {=IF(CM71,OFFSET(INDIRECT("'"&DU$67&"'!f1"),F71-1,),"")} -> 32.531665 | DV71: {=IF(CN71,OFFSET(INDIRECT("'"&DV$67&"'!f1"),G71-1,),"")} -> 39.625184 | EK71: {=IF(ISNA(E71),0,OFFSET(INDIRECT("'"&EK$67&"'!g1"),E71-1,)*CL71)} -> 1 | EL71: {=IF(ISNA(F71),0,OFFSET(INDIRECT("'"&EL$67&"'!g1"),F71-1,)*CM71)} -> 28622 | EM71: {=IF(ISNA(G71),0,OFFSET(INDIRECT("'"&EM$67&"'!g1"),G71-1,)*CN71)} -> 49270 | FB71: {=IF(ISNA(E71),0,OFFSET(INDIRECT("'"&EK$67&"'!h1"),E71-1,))} -> 1 | FC71: {=IF(ISNA(F71),0,OFFSET(INDIRECT("'"&EL$67&"'!h1"),F71-1,))} -> 50000 | FD71: {=IF(ISNA(G71),0,OFFSET(INDIRECT("'"&EM$67&"'!h1"),G71-1,))} -> 50000
A72: {=INDIRECT($A$67&"!A"&ROW(C72)+$B$65)} -> [[288,12,18]] | B72: {=INDIRECT($A$67&"!b"&ROW(C72)+$B$65)} -> 288 | C72: =MIN(V72:X72) -> 18 | D72: 18 | E72: =MATCH($B72,INDIRECT("'"&E$67&"'!b:b"),) -> 36 | F72: =MATCH($B72,INDIRECT("'"&F$67&"'!b:b"),) -> 36 | G72: =MATCH($B72,INDIRECT("'"&G$67&"'!b:b"),) -> 39 | V72: {=IF(ISNA(E72),,OFFSET(INDIRECT("'"&V$67&"'!d1"),E72-1,))} -> 18 | W72: {=IF(ISNA(F72),,OFFSET(INDIRECT("'"&W$67&"'!d1"),F72-1,))} -> 18 | X72: {=IF(ISNA(G72),,OFFSET(INDIRECT("'"&X$67&"'!d1"),G72-1,))} -> 18 | AM72: =IF(DC72> $N$3,0,1) -> 0 | AN72: =IF(DD72> $N$3,0,1) -> 0 | AO72: =IF(DE72> $N$3,0,1) -> 0 | BD72: =IF(AND(V72>0,V72<$B72),1,0) -> 1 | BE72: =IF(AND(W72>0,W72<$B72),1,0) -> 1 | BF72: =IF(AND(X72>0,X72<$B72),1,0) -> 1 | BU72: =IF(BD72,V72,$B72) -> 18 | BV72: =IF(BE72,W72,$B72) -> 18 | BW72: =IF(BF72,X72,$B72) -> 18 | CL72: =IF(BU72=$C72,1,0) -> 1 | CM72: =IF(BV72=$C72,1,0) -> 1 | CN72: =IF(BW72=$C72,1,0) -> 1 | DC72: {=IF(BD72,OFFSET(INDIRECT("'"&DT$67&"'!f1"),E72-1,),"")} -> 8.368582014925778 | DD72: {=IF(BE72,OFFSET(INDIRECT("'"&DU$67&"'!f1"),F72-1,),"")} -> 102.74757 | DE72: {=IF(BF72,OFFSET(INDIRECT("'"&DV$67&"'!f1"),G72-1,),"")} -> 106.84269 | DT72: {=IF(CL72,OFFSET(INDIRECT("'"&DT$67&"'!f1"),E72-1,),"")} -> 8.368582014925778 | DU72: {=IF(CM72,OFFSET(INDIRECT("'"&DU$67&"'!f1"),F72-1,),"")} -> 102.74757 | DV72: {=IF(CN72,OFFSET(INDIRECT("'"&DV$67&"'!f1"),G72-1,),"")} -> 106.84269 | EK72: {=IF(ISNA(E72),0,OFFSET(INDIRECT("'"&EK$67&"'!g1"),E72-1,)*CL72)} -> 1 | EL72: {=IF(ISNA(F72),0,OFFSET(INDIRECT("'"&EL$67&"'!g1"),F72-1,)*CM72)} -> 216 | EM72: {=IF(ISNA(G72),0,OFFSET(INDIRECT("'"&EM$67&"'!g1"),G72-1,)*CN72)} -> 29628 | FB72: {=IF(ISNA(E72),0,OFFSET(INDIRECT("'"&EK$67&"'!h1"),E72-1,))} -> 1 | FC72: {=IF(ISNA(F72),0,OFFSET(INDIRECT("'"&EL$67&"'!h1"),F72-1,))} -> 50000 | FD72: {=IF(ISNA(G72),0,OFFSET(INDIRECT("'"&EM$67&"'!h1"),G72-1,))} -> 50000
A73: {=INDIRECT($A$67&"!A"&ROW(C73)+$B$65)} -> [[360,12,24]] | B73: {=INDIRECT($A$67&"!b"&ROW(C73)+$B$65)} -> 360 | C73: =MIN(V73:X73) -> 24 | D73: 24 | E73: =MATCH($B73,INDIRECT("'"&E$67&"'!b:b"),) -> 37 | F73: =MATCH($B73,INDIRECT("'"&F$67&"'!b:b"),) -> 37 | G73: =MATCH($B73,INDIRECT("'"&G$67&"'!b:b"),) -> 40 | V73: {=IF(ISNA(E73),,OFFSET(INDIRECT("'"&V$67&"'!d1"),E73-1,))} -> 24 | W73: {=IF(ISNA(F73),,OFFSET(INDIRECT("'"&W$67&"'!d1"),F73-1,))} -> 24 | X73: {=IF(ISNA(G73),,OFFSET(INDIRECT("'"&X$67&"'!d1"),G73-1,))} -> 24 | AM73: =IF(DC73> $N$3,0,1) -> 0 | AN73: =IF(DD73> $N$3,0,1) -> 0 | AO73: =IF(DE73> $N$3,0,1) -> 0 | BD73: =IF(AND(V73>0,V73<$B73),1,0) -> 1 | BE73: =IF(AND(W73>0,W73<$B73),1,0) -> 1 | BF73: =IF(AND(X73>0,X73<$B73),1,0) -> 1 | BU73: =IF(BD73,V73,$B73) -> 24 | BV73: =IF(BE73,W73,$B73) -> 24 | BW73: =IF(BF73,X73,$B73) -> 24 | CL73: =IF(BU73=$C73,1,0) -> 1 | CM73: =IF(BV73=$C73,1,0) -> 1 | CN73: =IF(BW73=$C73,1,0) -> 1 | DC73: {=IF(BD73,OFFSET(INDIRECT("'"&DT$67&"'!f1"),E73-1,),"")} -> 12.563259687274694 | DD73: {=IF(BE73,OFFSET(INDIRECT("'"&DU$67&"'!f1"),F73-1,),"")} -> 155.24665 | DE73: {=IF(BF73,OFFSET(INDIRECT("'"&DV$67&"'!f1"),G73-1,),"")} -> 156.10034 | DT73: {=IF(CL73,OFFSET(INDIRECT("'"&DT$67&"'!f1"),E73-1,),"")} -> 12.563259687274694 | DU73: {=IF(CM73,OFFSET(INDIRECT("'"&DU$67&"'!f1"),F73-1,),"")} -> 155.24665 | DV73: {=IF(CN73,OFFSET(INDIRECT("'"&DV$67&"'!f1"),G73-1,),"")} -> 156.10034 | EK73: {=IF(ISNA(E73),0,OFFSET(INDIRECT("'"&EK$67&"'!g1"),E73-1,)*CL73)} -> 1 | EL73: {=IF(ISNA(F73),0,OFFSET(INDIRECT("'"&EL$67&"'!g1"),F73-1,)*CM73)} -> 152 | EM73: {=IF(ISNA(G73),0,OFFSET(INDIRECT("'"&EM$67&"'!g1"),G73-1,)*CN73)} -> 25064 | FB73: {=IF(ISNA(E73),0,OFFSET(INDIRECT("'"&EK$67&"'!h1"),E73-1,))} -> 1 | FC73: {=IF(ISNA(F73),0,OFFSET(INDIRECT("'"&EL$67&"'!h1"),F73-1,))} -> 50000 | FD73: {=IF(ISNA(G73),0,OFFSET(INDIRECT("'"&EM$67&"'!h1"),G73-1,))} -> 50000
A74: {=INDIRECT($A$67&"!A"&ROW(C74)+$B$65)} -> [[756,16,34]] | B74: {=INDIRECT($A$67&"!b"&ROW(C74)+$B$65)} -> 756 | C74: =MIN(V74:X74) -> 34 | D74: 34 | E74: =MATCH($B74,INDIRECT("'"&E$67&"'!b:b"),) -> 38 | F74: =MATCH($B74,INDIRECT("'"&F$67&"'!b:b"),) -> 38 | G74: =MATCH($B74,INDIRECT("'"&G$67&"'!b:b"),) -> 41 | V74: {=IF(ISNA(E74),,OFFSET(INDIRECT("'"&V$67&"'!d1"),E74-1,))} -> 40 | W74: {=IF(ISNA(F74),,OFFSET(INDIRECT("'"&W$67&"'!d1"),F74-1,))} -> 40 | X74: {=IF(ISNA(G74),,OFFSET(INDIRECT("'"&X$67&"'!d1"),G74-1,))} -> 34 | AM74: =IF(DC74> $N$3,0,1) -> 0 | AN74: =IF(DD74> $N$3,0,1) -> 0 | AO74: =IF(DE74> $N$3,0,1) -> 0 | BD74: =IF(AND(V74>0,V74<$B74),1,0) -> 1 | BE74: =IF(AND(W74>0,W74<$B74),1,0) -> 1 | BF74: =IF(AND(X74>0,X74<$B74),1,0) -> 1 | BU74: =IF(BD74,V74,$B74) -> 40 | BV74: =IF(BE74,W74,$B74) -> 40 | BW74: =IF(BF74,X74,$B74) -> 34 | CL74: =IF(BU74=$C74,1,0) -> 0 | CM74: =IF(BV74=$C74,1,0) -> 0 | CN74: =IF(BW74=$C74,1,0) -> 1 | DC74: {=IF(BD74,OFFSET(INDIRECT("'"&DT$67&"'!f1"),E74-1,),"")} -> 58.45441651623696 | DD74: {=IF(BE74,OFFSET(INDIRECT("'"&DU$67&"'!f1"),F74-1,),"")} -> 791.58971 | DE74: {=IF(BF74,OFFSET(INDIRECT("'"&DV$67&"'!f1"),G74-1,),"")} -> 770.16963 | DT74: {=IF(CL74,OFFSET(INDIRECT("'"&DT$67&"'!f1"),E74-1,),"")} | DU74: {=IF(CM74,OFFSET(INDIRECT("'"&DU$67&"'!f1"),F74-1,),"")} | DV74: {=IF(CN74,OFFSET(INDIRECT("'"&DV$67&"'!f1"),G74-1,),"")} -> 770.16963 | EK74: {=IF(ISNA(E74),0,OFFSET(INDIRECT("'"&EK$67&"'!g1"),E74-1,)*CL74)} -> 0 | EL74: {=IF(ISNA(F74),0,OFFSET(INDIRECT("'"&EL$67&"'!g1"),F74-1,)*CM74)} -> 0 | EM74: {=IF(ISNA(G74),0,OFFSET(INDIRECT("'"&EM$67&"'!g1"),G74-1,)*CN74)} -> 2367 | FB74: {=IF(ISNA(E74),0,OFFSET(INDIRECT("'"&EK$67&"'!h1"),E74-1,))} -> 1 | FC74: {=IF(ISNA(F74),0,OFFSET(INDIRECT("'"&EL$67&"'!h1"),F74-1,))} -> 50000 | FD74: {=IF(ISNA(G74),0,OFFSET(INDIRECT("'"&EM$67&"'!h1"),G74-1,))} -> 50000
A75: {=INDIRECT($A$67&"!A"&ROW(C75)+$B$65)} -> [[216,8,10]] | B75: {=INDIRECT($A$67&"!b"&ROW(C75)+$B$65)} -> 216 | C75: =MIN(V75:X75) -> 10 | D75: 10 | E75: =MATCH($B75,INDIRECT("'"&E$67&"'!b:b"),) -> 39 | F75: =MATCH($B75,INDIRECT("'"&F$67&"'!b:b"),) -> 39 | G75: =MATCH($B75,INDIRECT("'"&G$67&"'!b:b"),) -> 42 | V75: {=IF(ISNA(E75),,OFFSET(INDIRECT("'"&V$67&"'!d1"),E75-1,))} -> 10 | W75: {=IF(ISNA(F75),,OFFSET(INDIRECT("'"&W$67&"'!d1"),F75-1,))} -> 10 | X75: {=IF(ISNA(G75),,OFFSET(INDIRECT("'"&X$67&"'!d1"),G75-1,))} -> 10 | AM75: =IF(DC75> $N$3,0,1) -> 0 | AN75: =IF(DD75> $N$3,0,1) -> 0 | AO75: =IF(DE75> $N$3,0,1) -> 0 | BD75: =IF(AND(V75>0,V75<$B75),1,0) -> 1 | BE75: =IF(AND(W75>0,W75<$B75),1,0) -> 1 | BF75: =IF(AND(X75>0,X75<$B75),1,0) -> 1 | BU75: =IF(BD75,V75,$B75) -> 10 | BV75: =IF(BE75,W75,$B75) -> 10 | BW75: =IF(BF75,X75,$B75) -> 10 | CL75: =IF(BU75=$C75,1,0) -> 1 | CM75: =IF(BV75=$C75,1,0) -> 1 | CN75: =IF(BW75=$C75,1,0) -> 1 | DC75: {=IF(BD75,OFFSET(INDIRECT("'"&DT$67&"'!f1"),E75-1,),"")} -> 3.2927756188437343 | DD75: {=IF(BE75,OFFSET(INDIRECT("'"&DU$67&"'!f1"),F75-1,),"")} -> 50.084393 | DE75: {=IF(BF75,OFFSET(INDIRECT("'"&DV$67&"'!f1"),G75-1,),"")} -> 55.203774 | DT75: {=IF(CL75,OFFSET(INDIRECT("'"&DT$67&"'!f1"),E75-1,),"")} -> 3.2927756188437343 | DU75: {=IF(CM75,OFFSET(INDIRECT("'"&DU$67&"'!f1"),F75-1,),"")} -> 50.084393 | DV75: {=IF(CN75,OFFSET(INDIRECT("'"&DV$67&"'!f1"),G75-1,),"")} -> 55.203774 | EK75: {=IF(ISNA(E75),0,OFFSET(INDIRECT("'"&EK$67&"'!g1"),E75-1,)*CL75)} -> 1 | EL75: {=IF(ISNA(F75),0,OFFSET(INDIRECT("'"&EL$67&"'!g1"),F75-1,)*CM75)} -> 30052 | EM75: {=IF(ISNA(G75),0,OFFSET(INDIRECT("'"&EM$67&"'!g1"),G75-1,)*CN75)} -> 48639 | FB75: {=IF(ISNA(E75),0,OFFSET(INDIRECT("'"&EK$67&"'!h1"),E75-1,))} -> 1 | FC75: {=IF(ISNA(F75),0,OFFSET(INDIRECT("'"&EL$67&"'!h1"),F75-1,))} -> 50000 | FD75: {=IF(ISNA(G75),0,OFFSET(INDIRECT("'"&EM$67&"'!h1"),G75-1,))} -> 50000
A76: {=INDIRECT($A$67&"!A"&ROW(C76)+$B$65)} -> [[576,8,24]] | B76: {=INDIRECT($A$67&"!b"&ROW(C76)+$B$65)} -> 576 | C76: =MIN(V76:X76) -> 24 | D76: 24 | E76: =MATCH($B76,INDIRECT("'"&E$67&"'!b:b"),) -> 40 | F76: =MATCH($B76,INDIRECT("'"&F$67&"'!b:b"),) -> 40 | G76: =MATCH($B76,INDIRECT("'"&G$67&"'!b:b"),) -> 43 | V76: {=IF(ISNA(E76),,OFFSET(INDIRECT("'"&V$67&"'!d1"),E76-1,))} -> 24 | W76: {=IF(ISNA(F76),,OFFSET(INDIRECT("'"&W$67&"'!d1"),F76-1,))} -> 24 | X76: {=IF(ISNA(G76),,OFFSET(INDIRECT("'"&X$67&"'!d1"),G76-1,))} -> 24 | AM76: =IF(DC76> $N$3,0,1) -> 0 | AN76: =IF(DD76> $N$3,0,1) -> 0 | AO76: =IF(DE76> $N$3,0,1) -> 0 | BD76: =IF(AND(V76>0,V76<$B76),1,0) -> 1 | BE76: =IF(AND(W76>0,W76<$B76),1,0) -> 1 | BF76: =IF(AND(X76>0,X76<$B76),1,0) -> 1 | BU76: =IF(BD76,V76,$B76) -> 24 | BV76: =IF(BE76,W76,$B76) -> 24 | BW76: =IF(BF76,X76,$B76) -> 24 | CL76: =IF(BU76=$C76,1,0) -> 1 | CM76: =IF(BV76=$C76,1,0) -> 1 | CN76: =IF(BW76=$C76,1,0) -> 1 | DC76: {=IF(BD76,OFFSET(INDIRECT("'"&DT$67&"'!f1"),E76-1,),"")} -> 31.007136520929635 | DD76: {=IF(BE76,OFFSET(INDIRECT("'"&DU$67&"'!f1"),F76-1,),"")} -> 343.46415 | DE76: {=IF(BF76,OFFSET(INDIRECT("'"&DV$67&"'!f1"),G76-1,),"")} -> 334.95818 | DT76: {=IF(CL76,OFFSET(INDIRECT("'"&DT$67&"'!f1"),E76-1,),"")} -> 31.007136520929635 | DU76: {=IF(CM76,OFFSET(INDIRECT("'"&DU$67&"'!f1"),F76-1,),"")} -> 343.46415 | DV76: {=IF(CN76,OFFSET(INDIRECT("'"&DV$67&"'!f1"),G76-1,),"")} -> 334.95818 | EK76: {=IF(ISNA(E76),0,OFFSET(INDIRECT("'"&EK$67&"'!g1"),E76-1,)*CL76)} -> 1 | EL76: {=IF(ISNA(F76),0,OFFSET(INDIRECT("'"&EL$67&"'!g1"),F76-1,)*CM76)} -> 15 | EM76: {=IF(ISNA(G76),0,OFFSET(INDIRECT("'"&EM$67&"'!g1"),G76-1,)*CN76)} -> 21258 | FB76: {=IF(ISNA(E76),0,OFFSET(INDIRECT("'"&EK$67&"'!h1"),E76-1,))} -> 1 | FC76: {=IF(ISNA(F76),0,OFFSET(INDIRECT("'"&EL$67&"'!h1"),F76-1,))} -> 50000 | FD76: {=IF(ISNA(G76),0,OFFSET(INDIRECT("'"&EM$67&"'!h1"),G76-1,))} -> 50000
A77: {=INDIRECT($A$67&"!A"&ROW(C77)+$B$65)} -> [[864,4,40]] | B77: {=INDIRECT($A$67&"!b"&ROW(C77)+$B$65)} -> 864 | C77: =MIN(V77:X77) -> 40 | D77: 40 | E77: =MATCH($B77,INDIRECT("'"&E$67&"'!b:b"),) -> 41 | F77: =MATCH($B77,INDIRECT("'"&F$67&"'!b:b"),) -> 41 | G77: =MATCH($B77,INDIRECT("'"&G$67&"'!b:b"),) -> 44 | V77: {=IF(ISNA(E77),,OFFSET(INDIRECT("'"&V$67&"'!d1"),E77-1,))} -> 54 | W77: {=IF(ISNA(F77),,OFFSET(INDIRECT("'"&W$67&"'!d1"),F77-1,))} -> 56 | X77: {=IF(ISNA(G77),,OFFSET(INDIRECT("'"&X$67&"'!d1"),G77-1,))} -> 40 | AM77: =IF(DC77> $N$3,0,1) -> 0 | AN77: =IF(DD77> $N$3,0,1) -> 0 | AO77: =IF(DE77> $N$3,0,1) -> 0 | BD77: =IF(AND(V77>0,V77<$B77),1,0) -> 1 | BE77: =IF(AND(W77>0,W77<$B77),1,0) -> 1 | BF77: =IF(AND(X77>0,X77<$B77),1,0) -> 1 | BU77: =IF(BD77,V77,$B77) -> 54 | BV77: =IF(BE77,W77,$B77) -> 56 | BW77: =IF(BF77,X77,$B77) -> 40 | CL77: =IF(BU77=$C77,1,0) -> 0 | CM77: =IF(BV77=$C77,1,0) -> 0 | CN77: =IF(BW77=$C77,1,0) -> 1 | DC77: {=IF(BD77,OFFSET(INDIRECT("'"&DT$67&"'!f1"),E77-1,),"")} -> 72.219162 | DD77: {=IF(BE77,OFFSET(INDIRECT("'"&DU$67&"'!f1"),F77-1,),"")} -> 691.14443 | DE77: {=IF(BF77,OFFSET(INDIRECT("'"&DV$67&"'!f1"),G77-1,),"")} -> 699.95548 | DT77: {=IF(CL77,OFFSET(INDIRECT("'"&DT$67&"'!f1"),E77-1,),"")} | DU77: {=IF(CM77,OFFSET(INDIRECT("'"&DU$67&"'!f1"),F77-1,),"")} | DV77: {=IF(CN77,OFFSET(INDIRECT("'"&DV$67&"'!f1"),G77-1,),"")} -> 699.95548 | EK77: {=IF(ISNA(E77),0,OFFSET(INDIRECT("'"&EK$67&"'!g1"),E77-1,)*CL77)} -> 0 | EL77: {=IF(ISNA(F77),0,OFFSET(INDIRECT("'"&EL$67&"'!g1"),F77-1,)*CM77)} -> 0 | EM77: {=IF(ISNA(G77),0,OFFSET(INDIRECT("'"&EM$67&"'!g1"),G77-1,)*CN77)} -> 9396 | FB77: {=IF(ISNA(E77),0,OFFSET(INDIRECT("'"&EK$67&"'!h1"),E77-1,))} -> 1 | FC77: {=IF(ISNA(F77),0,OFFSET(INDIRECT("'"&EL$67&"'!h1"),F77-1,))} -> 50000 | FD77: {=IF(ISNA(G77),0,OFFSET(INDIRECT("'"&EM$67&"'!h1"),G77-1,))} -> 50000
A78: {=INDIRECT($A$67&"!A"&ROW(C78)+$B$65)} -> [[648,4,32]] | B78: {=INDIRECT($A$67&"!b"&ROW(C78)+$B$65)} -> 648 | C78: =MIN(V78:X78) -> 32 | D78: 32 | E78: =MATCH($B78,INDIRECT("'"&E$67&"'!b:b"),) -> 42 | F78: =MATCH($B78,INDIRECT("'"&F$67&"'!b:b"),) -> 42 | G78: =MATCH($B78,INDIRECT("'"&G$67&"'!b:b"),) -> 45 | V78: {=IF(ISNA(E78),,OFFSET(INDIRECT("'"&V$67&"'!d1"),E78-1,))} -> 36 | W78: {=IF(ISNA(F78),,OFFSET(INDIRECT("'"&W$67&"'!d1"),F78-1,))} -> 34 | X78: {=IF(ISNA(G78),,OFFSET(INDIRECT("'"&X$67&"'!d1"),G78-1,))} -> 32 | AM78: =IF(DC78> $N$3,0,1) -> 0 | AN78: =IF(DD78> $N$3,0,1) -> 0 | AO78: =IF(DE78> $N$3,0,1) -> 0 | BD78: =IF(AND(V78>0,V78<$B78),1,0) -> 1 | BE78: =IF(AND(W78>0,W78<$B78),1,0) -> 1 | BF78: =IF(AND(X78>0,X78<$B78),1,0) -> 1 | BU78: =IF(BD78,V78,$B78) -> 36 | BV78: =IF(BE78,W78,$B78) -> 34 | BW78: =IF(BF78,X78,$B78) -> 32 | CL78: =IF(BU78=$C78,1,0) -> 0 | CM78: =IF(BV78=$C78,1,0) -> 0 | CN78: =IF(BW78=$C78,1,0) -> 1 | DC78: {=IF(BD78,OFFSET(INDIRECT("'"&DT$67&"'!f1"),E78-1,),"")} -> 39.207277 | DD78: {=IF(BE78,OFFSET(INDIRECT("'"&DU$67&"'!f1"),F78-1,),"")} -> 358.49673 | DE78: {=IF(BF78,OFFSET(INDIRECT("'"&DV$67&"'!f1"),G78-1,),"")} -> 375.59538 | DT78: {=IF(CL78,OFFSET(INDIRECT("'"&DT$67&"'!f1"),E78-1,),"")} | DU78: {=IF(CM78,OFFSET(INDIRECT("'"&DU$67&"'!f1"),F78-1,),"")} | DV78: {=IF(CN78,OFFSET(INDIRECT("'"&DV$67&"'!f1"),G78-1,),"")} -> 375.59538 | EK78: {=IF(ISNA(E78),0,OFFSET(INDIRECT("'"&EK$67&"'!g1"),E78-1,)*CL78)} -> 0 | EL78: {=IF(ISNA(F78),0,OFFSET(INDIRECT("'"&EL$67&"'!g1"),F78-1,)*CM78)} -> 0 | EM78: {=IF(ISNA(G78),0,OFFSET(INDIRECT("'"&EM$67&"'!g1"),G78-1,)*CN78)} -> 14065 | FB78: {=IF(ISNA(E78),0,OFFSET(INDIRECT("'"&EK$67&"'!h1"),E78-1,))} -> 1 | FC78: {=IF(ISNA(F78),0,OFFSET(INDIRECT("'"&EL$67&"'!h1"),F78-1,))} -> 50000 | FD78: {=IF(ISNA(G78),0,OFFSET(INDIRECT("'"&EM$67&"'!h1"),G78-1,))} -> 50000
A79: {=INDIRECT($A$67&"!A"&ROW(C79)+$B$65)} -> [[1080,4,56]] | B79: {=INDIRECT($A$67&"!b"&ROW(C79)+$B$65)} -> 1080 | C79: =MIN(V79:X79) -> 56 | D79: 54 | E79: =MATCH($B79,INDIRECT("'"&E$67&"'!b:b"),) -> 43 | F79: =MATCH($B79,INDIRECT("'"&F$67&"'!b:b"),) -> 43 | G79: =MATCH($B79,INDIRECT("'"&G$67&"'!b:b"),) -> 46 | V79: {=IF(ISNA(E79),,OFFSET(INDIRECT("'"&V$67&"'!d1"),E79-1,))} -> 72 | W79: {=IF(ISNA(F79),,OFFSET(INDIRECT("'"&W$67&"'!d1"),F79-1,))} -> 78 | X79: {=IF(ISNA(G79),,OFFSET(INDIRECT("'"&X$67&"'!d1"),G79-1,))} -> 56 | AM79: =IF(DC79> $N$3,0,1) -> 0 | AN79: =IF(DD79> $N$3,0,1) -> 0 | AO79: =IF(DE79> $N$3,0,1) -> 0 | BD79: =IF(AND(V79>0,V79<$B79),1,0) -> 1 | BE79: =IF(AND(W79>0,W79<$B79),1,0) -> 1 | BF79: =IF(AND(X79>0,X79<$B79),1,0) -> 1 | BU79: =IF(BD79,V79,$B79) -> 72 | BV79: =IF(BE79,W79,$B79) -> 78 | BW79: =IF(BF79,X79,$B79) -> 56 | CL79: =IF(BU79=$C79,1,0) -> 0 | CM79: =IF(BV79=$C79,1,0) -> 0 | CN79: =IF(BW79=$C79,1,0) -> 1 | DC79: {=IF(BD79,OFFSET(INDIRECT("'"&DT$67&"'!f1"),E79-1,),"")} -> 113.05983931571245 | DD79: {=IF(BE79,OFFSET(INDIRECT("'"&DU$67&"'!f1"),F79-1,),"")} -> 1107.8914 | DE79: {=IF(BF79,OFFSET(INDIRECT("'"&DV$67&"'!f1"),G79-1,),"")} -> 1132.9726 | DT79: {=IF(CL79,OFFSET(INDIRECT("'"&DT$67&"'!f1"),E79-1,),"")} | DU79: {=IF(CM79,OFFSET(INDIRECT("'"&DU$67&"'!f1"),F79-1,),"")} | DV79: {=IF(CN79,OFFSET(INDIRECT("'"&DV$67&"'!f1"),G79-1,),"")} -> 1132.9726 | EK79: {=IF(ISNA(E79),0,OFFSET(INDIRECT("'"&EK$67&"'!g1"),E79-1,)*CL79)} -> 0 | EL79: {=IF(ISNA(F79),0,OFFSET(INDIRECT("'"&EL$67&"'!g1"),F79-1,)*CM79)} -> 0 | EM79: {=IF(ISNA(G79),0,OFFSET(INDIRECT("'"&EM$67&"'!g1"),G79-1,)*CN79)} -> 4445 | FB79: {=IF(ISNA(E79),0,OFFSET(INDIRECT("'"&EK$67&"'!h1"),E79-1,))} -> 1 | FC79: {=IF(ISNA(F79),0,OFFSET(INDIRECT("'"&EL$67&"'!h1"),F79-1,))} -> 50000 | FD79: {=IF(ISNA(G79),0,OFFSET(INDIRECT("'"&EM$67&"'!h1"),G79-1,))} -> 50000
A80: {=INDIRECT($A$67&"!A"&ROW(C80)+$B$65)} -> [[1296,4,50]] | B80: {=INDIRECT($A$67&"!b"&ROW(C80)+$B$65)} -> 1296 | C80: =MIN(V80:X80) -> 36 | D80: 46 | E80: =MATCH($B80,INDIRECT("'"&E$67&"'!b:b"),) -> 44 | F80: =MATCH($B80,INDIRECT("'"&F$67&"'!b:b"),) -> 44 | G80: =MATCH($B80,INDIRECT("'"&G$67&"'!b:b"),) -> 47 | V80: {=IF(ISNA(E80),,OFFSET(INDIRECT("'"&V$67&"'!d1"),E80-1,))} -> 80 | W80: {=IF(ISNA(F80),,OFFSET(INDIRECT("'"&W$67&"'!d1"),F80-1,))} -> 96 | X80: {=IF(ISNA(G80),,OFFSET(INDIRECT("'"&X$67&"'!d1"),G80-1,))} -> 36 | AM80: =IF(DC80> $N$3,0,1) -> 0 | AN80: =IF(DD80> $N$3,0,1) -> 0 | AO80: =IF(DE80> $N$3,0,1) -> 0 | BD80: =IF(AND(V80>0,V80<$B80),1,0) -> 1 | BE80: =IF(AND(W80>0,W80<$B80),1,0) -> 1 | BF80: =IF(AND(X80>0,X80<$B80),1,0) -> 1 | BU80: =IF(BD80,V80,$B80) -> 80 | BV80: =IF(BE80,W80,$B80) -> 96 | BW80: =IF(BF80,X80,$B80) -> 36 | CL80: =IF(BU80=$C80,1,0) -> 0 | CM80: =IF(BV80=$C80,1,0) -> 0 | CN80: =IF(BW80=$C80,1,0) -> 1 | DC80: {=IF(BD80,OFFSET(INDIRECT("'"&DT$67&"'!f1"),E80-1,),"")} -> 168.68845832441002 | DD80: {=IF(BE80,OFFSET(INDIRECT("'"&DU$67&"'!f1"),F80-1,),"")} -> 1621.4473 | DE80: {=IF(BF80,OFFSET(INDIRECT("'"&DV$67&"'!f1"),G80-1,),"")} -> 1786.4278 | DT80: {=IF(CL80,OFFSET(INDIRECT("'"&DT$67&"'!f1"),E80-1,),"")} | DU80: {=IF(CM80,OFFSET(INDIRECT("'"&DU$67&"'!f1"),F80-1,),"")} | DV80: {=IF(CN80,OFFSET(INDIRECT("'"&DV$67&"'!f1"),G80-1,),"")} -> 1786.4278 | EK80: {=IF(ISNA(E80),0,OFFSET(INDIRECT("'"&EK$67&"'!g1"),E80-1,)*CL80)} -> 0 | EL80: {=IF(ISNA(F80),0,OFFSET(INDIRECT("'"&EL$67&"'!g1"),F80-1,)*CM80)} -> 0 | EM80: {=IF(ISNA(G80),0,OFFSET(INDIRECT("'"&EM$67&"'!g1"),G80-1,)*CN80)} -> 9678 | FB80: {=IF(ISNA(E80),0,OFFSET(INDIRECT("'"&EK$67&"'!h1"),E80-1,))} -> 1 | FC80: {=IF(ISNA(F80),0,OFFSET(INDIRECT("'"&EL$67&"'!h1"),F80-1,))} -> 50000 | FD80: {=IF(ISNA(G80),0,OFFSET(INDIRECT("'"&EM$67&"'!h1"),G80-1,))} -> 50000
... A87: {=INDIRECT($A$67&"!A"&ROW(C87)+$B$65)} -> [[3024,4,84]] | B87: {=INDIRECT($A$67&"!b"&ROW(C87)+$B$65)} -> 3024 | C87: =MIN(V87:X87) -> 86 | D87: 78 | E87: =MATCH($B87,INDIRECT("'"&E$67&"'!b:b"),) -> 51 | F87: =MATCH($B87,INDIRECT("'"&F$67&"'!b:b"),) -> 51 | G87: =MATCH($B87,INDIRECT("'"&G$67&"'!b:b"),) -> 54 | V87: {=IF(ISNA(E87),,OFFSET(INDIRECT("'"&V$67&"'!d1"),E87-1,))} -> 156 | W87: {=IF(ISNA(F87),,OFFSET(INDIRECT("'"&W$67&"'!d1"),F87-1,))} -> 154 | X87: {=IF(ISNA(G87),,OFFSET(INDIRECT("'"&X$67&"'!d1"),G87-1,))} -> 86 | AM87: =IF(DC87> $N$3,0,1) -> 0 | AN87: =IF(DD87> $N$3,0,1) -> 0 | AO87: =IF(DE87> $N$3,0,1) -> 0 | BD87: =IF(AND(V87>0,V87<$B87),1,0) -> 1 | BE87: =IF(AND(W87>0,W87<$B87),1,0) -> 1 | BF87: =IF(AND(X87>0,X87<$B87),1,0) -> 1 | BU87: =IF(BD87,V87,$B87) -> 156 | BV87: =IF(BE87,W87,$B87) -> 154 | BW87: =IF(BF87,X87,$B87) -> 86 | CL87: =IF(BU87=$C87,1,0) -> 0 | CM87: =IF(BV87=$C87,1,0) -> 0 | CN87: =IF(BW87=$C87,1,0) -> 1 | DC87: {=IF(BD87,OFFSET(INDIRECT("'"&DT$67&"'!f1"),E87-1,),"")} -> 1023.7913884082809 | DD87: {=IF(BE87,OFFSET(INDIRECT("'"&DU$67&"'!f1"),F87-1,),"")} -> 13805.927 | DE87: {=IF(BF87,OFFSET(INDIRECT("'"&DV$67&"'!f1"),G87-1,),"")} -> 12529.853 | DT87: {=IF(CL87,OFFSET(INDIRECT("'"&DT$67&"'!f1"),E87-1,),"")} | DU87: {=IF(CM87,OFFSET(INDIRECT("'"&DU$67&"'!f1"),F87-1,),"")} | DV87: {=IF(CN87,OFFSET(INDIRECT("'"&DV$67&"'!f1"),G87-1,),"")} -> 12529.853 | EK87: {=IF(ISNA(E87),0,OFFSET(INDIRECT("'"&EK$67&"'!g1"),E87-1,)*CL87)} -> 0 | EL87: {=IF(ISNA(F87),0,OFFSET(INDIRECT("'"&EL$67&"'!g1"),F87-1,)*CM87)} -> 0 | EM87: {=IF(ISNA(G87),0,OFFSET(INDIRECT("'"&EM$67&"'!g1"),G87-1,)*CN87)} -> 1 | FB87: {=IF(ISNA(E87),0,OFFSET(INDIRECT("'"&EK$67&"'!h1"),E87-1,))} -> 1 | FC87: {=IF(ISNA(F87),0,OFFSET(INDIRECT("'"&EL$67&"'!h1"),F87-1,))} -> 50000 | FD87: {=IF(ISNA(G87),0,OFFSET(INDIRECT("'"&EM$67&"'!h1"),G87-1,))} -> 50000

Sheet analysis-756
A1: {=MID(CELL("filename"),SEARCH("[",CELL("filename"))+1,SEARCH("]",CELL("filename"))-SEARCH("[",CELL("filename"))-1)} -> BB-Rnd-v-Evol.xlsx
A3: Family Size | B3: =COUNT(AB:AB) -> 0 | C3: nMax | D3: =MAX(B68:B300) -> 756 | E3: nMin | F3: =MIN(B68:B300) -> 756
A4: Sum dMin | B4: =SUM(C68:C188) -> 3400 | C4: Sum d actual | D4: =B4 -> 3400
A5: Heuristic Methods
B6: m4riRW | C6: QDistRndMW | D6: QDistEvol
A7: Runs completed | B7: =COUNT(M:M) -> 100 | C7: =COUNT(N:N) -> 100 | D7: =COUNT(O:O) -> 100 | J7: #,##0;;
A8: Runs at lowest distance | B8: =COUNTIF(I:I,0) -> 4 | C8: =COUNTIF(J:J,0) -> 2 | D8: =COUNTIF(K:K,0) -> 57 | J8: #,##0;;
A9: Overall Success Rate | B9: =IF(B7,B8/B7,"") -> 0.04 | C9: =IF(C7,C8/C7,"") -> 0.02 | D9: =IF(D7,D8/D7,"") -> 0.57 | J9: 0.0%;;
A10: Avg Delta d | B10: =SUM(I:I)/B7 -> 7.2 | C10: =SUM(J:J)/C7 -> 7.88 | D10: =SUM(K:K)/D7 -> 1.22 | J10: #,##0.0
A11: Trials | C11: =SUM(V:V) -> 1000000 | D11: =SUM(W:W) -> 1000000 | J11: #,##0;;
A12: Trials at lowest distance | C12: =SUM(Z:Z) -> 2 | D12: =SUM(AA:AA) -> 158898 | J12: #,##0;;
A13: Trial Success Rate | C13: =IF(C12,C12/C11,"") -> 2e-06 | D13: =IF(D12,D12/D11,"") -> 0.158898 | J13: 0.0%;;
A14: Total Processing Time (s) | B14: =SUM(M:M) -> 1149.3476 | C14: =SUM(N:N) -> 14208.769 | D14: =SUM(O:O) -> 13855.731 | J14: 0.0E+00;;
A15: Time/Trial | C15: =IF(C11,C14/C11,"") -> 0.014208769 | D15: =IF(D11,D14/D11,"") -> 0.013855731 | J15: 0.0E+00;;
A16: Time/Successful Trial | C16: =IF(C12,C14/C12,"") -> 7104.3846 | D16: =IF(D12,D14/D12,"") -> 0.087198904 | J16: 0.0E+00;;
FX34: =IF(FU34,FT34/FU34,"")
FX35: =IF(FU35,FT35/FU35,"")
FX36: =IF(FU36,FT36/FU36,"")
FX37: =IF(FU37,FT37/FU37,"")
FX38: =IF(FU38,FT38/FU38,"")
A43: \begin{center}
A44: \begin{tabular}{ |l| | B44: r| | C44: r| | D44: r| | G44: } | H44: \hline
A45: =A2&" &" -> & | B45: ="\textbf{"&B6&"}"&IF(C45="\\",""," &") -> \textbf{m4riRW} & | C45: ="\textbf{"&C6&"}"&IF(D45="\\",""," &") -> \textbf{QDistRndMW} & | D45: ="\textbf{"&D6&"}"&IF(E45="\\",""," &") -> \textbf{QDistEvol} & | G45: \\ | H45: \hline
A46: ="\textbf{"&A7&"} &" -> \textbf{Runs completed} & | B46: =SUBSTITUTE(TEXT(B7,$J7)&IF(C46="\\",""," &"),"%","\%") -> 100 & | C46: =SUBSTITUTE(TEXT(C7,$J7)&IF(D46="\\",""," &"),"%","\%") -> 100 & | D46: =SUBSTITUTE(TEXT(D7,$J7)&IF(E46="\\",""," &"),"%","\%") -> 100 & | G46: \\
A47: ="\textbf{"&A8&"} &" -> \textbf{Runs at lowest distance} & | B47: =SUBSTITUTE(TEXT(B8,$J8)&IF(C47="\\",""," &"),"%","\%") -> 4 & | C47: =SUBSTITUTE(TEXT(C8,$J8)&IF(D47="\\",""," &"),"%","\%") -> 2 & | D47: =SUBSTITUTE(TEXT(D8,$J8)&IF(E47="\\",""," &"),"%","\%") -> 57 & | G47: \\
A48: ="\textbf{"&A9&"} &" -> \textbf{Overall Success Rate} & | B48: =SUBSTITUTE(TEXT(B9,$J9)&IF(C48="\\",""," &"),"%","\%") -> 4.0\% & | C48: =SUBSTITUTE(TEXT(C9,$J9)&IF(D48="\\",""," &"),"%","\%") -> 2.0\% & | D48: =SUBSTITUTE(TEXT(D9,$J9)&IF(E48="\\",""," &"),"%","\%") -> 57.0\% & | G48: \\
A49: ="\textbf{"&A10&"} &" -> \textbf{Avg Delta d} & | B49: =SUBSTITUTE(TEXT(B10,$J10)&IF(C49="\\",""," &"),"%","\%") -> 7.2 & | C49: =SUBSTITUTE(TEXT(C10,$J10)&IF(D49="\\",""," &"),"%","\%") -> 7.9 & | D49: =SUBSTITUTE(TEXT(D10,$J10)&IF(E49="\\",""," &"),"%","\%") -> 1.2 & | G49: \\ | H49: \hline
A50: ="\textbf{"&A11&"} &" -> \textbf{Trials} & | B50: =SUBSTITUTE(TEXT(B11,$J11)&IF(C50="\\",""," &"),"%","\%") -> & | C50: =SUBSTITUTE(TEXT(C11,$J11)&IF(D50="\\",""," &"),"%","\%") -> 1,000,000 & | D50: =SUBSTITUTE(TEXT(D11,$J11)&IF(E50="\\",""," &"),"%","\%") -> 1,000,000 & | G50: \\
A51: ="\textbf{"&A12&"} &" -> \textbf{Trials at lowest distance} & | B51: =SUBSTITUTE(TEXT(B12,$J12)&IF(C51="\\",""," &"),"%","\%") -> & | C51: =SUBSTITUTE(TEXT(C12,$J12)&IF(D51="\\",""," &"),"%","\%") -> 2 & | D51: =SUBSTITUTE(TEXT(D12,$J12)&IF(E51="\\",""," &"),"%","\%") -> 158,898 & | G51: \\
A52: ="\textbf{"&A13&"} &" -> \textbf{Trial Success Rate} & | B52: =SUBSTITUTE(TEXT(B13,$J13)&IF(C52="\\",""," &"),"%","\%") -> & | C52: =SUBSTITUTE(TEXT(C13,$J13)&IF(D52="\\",""," &"),"%","\%") -> 0.0\% & | D52: =SUBSTITUTE(TEXT(D13,$J13)&IF(E52="\\",""," &"),"%","\%") -> 15.9\% & | G52: \\ | H52: \hline
A53: ="\textbf{"&A14&"} &" -> \textbf{Total Processing Time (s)} & | B53: =SUBSTITUTE(TEXT(B14,$J14)&IF(C53="\\",""," &"),"%","\%") -> 1.1E+03 & | C53: =SUBSTITUTE(TEXT(C14,$J14)&IF(D53="\\",""," &"),"%","\%") -> 1.4E+04 & | D53: =SUBSTITUTE(TEXT(D14,$J14)&IF(E53="\\",""," &"),"%","\%") -> 1.4E+04 & | G53: \\
A54: ="\textbf{"&A15&"} &" -> \textbf{Time/Trial} & | B54: =SUBSTITUTE(TEXT(B15,$J15)&IF(C54="\\",""," &"),"%","\%") -> & | C54: =SUBSTITUTE(TEXT(C15,$J15)&IF(D54="\\",""," &"),"%","\%") -> 1.4E-02 & | D54: =SUBSTITUTE(TEXT(D15,$J15)&IF(E54="\\",""," &"),"%","\%") -> 1.4E-02 & | G54: \\
A55: ="\textbf{"&A16&"} &" -> \textbf{Time/Successful Trial} & | B55: =SUBSTITUTE(TEXT(B16,$J16)&IF(C55="\\",""," &"),"%","\%") -> & | C55: =SUBSTITUTE(TEXT(C16,$J16)&IF(D55="\\",""," &"),"%","\%") -> 7.1E+03 & | D55: =SUBSTITUTE(TEXT(D16,$J16)&IF(E55="\\",""," &"),"%","\%") -> 8.7E-02 & | G55: \\ | H55: \hline
A56: \end{tabular}
A57: \end{center}
A65: Offset | B65: =25-ROW(D68) -> -43 | E65: D | F65: =E65 -> D | G65: =F65 -> D | H65: =G65 -> D | I65: =H65 -> D | J65: =I65 -> D | K65: =J65 -> D | L65: =K65 -> D | M65: F | N65: =M65 -> F | O65: =N65 -> F | P65: =O65 -> F | Q65: G | R65: =Q65 -> G | S65: =R65 -> G | T65: =S65 -> G | U65: H | V65: =U65 -> H | W65: =V65 -> H
E66: dCalc | I66: delta d | M66: Time | Q66: R | U66: T | Y66: R Succ | BU66: dEst | CL66: d correct | DC66: Time - Completed Trials | DT66: Time - Successful Trials | EK66: R | FB66: T
A67: QDistEvol_all | B67: n | C67: dMin | E67: m4riRW_756 | F67: QDistRnd_756 | G67: QDistEvol_756 | I67: =E67 -> m4riRW_756 | J67: =F67 -> QDistRnd_756 | K67: =G67 -> QDistEvol_756 | M67: =I67 -> m4riRW_756 | N67: =J67 -> QDistRnd_756 | O67: =K67 -> QDistEvol_756 | Q67: =M67 -> m4riRW_756 | R67: =N67 -> QDistRnd_756 | S67: =O67 -> QDistEvol_756 | U67: =Q67 -> m4riRW_756 | V67: =R67 -> QDistRnd_756 | W67: =S67 -> QDistEvol_756 | Y67: =U67 -> m4riRW_756 | Z67: =V67 -> QDistRnd_756 | AA67: =W67 -> QDistEvol_756 | BU67: =BD67 -> 0 | BV67: =BE67 -> 0 | BW67: =BF67 -> 0 | CL67: =BU67 -> 0 | CM67: =BV67 -> 0 | CN67: =BW67 -> 0 | DC67: =CL67 -> 0 | DD67: =CM67 -> 0 | DE67: =CN67 -> 0 | DT67: =DC67 -> 0 | DU67: =DD67 -> 0 | DV67: =DE67 -> 0 | EK67: =DT67 -> 0 | EL67: =DU67 -> 0 | EM67: =DV67 -> 0 | FB67: =EK67 -> 0 | FC67: =EL67 -> 0 | FD67: =EM67 -> 0
A68: =QDistRnd_756_20251225!A28 -> [[756,16,34]] | B68: =QDistRnd_756_20251225!B28 -> 756 | C68: 34 | E68: {=INDIRECT(E$67&"!"&E$65&ROW(E28))} -> 38 | F68: {=INDIRECT(F$67&"!"&F$65&ROW(F32))} -> 40 | G68: {=INDIRECT(G$67&"!"&G$65&ROW(G32))} -> 34 | I68: =E68-$C68 -> 4 | J68: =F68-$C68 -> 6 | K68: =G68-$C68 -> 0 | M68: {=INDIRECT(M$67&"!"&M$65&ROW(M28))} -> 11.064749 | N68: {=INDIRECT(N$67&"!"&N$65&ROW(N32))} -> 158.90274 | O68: {=INDIRECT(O$67&"!"&O$65&ROW(O32))} -> 153.9466 | Q68: {=INDIRECT(Q$67&"!"&Q$65&ROW(Q28))} -> 1 | R68: {=INDIRECT(R$67&"!"&R$65&ROW(R32))} -> 1 | S68: {=INDIRECT(S$67&"!"&S$65&ROW(S32))} -> 3986 | U68: {=INDIRECT(U$67&"!"&U$65&ROW(U28))} -> 1 | V68: {=INDIRECT(V$67&"!"&V$65&ROW(V32))} -> 10000 | W68: {=INDIRECT(W$67&"!"&W$65&ROW(W32))} -> 10000 | Y68: =IF(I68=0,Q68,0) -> 0 | Z68: =IF(J68=0,R68,0) -> 0 | AA68: =IF(K68=0,S68,0) -> 3986 | BU68: =IF(BD68,#REF!,$B68) -> 756 | BV68: =IF(BE68,W68,$B68) -> 756 | BW68: =IF(BF68,X68,$B68) -> 756 | CL68: =IF(BU68=$C68,1,0) -> 0 | CM68: =IF(BV68=$C68,1,0) -> 0 | CN68: =IF(BW68=$C68,1,0) -> 0 | DC68: {=IF(BD68,OFFSET(INDIRECT("'"&DT$67&"'!f1"),E68-1,),"")} | DD68: {=IF(BE68,OFFSET(INDIRECT("'"&DU$67&"'!f1"),F68-1,),"")} | DE68: {=IF(BF68,OFFSET(INDIRECT("'"&DV$67&"'!f1"),G68-1,),"")} | DT68: {=IF(CL68,OFFSET(INDIRECT("'"&DT$67&"'!f1"),E68-1,),"")} | DU68: {=IF(CM68,OFFSET(INDIRECT("'"&DU$67&"'!f1"),F68-1,),"")} | DV68: {=IF(CN68,OFFSET(INDIRECT("'"&DV$67&"'!f1"),G68-1,),"")} | EK68: {=IF(ISNA(E68),0,OFFSET(INDIRECT("'"&EK$67&"'!g1"),E68-1,)*CL68)} -> #REF! | EL68: {=IF(ISNA(F68),0,OFFSET(INDIRECT("'"&EL$67&"'!g1"),F68-1,)*CM68)} -> #REF! | EM68: {=IF(ISNA(G68),0,OFFSET(INDIRECT("'"&EM$67&"'!g1"),G68-1,)*CN68)} -> #REF! | FB68: {=IF(ISNA(E68),0,OFFSET(INDIRECT("'"&EK$67&"'!h1"),E68-1,))} -> #REF! | FC68: {=IF(ISNA(F68),0,OFFSET(INDIRECT("'"&EL$67&"'!h1"),F68-1,))} -> #REF! | FD68: {=IF(ISNA(G68),0,OFFSET(INDIRECT("'"&EM$67&"'!h1"),G68-1,))} -> #REF!
A69: =QDistRnd_756_20251225!A29 -> [[756,16,34]] | B69: =QDistRnd_756_20251225!B29 -> 756 | C69: 34 | E69: {=INDIRECT(E$67&"!"&E$65&ROW(E29))} -> 46 | F69: {=INDIRECT(F$67&"!"&F$65&ROW(F33))} -> 42 | G69: {=INDIRECT(G$67&"!"&G$65&ROW(G33))} -> 36 | I69: =E69-$C69 -> 12 | J69: =F69-$C69 -> 8 | K69: =G69-$C69 -> 2 | M69: {=INDIRECT(M$67&"!"&M$65&ROW(M29))} -> 11.16847 | N69: {=INDIRECT(N$67&"!"&N$65&ROW(N33))} -> 159.9445 | O69: {=INDIRECT(O$67&"!"&O$65&ROW(O33))} -> 155.90221 | Q69: {=INDIRECT(Q$67&"!"&Q$65&ROW(Q29))} -> 1 | R69: {=INDIRECT(R$67&"!"&R$65&ROW(R33))} -> 1 | S69: {=INDIRECT(S$67&"!"&S$65&ROW(S33))} -> 3168 | U69: {=INDIRECT(U$67&"!"&U$65&ROW(U29))} -> 1 | V69: {=INDIRECT(V$67&"!"&V$65&ROW(V33))} -> 10000 | W69: {=INDIRECT(W$67&"!"&W$65&ROW(W33))} -> 10000 | Y69: =IF(I69=0,Q69,0) -> 0 | Z69: =IF(J69=0,R69,0) -> 0 | AA69: =IF(K69=0,S69,0) -> 0 | BU69: =IF(BD69,V69,$B69) -> 756 | BV69: =IF(BE69,W69,$B69) -> 756 | BW69: =IF(BF69,X69,$B69) -> 756 | CL69: =IF(BU69=$C69,1,0) -> 0 | CM69: =IF(BV69=$C69,1,0) -> 0 | CN69: =IF(BW69=$C69,1,0) -> 0 | DC69: {=IF(BD69,OFFSET(INDIRECT("'"&DT$67&"'!f1"),E69-1,),"")} | DD69: {=IF(BE69,OFFSET(INDIRECT("'"&DU$67&"'!f1"),F69-1,),"")} | DE69: {=IF(BF69,OFFSET(INDIRECT("'"&DV$67&"'!f1"),G69-1,),"")} | DT69: {=IF(CL69,OFFSET(INDIRECT("'"&DT$67&"'!f1"),E69-1,),"")} | DU69: {=IF(CM69,OFFSET(INDIRECT("'"&DU$67&"'!f1"),F69-1,),"")} | DV69: {=IF(CN69,OFFSET(INDIRECT("'"&DV$67&"'!f1"),G69-1,),"")} | EK69: {=IF(ISNA(E69),0,OFFSET(INDIRECT("'"&EK$67&"'!g1"),E69-1,)*CL69)} -> #REF! | EL69: {=IF(ISNA(F69),0,OFFSET(INDIRECT("'"&EL$67&"'!g1"),F69-1,)*CM69)} -> #REF! | EM69: {=IF(ISNA(G69),0,OFFSET(INDIRECT("'"&EM$67&"'!g1"),G69-1,)*CN69)} -> #REF! | FB69: {=IF(ISNA(E69),0,OFFSET(INDIRECT("'"&EK$67&"'!h1"),E69-1,))} -> #REF! | FC69: {=IF(ISNA(F69),0,OFFSET(INDIRECT("'"&EL$67&"'!h1"),F69-1,))} -> #REF! | FD69: {=IF(ISNA(G69),0,OFFSET(INDIRECT("'"&EM$67&"'!h1"),G69-1,))} -> #REF!
A70: =QDistRnd_756_20251225!A30 -> [[756,16,34]] | B70: =QDistRnd_756_20251225!B30 -> 756 | C70: 34 | E70: {=INDIRECT(E$67&"!"&E$65&ROW(E30))} -> 40 | F70: {=INDIRECT(F$67&"!"&F$65&ROW(F34))} -> 44 | G70: {=INDIRECT(G$67&"!"&G$65&ROW(G34))} -> 36 | I70: =E70-$C70 -> 6 | J70: =F70-$C70 -> 10 | K70: =G70-$C70 -> 2 | M70: {=INDIRECT(M$67&"!"&M$65&ROW(M30))} -> 10.898174 | N70: {=INDIRECT(N$67&"!"&N$65&ROW(N34))} -> 159.58643 | O70: {=INDIRECT(O$67&"!"&O$65&ROW(O34))} -> 156.10852 | Q70: {=INDIRECT(Q$67&"!"&Q$65&ROW(Q30))} -> 1 | R70: {=INDIRECT(R$67&"!"&R$65&ROW(R34))} -> 2 | S70: {=INDIRECT(S$67&"!"&S$65&ROW(S34))} -> 2053 | U70: {=INDIRECT(U$67&"!"&U$65&ROW(U30))} -> 1 | V70: {=INDIRECT(V$67&"!"&V$65&ROW(V34))} -> 10000 | W70: {=INDIRECT(W$67&"!"&W$65&ROW(W34))} -> 10000 | Y70: =IF(I70=0,Q70,0) -> 0 | Z70: =IF(J70=0,R70,0) -> 0 | AA70: =IF(K70=0,S70,0) -> 0 | BU70: =IF(BD70,V70,$B70) -> 756 | BV70: =IF(BE70,W70,$B70) -> 756 | BW70: =IF(BF70,X70,$B70) -> 756 | CL70: =IF(BU70=$C70,1,0) -> 0 | CM70: =IF(BV70=$C70,1,0) -> 0 | CN70: =IF(BW70=$C70,1,0) -> 0 | DC70: {=IF(BD70,OFFSET(INDIRECT("'"&DT$67&"'!f1"),E70-1,),"")} | DD70: {=IF(BE70,OFFSET(INDIRECT("'"&DU$67&"'!f1"),F70-1,),"")} | DE70: {=IF(BF70,OFFSET(INDIRECT("'"&DV$67&"'!f1"),G70-1,),"")} | DT70: {=IF(CL70,OFFSET(INDIRECT("'"&DT$67&"'!f1"),E70-1,),"")} | DU70: {=IF(CM70,OFFSET(INDIRECT("'"&DU$67&"'!f1"),F70-1,),"")} | DV70: {=IF(CN70,OFFSET(INDIRECT("'"&DV$67&"'!f1"),G70-1,),"")} | EK70: {=IF(ISNA(E70),0,OFFSET(INDIRECT("'"&EK$67&"'!g1"),E70-1,)*CL70)} -> #REF! | EL70: {=IF(ISNA(F70),0,OFFSET(INDIRECT("'"&EL$67&"'!g1"),F70-1,)*CM70)} -> #REF! | EM70: {=IF(ISNA(G70),0,OFFSET(INDIRECT("'"&EM$67&"'!g1"),G70-1,)*CN70)} -> #REF! | FB70: {=IF(ISNA(E70),0,OFFSET(INDIRECT("'"&EK$67&"'!h1"),E70-1,))} -> #REF! | FC70: {=IF(ISNA(F70),0,OFFSET(INDIRECT("'"&EL$67&"'!h1"),F70-1,))} -> #REF! | FD70: {=IF(ISNA(G70),0,OFFSET(INDIRECT("'"&EM$67&"'!h1"),G70-1,))} -> #REF!
A71: =QDistRnd_756_20251225!A31 -> [[756,16,34]] | B71: =QDistRnd_756_20251225!B31 -> 756 | C71: 34 | E71: {=INDIRECT(E$67&"!"&E$65&ROW(E31))} -> 44 | F71: {=INDIRECT(F$67&"!"&F$65&ROW(F35))} -> 40 | G71: {=INDIRECT(G$67&"!"&G$65&ROW(G35))} -> 34 | I71: =E71-$C71 -> 10 | J71: =F71-$C71 -> 6 | K71: =G71-$C71 -> 0 | M71: {=INDIRECT(M$67&"!"&M$65&ROW(M31))} -> 11.130491 | N71: {=INDIRECT(N$67&"!"&N$65&ROW(N35))} -> 159.86425 | O71: {=INDIRECT(O$67&"!"&O$65&ROW(O35))} -> 154.03611 | Q71: {=INDIRECT(Q$67&"!"&Q$65&ROW(Q31))} -> 1 | R71: {=INDIRECT(R$67&"!"&R$65&ROW(R35))} -> 1 | S71: {=INDIRECT(S$67&"!"&S$65&ROW(S35))} -> 3718 | U71: {=INDIRECT(U$67&"!"&U$65&ROW(U31))} -> 1 | V71: {=INDIRECT(V$67&"!"&V$65&ROW(V35))} -> 10000 | W71: {=INDIRECT(W$67&"!"&W$65&ROW(W35))} -> 10000 | Y71: =IF(I71=0,Q71,0) -> 0 | Z71: =IF(J71=0,R71,0) -> 0 | AA71: =IF(K71=0,S71,0) -> 3718 | BU71: =IF(BD71,V71,$B71) -> 756 | BV71: =IF(BE71,W71,$B71) -> 756 | BW71: =IF(BF71,X71,$B71) -> 756 | CL71: =IF(BU71=$C71,1,0) -> 0 | CM71: =IF(BV71=$C71,1,0) -> 0 | CN71: =IF(BW71=$C71,1,0) -> 0 | DC71: {=IF(BD71,OFFSET(INDIRECT("'"&DT$67&"'!f1"),E71-1,),"")} | DD71: {=IF(BE71,OFFSET(INDIRECT("'"&DU$67&"'!f1"),F71-1,),"")} | DE71: {=IF(BF71,OFFSET(INDIRECT("'"&DV$67&"'!f1"),G71-1,),"")} | DT71: {=IF(CL71,OFFSET(INDIRECT("'"&DT$67&"'!f1"),E71-1,),"")} | DU71: {=IF(CM71,OFFSET(INDIRECT("'"&DU$67&"'!f1"),F71-1,),"")} | DV71: {=IF(CN71,OFFSET(INDIRECT("'"&DV$67&"'!f1"),G71-1,),"")} | EK71: {=IF(ISNA(E71),0,OFFSET(INDIRECT("'"&EK$67&"'!g1"),E71-1,)*CL71)} -> #REF! | EL71: {=IF(ISNA(F71),0,OFFSET(INDIRECT("'"&EL$67&"'!g1"),F71-1,)*CM71)} -> #REF! | EM71: {=IF(ISNA(G71),0,OFFSET(INDIRECT("'"&EM$67&"'!g1"),G71-1,)*CN71)} -> #REF! | FB71: {=IF(ISNA(E71),0,OFFSET(INDIRECT("'"&EK$67&"'!h1"),E71-1,))} -> #REF! | FC71: {=IF(ISNA(F71),0,OFFSET(INDIRECT("'"&EL$67&"'!h1"),F71-1,))} -> #REF! | FD71: {=IF(ISNA(G71),0,OFFSET(INDIRECT("'"&EM$67&"'!h1"),G71-1,))} -> #REF!
A72: =QDistRnd_756_20251225!A32 -> [[756,16,34]] | B72: =QDistRnd_756_20251225!B32 -> 756 | C72: 34 | E72: {=INDIRECT(E$67&"!"&E$65&ROW(E32))} -> 40 | F72: {=INDIRECT(F$67&"!"&F$65&ROW(F36))} -> 38 | G72: {=INDIRECT(G$67&"!"&G$65&ROW(G36))} -> 34 | I72: =E72-$C72 -> 6 | J72: =F72-$C72 -> 4 | K72: =G72-$C72 -> 0 | M72: {=INDIRECT(M$67&"!"&M$65&ROW(M32))} -> 11.451295 | N72: {=INDIRECT(N$67&"!"&N$65&ROW(N36))} -> 159.75505 | O72: {=INDIRECT(O$67&"!"&O$65&ROW(O36))} -> 153.71473 | Q72: {=INDIRECT(Q$67&"!"&Q$65&ROW(Q32))} -> 1 | R72: {=INDIRECT(R$67&"!"&R$65&ROW(R36))} -> 1 | S72: {=INDIRECT(S$67&"!"&S$65&ROW(S36))} -> 2994 | U72: {=INDIRECT(U$67&"!"&U$65&ROW(U32))} -> 1 | V72: {=INDIRECT(V$67&"!"&V$65&ROW(V36))} -> 10000 | W72: {=INDIRECT(W$67&"!"&W$65&ROW(W36))} -> 10000 | Y72: =IF(I72=0,Q72,0) -> 0 | Z72: =IF(J72=0,R72,0) -> 0 | AA72: =IF(K72=0,S72,0) -> 2994 | BU72: =IF(BD72,V72,$B72) -> 756 | BV72: =IF(BE72,W72,$B72) -> 756 | BW72: =IF(BF72,X72,$B72) -> 756 | CL72: =IF(BU72=$C72,1,0) -> 0 | CM72: =IF(BV72=$C72,1,0) -> 0 | CN72: =IF(BW72=$C72,1,0) -> 0 | DC72: {=IF(BD72,OFFSET(INDIRECT("'"&DT$67&"'!f1"),E72-1,),"")} | DD72: {=IF(BE72,OFFSET(INDIRECT("'"&DU$67&"'!f1"),F72-1,),"")} | DE72: {=IF(BF72,OFFSET(INDIRECT("'"&DV$67&"'!f1"),G72-1,),"")} | DT72: {=IF(CL72,OFFSET(INDIRECT("'"&DT$67&"'!f1"),E72-1,),"")} | DU72: {=IF(CM72,OFFSET(INDIRECT("'"&DU$67&"'!f1"),F72-1,),"")} | DV72: {=IF(CN72,OFFSET(INDIRECT("'"&DV$67&"'!f1"),G72-1,),"")} | EK72: {=IF(ISNA(E72),0,OFFSET(INDIRECT("'"&EK$67&"'!g1"),E72-1,)*CL72)} -> #REF! | EL72: {=IF(ISNA(F72),0,OFFSET(INDIRECT("'"&EL$67&"'!g1"),F72-1,)*CM72)} -> #REF! | EM72: {=IF(ISNA(G72),0,OFFSET(INDIRECT("'"&EM$67&"'!g1"),G72-1,)*CN72)} -> #REF! | FB72: {=IF(ISNA(E72),0,OFFSET(INDIRECT("'"&EK$67&"'!h1"),E72-1,))} -> #REF! | FC72: {=IF(ISNA(F72),0,OFFSET(INDIRECT("'"&EL$67&"'!h1"),F72-1,))} -> #REF! | FD72: {=IF(ISNA(G72),0,OFFSET(INDIRECT("'"&EM$67&"'!h1"),G72-1,))} -> #REF!
A73: =QDistRnd_756_20251225!A33 -> [[756,16,34]] | B73: =QDistRnd_756_20251225!B33 -> 756 | C73: 34 | E73: {=INDIRECT(E$67&"!"&E$65&ROW(E33))} -> 38 | F73: {=INDIRECT(F$67&"!"&F$65&ROW(F37))} -> 38 | G73: {=INDIRECT(G$67&"!"&G$65&ROW(G37))} -> 34 | I73: =E73-$C73 -> 4 | J73: =F73-$C73 -> 4 | K73: =G73-$C73 -> 0 | M73: {=INDIRECT(M$67&"!"&M$65&ROW(M33))} -> 11.109813 | N73: {=INDIRECT(N$67&"!"&N$65&ROW(N37))} -> 159.83 | O73: {=INDIRECT(O$67&"!"&O$65&ROW(O37))} -> 158.08562 | Q73: {=INDIRECT(Q$67&"!"&Q$65&ROW(Q33))} -> 1 | R73: {=INDIRECT(R$67&"!"&R$65&ROW(R37))} -> 1 | S73: {=INDIRECT(S$67&"!"&S$65&ROW(S37))} -> 3774 | U73: {=INDIRECT(U$67&"!"&U$65&ROW(U33))} -> 1 | V73: {=INDIRECT(V$67&"!"&V$65&ROW(V37))} -> 10000 | W73: {=INDIRECT(W$67&"!"&W$65&ROW(W37))} -> 10000 | Y73: =IF(I73=0,Q73,0) -> 0 | Z73: =IF(J73=0,R73,0) -> 0 | AA73: =IF(K73=0,S73,0) -> 3774 | BU73: =IF(BD73,V73,$B73) -> 756 | BV73: =IF(BE73,W73,$B73) -> 756 | BW73: =IF(BF73,X73,$B73) -> 756 | CL73: =IF(BU73=$C73,1,0) -> 0 | CM73: =IF(BV73=$C73,1,0) -> 0 | CN73: =IF(BW73=$C73,1,0) -> 0 | DC73: {=IF(BD73,OFFSET(INDIRECT("'"&DT$67&"'!f1"),E73-1,),"")} | DD73: {=IF(BE73,OFFSET(INDIRECT("'"&DU$67&"'!f1"),F73-1,),"")} | DE73: {=IF(BF73,OFFSET(INDIRECT("'"&DV$67&"'!f1"),G73-1,),"")} | DT73: {=IF(CL73,OFFSET(INDIRECT("'"&DT$67&"'!f1"),E73-1,),"")} | DU73: {=IF(CM73,OFFSET(INDIRECT("'"&DU$67&"'!f1"),F73-1,),"")} | DV73: {=IF(CN73,OFFSET(INDIRECT("'"&DV$67&"'!f1"),G73-1,),"")} | EK73: {=IF(ISNA(E73),0,OFFSET(INDIRECT("'"&EK$67&"'!g1"),E73-1,)*CL73)} -> #REF! | EL73: {=IF(ISNA(F73),0,OFFSET(INDIRECT("'"&EL$67&"'!g1"),F73-1,)*CM73)} -> #REF! | EM73: {=IF(ISNA(G73),0,OFFSET(INDIRECT("'"&EM$67&"'!g1"),G73-1,)*CN73)} -> #REF! | FB73: {=IF(ISNA(E73),0,OFFSET(INDIRECT("'"&EK$67&"'!h1"),E73-1,))} -> #REF! | FC73: {=IF(ISNA(F73),0,OFFSET(INDIRECT("'"&EL$67&"'!h1"),F73-1,))} -> #REF! | FD73: {=IF(ISNA(G73),0,OFFSET(INDIRECT("'"&EM$67&"'!h1"),G73-1,))} -> #REF!
A74: =QDistRnd_756_20251225!A34 -> [[756,16,34]] | B74: =QDistRnd_756_20251225!B34 -> 756 | C74: 34 | E74: {=INDIRECT(E$67&"!"&E$65&ROW(E34))} -> 44 | F74: {=INDIRECT(F$67&"!"&F$65&ROW(F38))} -> 40 | G74: {=INDIRECT(G$67&"!"&G$65&ROW(G38))} -> 38 | I74: =E74-$C74 -> 10 | J74: =F74-$C74 -> 6 | K74: =G74-$C74 -> 4 | M74: {=INDIRECT(M$67&"!"&M$65&ROW(M34))} -> 11.385807 | N74: {=INDIRECT(N$67&"!"&N$65&ROW(N38))} -> 159.7375 | O74: {=INDIRECT(O$67&"!"&O$65&ROW(O38))} -> 155.46875 | Q74: {=INDIRECT(Q$67&"!"&Q$65&ROW(Q34))} -> 1 | R74: {=INDIRECT(R$67&"!"&R$65&ROW(R38))} -> 1 | S74: {=INDIRECT(S$67&"!"&S$65&ROW(S38))} -> 3264 | U74: {=INDIRECT(U$67&"!"&U$65&ROW(U34))} -> 1 | V74: {=INDIRECT(V$67&"!"&V$65&ROW(V38))} -> 10000 | W74: {=INDIRECT(W$67&"!"&W$65&ROW(W38))} -> 10000 | Y74: =IF(I74=0,Q74,0) -> 0 | Z74: =IF(J74=0,R74,0) -> 0 | AA74: =IF(K74=0,S74,0) -> 0 | BU74: =IF(BD74,V74,$B74) -> 756 | BV74: =IF(BE74,W74,$B74) -> 756 | BW74: =IF(BF74,X74,$B74) -> 756 | CL74: =IF(BU74=$C74,1,0) -> 0 | CM74: =IF(BV74=$C74,1,0) -> 0 | CN74: =IF(BW74=$C74,1,0) -> 0 | DC74: {=IF(BD74,OFFSET(INDIRECT("'"&DT$67&"'!f1"),E74-1,),"")} | DD74: {=IF(BE74,OFFSET(INDIRECT("'"&DU$67&"'!f1"),F74-1,),"")} | DE74: {=IF(BF74,OFFSET(INDIRECT("'"&DV$67&"'!f1"),G74-1,),"")} | DT74: {=IF(CL74,OFFSET(INDIRECT("'"&DT$67&"'!f1"),E74-1,),"")} | DU74: {=IF(CM74,OFFSET(INDIRECT("'"&DU$67&"'!f1"),F74-1,),"")} | DV74: {=IF(CN74,OFFSET(INDIRECT("'"&DV$67&"'!f1"),G74-1,),"")} | EK74: {=IF(ISNA(E74),0,OFFSET(INDIRECT("'"&EK$67&"'!g1"),E74-1,)*CL74)} -> #REF! | EL74: {=IF(ISNA(F74),0,OFFSET(INDIRECT("'"&EL$67&"'!g1"),F74-1,)*CM74)} -> #REF! | EM74: {=IF(ISNA(G74),0,OFFSET(INDIRECT("'"&EM$67&"'!g1"),G74-1,)*CN74)} -> #REF! | FB74: {=IF(ISNA(E74),0,OFFSET(INDIRECT("'"&EK$67&"'!h1"),E74-1,))} -> #REF! | FC74: {=IF(ISNA(F74),0,OFFSET(INDIRECT("'"&EL$67&"'!h1"),F74-1,))} -> #REF! | FD74: {=IF(ISNA(G74),0,OFFSET(INDIRECT("'"&EM$67&"'!h1"),G74-1,))} -> #REF!
A75: =QDistRnd_756_20251225!A35 -> [[756,16,34]] | B75: =QDistRnd_756_20251225!B35 -> 756 | C75: 34 | E75: {=INDIRECT(E$67&"!"&E$65&ROW(E35))} -> 40 | F75: {=INDIRECT(F$67&"!"&F$65&ROW(F39))} -> 40 | G75: {=INDIRECT(G$67&"!"&G$65&ROW(G39))} -> 34 | I75: =E75-$C75 -> 6 | J75: =F75-$C75 -> 6 | K75: =G75-$C75 -> 0 | M75: {=INDIRECT(M$67&"!"&M$65&ROW(M35))} -> 11.341181 | N75: {=INDIRECT(N$67&"!"&N$65&ROW(N39))} -> 159.67953 | O75: {=INDIRECT(O$67&"!"&O$65&ROW(O39))} -> 153.78355 | Q75: {=INDIRECT(Q$67&"!"&Q$65&ROW(Q35))} -> 1 | R75: {=INDIRECT(R$67&"!"&R$65&ROW(R39))} -> 1 | S75: {=INDIRECT(S$67&"!"&S$65&ROW(S39))} -> 2383 | U75: {=INDIRECT(U$67&"!"&U$65&ROW(U35))} -> 1 | V75: {=INDIRECT(V$67&"!"&V$65&ROW(V39))} -> 10000 | W75: {=INDIRECT(W$67&"!"&W$65&ROW(W39))} -> 10000 | Y75: =IF(I75=0,Q75,0) -> 0 | Z75: =IF(J75=0,R75,0) -> 0 | AA75: =IF(K75=0,S75,0) -> 2383 | BU75: =IF(BD75,V75,$B75) -> 756 | BV75: =IF(BE75,W75,$B75) -> 756 | BW75: =IF(BF75,X75,$B75) -> 756 | CL75: =IF(BU75=$C75,1,0) -> 0 | CM75: =IF(BV75=$C75,1,0) -> 0 | CN75: =IF(BW75=$C75,1,0) -> 0 | DC75: {=IF(BD75,OFFSET(INDIRECT("'"&DT$67&"'!f1"),E75-1,),"")} | DD75: {=IF(BE75,OFFSET(INDIRECT("'"&DU$67&"'!f1"),F75-1,),"")} | DE75: {=IF(BF75,OFFSET(INDIRECT("'"&DV$67&"'!f1"),G75-1,),"")} | DT75: {=IF(CL75,OFFSET(INDIRECT("'"&DT$67&"'!f1"),E75-1,),"")} | DU75: {=IF(CM75,OFFSET(INDIRECT("'"&DU$67&"'!f1"),F75-1,),"")} | DV75: {=IF(CN75,OFFSET(INDIRECT("'"&DV$67&"'!f1"),G75-1,),"")} | EK75: {=IF(ISNA(E75),0,OFFSET(INDIRECT("'"&EK$67&"'!g1"),E75-1,)*CL75)} -> #REF! | EL75: {=IF(ISNA(F75),0,OFFSET(INDIRECT("'"&EL$67&"'!g1"),F75-1,)*CM75)} -> #REF! | EM75: {=IF(ISNA(G75),0,OFFSET(INDIRECT("'"&EM$67&"'!g1"),G75-1,)*CN75)} -> #REF! | FB75: {=IF(ISNA(E75),0,OFFSET(INDIRECT("'"&EK$67&"'!h1"),E75-1,))} -> #REF! | FC75: {=IF(ISNA(F75),0,OFFSET(INDIRECT("'"&EL$67&"'!h1"),F75-1,))} -> #REF! | FD75: {=IF(ISNA(G75),0,OFFSET(INDIRECT("'"&EM$67&"'!h1"),G75-1,))} -> #REF!
A76: =QDistRnd_756_20251225!A36 -> [[756,16,34]] | B76: =QDistRnd_756_20251225!B36 -> 756 | C76: 34 | E76: {=INDIRECT(E$67&"!"&E$65&ROW(E36))} -> 40 | F76: {=INDIRECT(F$67&"!"&F$65&ROW(F40))} -> 42 | G76: {=INDIRECT(G$67&"!"&G$65&ROW(G40))} -> 36 | I76: =E76-$C76 -> 6 | J76: =F76-$C76 -> 8 | K76: =G76-$C76 -> 2 | M76: {=INDIRECT(M$67&"!"&M$65&ROW(M36))} -> 11.907021 | N76: {=INDIRECT(N$67&"!"&N$65&ROW(N40))} -> 159.65483 | O76: {=INDIRECT(O$67&"!"&O$65&ROW(O40))} -> 158.96663 | Q76: {=INDIRECT(Q$67&"!"&Q$65&ROW(Q36))} -> 1 | R76: {=INDIRECT(R$67&"!"&R$65&ROW(R40))} -> 1 | S76: {=INDIRECT(S$67&"!"&S$65&ROW(S40))} -> 4277 | U76: {=INDIRECT(U$67&"!"&U$65&ROW(U36))} -> 1 | V76: {=INDIRECT(V$67&"!"&V$65&ROW(V40))} -> 10000 | W76: {=INDIRECT(W$67&"!"&W$65&ROW(W40))} -> 10000 | Y76: =IF(I76=0,Q76,0) -> 0 | Z76: =IF(J76=0,R76,0) -> 0 | AA76: =IF(K76=0,S76,0) -> 0 | BU76: =IF(BD76,V76,$B76) -> 756 | BV76: =IF(BE76,W76,$B76) -> 756 | BW76: =IF(BF76,X76,$B76) -> 756 | CL76: =IF(BU76=$C76,1,0) -> 0 | CM76: =IF(BV76=$C76,1,0) -> 0 | CN76: =IF(BW76=$C76,1,0) -> 0 | DC76: {=IF(BD76,OFFSET(INDIRECT("'"&DT$67&"'!f1"),E76-1,),"")} | DD76: {=IF(BE76,OFFSET(INDIRECT("'"&DU$67&"'!f1"),F76-1,),"")} | DE76: {=IF(BF76,OFFSET(INDIRECT("'"&DV$67&"'!f1"),G76-1,),"")} | DT76: {=IF(CL76,OFFSET(INDIRECT("'"&DT$67&"'!f1"),E76-1,),"")} | DU76: {=IF(CM76,OFFSET(INDIRECT("'"&DU$67&"'!f1"),F76-1,),"")} | DV76: {=IF(CN76,OFFSET(INDIRECT("'"&DV$67&"'!f1"),G76-1,),"")} | EK76: {=IF(ISNA(E76),0,OFFSET(INDIRECT("'"&EK$67&"'!g1"),E76-1,)*CL76)} -> #REF! | EL76: {=IF(ISNA(F76),0,OFFSET(INDIRECT("'"&EL$67&"'!g1"),F76-1,)*CM76)} -> #REF! | EM76: {=IF(ISNA(G76),0,OFFSET(INDIRECT("'"&EM$67&"'!g1"),G76-1,)*CN76)} -> #REF! | FB76: {=IF(ISNA(E76),0,OFFSET(INDIRECT("'"&EK$67&"'!h1"),E76-1,))} -> #REF! | FC76: {=IF(ISNA(F76),0,OFFSET(INDIRECT("'"&EL$67&"'!h1"),F76-1,))} -> #REF! | FD76: {=IF(ISNA(G76),0,OFFSET(INDIRECT("'"&EM$67&"'!h1"),G76-1,))} -> #REF!
A77: =QDistRnd_756_20251225!A37 -> [[756,16,34]] | B77: =QDistRnd_756_20251225!B37 -> 756 | C77: 34 | E77: {=INDIRECT(E$67&"!"&E$65&ROW(E37))} -> 46 | F77: {=INDIRECT(F$67&"!"&F$65&ROW(F41))} -> 42 | G77: {=INDIRECT(G$67&"!"&G$65&ROW(G41))} -> 34 | I77: =E77-$C77 -> 12 | J77: =F77-$C77 -> 8 | K77: =G77-$C77 -> 0 | M77: {=INDIRECT(M$67&"!"&M$65&ROW(M37))} -> 11.869366 | N77: {=INDIRECT(N$67&"!"&N$65&ROW(N41))} -> 152.07111 | O77: {=INDIRECT(O$67&"!"&O$65&ROW(O41))} -> 150.12772 | Q77: {=INDIRECT(Q$67&"!"&Q$65&ROW(Q37))} -> 1 | R77: {=INDIRECT(R$67&"!"&R$65&ROW(R41))} -> 1 | S77: {=INDIRECT(S$67&"!"&S$65&ROW(S41))} -> 1549 | U77: {=INDIRECT(U$67&"!"&U$65&ROW(U37))} -> 1 | V77: {=INDIRECT(V$67&"!"&V$65&ROW(V41))} -> 10000 | W77: {=INDIRECT(W$67&"!"&W$65&ROW(W41))} -> 10000 | Y77: =IF(I77=0,Q77,0) -> 0 | Z77: =IF(J77=0,R77,0) -> 0 | AA77: =IF(K77=0,S77,0) -> 1549 | BU77: =IF(BD77,V77,$B77) -> 756 | BV77: =IF(BE77,W77,$B77) -> 756 | BW77: =IF(BF77,X77,$B77) -> 756 | CL77: =IF(BU77=$C77,1,0) -> 0 | CM77: =IF(BV77=$C77,1,0) -> 0 | CN77: =IF(BW77=$C77,1,0) -> 0 | DC77: {=IF(BD77,OFFSET(INDIRECT("'"&DT$67&"'!f1"),E77-1,),"")} | DD77: {=IF(BE77,OFFSET(INDIRECT("'"&DU$67&"'!f1"),F77-1,),"")} | DE77: {=IF(BF77,OFFSET(INDIRECT("'"&DV$67&"'!f1"),G77-1,),"")} | DT77: {=IF(CL77,OFFSET(INDIRECT("'"&DT$67&"'!f1"),E77-1,),"")} | DU77: {=IF(CM77,OFFSET(INDIRECT("'"&DU$67&"'!f1"),F77-1,),"")} | DV77: {=IF(CN77,OFFSET(INDIRECT("'"&DV$67&"'!f1"),G77-1,),"")} | EK77: {=IF(ISNA(E77),0,OFFSET(INDIRECT("'"&EK$67&"'!g1"),E77-1,)*CL77)} -> #REF! | EL77: {=IF(ISNA(F77),0,OFFSET(INDIRECT("'"&EL$67&"'!g1"),F77-1,)*CM77)} -> #REF! | EM77: {=IF(ISNA(G77),0,OFFSET(INDIRECT("'"&EM$67&"'!g1"),G77-1,)*CN77)} -> #REF! | FB77: {=IF(ISNA(E77),0,OFFSET(INDIRECT("'"&EK$67&"'!h1"),E77-1,))} -> #REF! | FC77: {=IF(ISNA(F77),0,OFFSET(INDIRECT("'"&EL$67&"'!h1"),F77-1,))} -> #REF! | FD77: {=IF(ISNA(G77),0,OFFSET(INDIRECT("'"&EM$67&"'!h1"),G77-1,))} -> #REF!
A78: =QDistRnd_756_20251225!A38 -> [[756,16,34]] | B78: =QDistRnd_756_20251225!B38 -> 756 | C78: 34 | E78: {=INDIRECT(E$67&"!"&E$65&ROW(E38))} -> 42 | F78: {=INDIRECT(F$67&"!"&F$65&ROW(F42))} -> 40 | G78: {=INDIRECT(G$67&"!"&G$65&ROW(G42))} -> 34 | I78: =E78-$C78 -> 8 | J78: =F78-$C78 -> 6 | K78: =G78-$C78 -> 0 | M78: {=INDIRECT(M$67&"!"&M$65&ROW(M38))} -> 11.06181 | N78: {=INDIRECT(N$67&"!"&N$65&ROW(N42))} -> 150.74027 | O78: {=INDIRECT(O$67&"!"&O$65&ROW(O42))} -> 147.34439 | Q78: {=INDIRECT(Q$67&"!"&Q$65&ROW(Q38))} -> 1 | R78: {=INDIRECT(R$67&"!"&R$65&ROW(R42))} -> 1 | S78: {=INDIRECT(S$67&"!"&S$65&ROW(S42))} -> 1869 | U78: {=INDIRECT(U$67&"!"&U$65&ROW(U38))} -> 1 | V78: {=INDIRECT(V$67&"!"&V$65&ROW(V42))} -> 10000 | W78: {=INDIRECT(W$67&"!"&W$65&ROW(W42))} -> 10000 | Y78: =IF(I78=0,Q78,0) -> 0 | Z78: =IF(J78=0,R78,0) -> 0 | AA78: =IF(K78=0,S78,0) -> 1869 | BU78: =IF(BD78,V78,$B78) -> 756 | BV78: =IF(BE78,W78,$B78) -> 756 | BW78: =IF(BF78,X78,$B78) -> 756 | CL78: =IF(BU78=$C78,1,0) -> 0 | CM78: =IF(BV78=$C78,1,0) -> 0 | CN78: =IF(BW78=$C78,1,0) -> 0 | DC78: {=IF(BD78,OFFSET(INDIRECT("'"&DT$67&"'!f1"),E78-1,),"")} | DD78: {=IF(BE78,OFFSET(INDIRECT("'"&DU$67&"'!f1"),F78-1,),"")} | DE78: {=IF(BF78,OFFSET(INDIRECT("'"&DV$67&"'!f1"),G78-1,),"")} | DT78: {=IF(CL78,OFFSET(INDIRECT("'"&DT$67&"'!f1"),E78-1,),"")} | DU78: {=IF(CM78,OFFSET(INDIRECT("'"&DU$67&"'!f1"),F78-1,),"")} | DV78: {=IF(CN78,OFFSET(INDIRECT("'"&DV$67&"'!f1"),G78-1,),"")} | EK78: {=IF(ISNA(E78),0,OFFSET(INDIRECT("'"&EK$67&"'!g1"),E78-1,)*CL78)} -> #REF! | EL78: {=IF(ISNA(F78),0,OFFSET(INDIRECT("'"&EL$67&"'!g1"),F78-1,)*CM78)} -> #REF! | EM78: {=IF(ISNA(G78),0,OFFSET(INDIRECT("'"&EM$67&"'!g1"),G78-1,)*CN78)} -> #REF! | FB78: {=IF(ISNA(E78),0,OFFSET(INDIRECT("'"&EK$67&"'!h1"),E78-1,))} -> #REF! | FC78: {=IF(ISNA(F78),0,OFFSET(INDIRECT("'"&EL$67&"'!h1"),F78-1,))} -> #REF! | FD78: {=IF(ISNA(G78),0,OFFSET(INDIRECT("'"&EM$67&"'!h1"),G78-1,))} -> #REF!
A79: =QDistRnd_756_20251225!A39 -> [[756,16,34]] | B79: =QDistRnd_756_20251225!B39 -> 756 | C79: 34 | E79: {=INDIRECT(E$67&"!"&E$65&ROW(E39))} -> 44 | F79: {=INDIRECT(F$67&"!"&F$65&ROW(F43))} -> 44 | G79: {=INDIRECT(G$67&"!"&G$65&ROW(G43))} -> 38 | I79: =E79-$C79 -> 10 | J79: =F79-$C79 -> 10 | K79: =G79-$C79 -> 4 | M79: {=INDIRECT(M$67&"!"&M$65&ROW(M39))} -> 11.145582 | N79: {=INDIRECT(N$67&"!"&N$65&ROW(N43))} -> 149.48736 | O79: {=INDIRECT(O$67&"!"&O$65&ROW(O43))} -> 147.17163 | Q79: {=INDIRECT(Q$67&"!"&Q$65&ROW(Q39))} -> 1 | R79: {=INDIRECT(R$67&"!"&R$65&ROW(R43))} -> 1 | S79: {=INDIRECT(S$67&"!"&S$65&ROW(S43))} -> 1259 | U79: {=INDIRECT(U$67&"!"&U$65&ROW(U39))} -> 1 | V79: {=INDIRECT(V$67&"!"&V$65&ROW(V43))} -> 10000 | W79: {=INDIRECT(W$67&"!"&W$65&ROW(W43))} -> 10000 | Y79: =IF(I79=0,Q79,0) -> 0 | Z79: =IF(J79=0,R79,0) -> 0 | AA79: =IF(K79=0,S79,0) -> 0 | BU79: =IF(BD79,V79,$B79) -> 756 | BV79: =IF(BE79,W79,$B79) -> 756 | BW79: =IF(BF79,X79,$B79) -> 756 | CL79: =IF(BU79=$C79,1,0) -> 0 | CM79: =IF(BV79=$C79,1,0) -> 0 | CN79: =IF(BW79=$C79,1,0) -> 0 | DC79: {=IF(BD79,OFFSET(INDIRECT("'"&DT$67&"'!f1"),E79-1,),"")} | DD79: {=IF(BE79,OFFSET(INDIRECT("'"&DU$67&"'!f1"),F79-1,),"")} | DE79: {=IF(BF79,OFFSET(INDIRECT("'"&DV$67&"'!f1"),G79-1,),"")} | DT79: {=IF(CL79,OFFSET(INDIRECT("'"&DT$67&"'!f1"),E79-1,),"")} | DU79: {=IF(CM79,OFFSET(INDIRECT("'"&DU$67&"'!f1"),F79-1,),"")} | DV79: {=IF(CN79,OFFSET(INDIRECT("'"&DV$67&"'!f1"),G79-1,),"")} | EK79: {=IF(ISNA(E79),0,OFFSET(INDIRECT("'"&EK$67&"'!g1"),E79-1,)*CL79)} -> #REF! | EL79: {=IF(ISNA(F79),0,OFFSET(INDIRECT("'"&EL$67&"'!g1"),F79-1,)*CM79)} -> #REF! | EM79: {=IF(ISNA(G79),0,OFFSET(INDIRECT("'"&EM$67&"'!g1"),G79-1,)*CN79)} -> #REF! | FB79: {=IF(ISNA(E79),0,OFFSET(INDIRECT("'"&EK$67&"'!h1"),E79-1,))} -> #REF! | FC79: {=IF(ISNA(F79),0,OFFSET(INDIRECT("'"&EL$67&"'!h1"),F79-1,))} -> #REF! | FD79: {=IF(ISNA(G79),0,OFFSET(INDIRECT("'"&EM$67&"'!h1"),G79-1,))} -> #REF!
A80: =QDistRnd_756_20251225!A40 -> [[756,16,34]] | B80: =QDistRnd_756_20251225!B40 -> 756 | C80: 34 | E80: {=INDIRECT(E$67&"!"&E$65&ROW(E40))} -> 44 | F80: {=INDIRECT(F$67&"!"&F$65&ROW(F44))} -> 40 | G80: {=INDIRECT(G$67&"!"&G$65&ROW(G44))} -> 36 | I80: =E80-$C80 -> 10 | J80: =F80-$C80 -> 6 | K80: =G80-$C80 -> 2 | M80: {=INDIRECT(M$67&"!"&M$65&ROW(M40))} -> 11.150217 | N80: {=INDIRECT(N$67&"!"&N$65&ROW(N44))} -> 148.79863 | O80: {=INDIRECT(O$67&"!"&O$65&ROW(O44))} -> 145.60337 | Q80: {=INDIRECT(Q$67&"!"&Q$65&ROW(Q40))} -> 1 | R80: {=INDIRECT(R$67&"!"&R$65&ROW(R44))} -> 1 | S80: {=INDIRECT(S$67&"!"&S$65&ROW(S44))} -> 2157 | U80: {=INDIRECT(U$67&"!"&U$65&ROW(U40))} -> 1 | V80: {=INDIRECT(V$67&"!"&V$65&ROW(V44))} -> 10000 | W80: {=INDIRECT(W$67&"!"&W$65&ROW(W44))} -> 10000 | Y80: =IF(I80=0,Q80,0) -> 0 | Z80: =IF(J80=0,R80,0) -> 0 | AA80: =IF(K80=0,S80,0) -> 0 | BU80: =IF(BD80,V80,$B80) -> 756 | BV80: =IF(BE80,W80,$B80) -> 756 | BW80: =IF(BF80,X80,$B80) -> 756 | CL80: =IF(BU80=$C80,1,0) -> 0 | CM80: =IF(BV80=$C80,1,0) -> 0 | CN80: =IF(BW80=$C80,1,0) -> 0 | DC80: {=IF(BD80,OFFSET(INDIRECT("'"&DT$67&"'!f1"),E80-1,),"")} | DD80: {=IF(BE80,OFFSET(INDIRECT("'"&DU$67&"'!f1"),F80-1,),"")} | DE80: {=IF(BF80,OFFSET(INDIRECT("'"&DV$67&"'!f1"),G80-1,),"")} | DT80: {=IF(CL80,OFFSET(INDIRECT("'"&DT$67&"'!f1"),E80-1,),"")} | DU80: {=IF(CM80,OFFSET(INDIRECT("'"&DU$67&"'!f1"),F80-1,),"")} | DV80: {=IF(CN80,OFFSET(INDIRECT("'"&DV$67&"'!f1"),G80-1,),"")} | EK80: {=IF(ISNA(E80),0,OFFSET(INDIRECT("'"&EK$67&"'!g1"),E80-1,)*CL80)} -> #REF! | EL80: {=IF(ISNA(F80),0,OFFSET(INDIRECT("'"&EL$67&"'!g1"),F80-1,)*CM80)} -> #REF! | EM80: {=IF(ISNA(G80),0,OFFSET(INDIRECT("'"&EM$67&"'!g1"),G80-1,)*CN80)} -> #REF! | FB80: {=IF(ISNA(E80),0,OFFSET(INDIRECT("'"&EK$67&"'!h1"),E80-1,))} -> #REF! | FC80: {=IF(ISNA(F80),0,OFFSET(INDIRECT("'"&EL$67&"'!h1"),F80-1,))} -> #REF! | FD80: {=IF(ISNA(G80),0,OFFSET(INDIRECT("'"&EM$67&"'!h1"),G80-1,))} -> #REF!
... A87: =QDistRnd_756_20251225!A47 -> [[756,16,34]] | B87: =QDistRnd_756_20251225!B47 -> 756 | C87: 34 | E87: {=INDIRECT(E$67&"!"&E$65&ROW(E47))} -> 40 | F87: {=INDIRECT(F$67&"!"&F$65&ROW(F51))} -> 40 | G87: {=INDIRECT(G$67&"!"&G$65&ROW(G51))} -> 38 | I87: =E87-$C87 -> 6 | J87: =F87-$C87 -> 6 | K87: =G87-$C87 -> 4 | M87: {=INDIRECT(M$67&"!"&M$65&ROW(M47))} -> 11.033873 | N87: {=INDIRECT(N$67&"!"&N$65&ROW(N51))} -> 148.58621 | O87: {=INDIRECT(O$67&"!"&O$65&ROW(O51))} -> 144.83156 | Q87: {=INDIRECT(Q$67&"!"&Q$65&ROW(Q47))} -> 1 | R87: {=INDIRECT(R$67&"!"&R$65&ROW(R51))} -> 1 | S87: {=INDIRECT(S$67&"!"&S$65&ROW(S51))} -> 3731 | U87: {=INDIRECT(U$67&"!"&U$65&ROW(U47))} -> 1 | V87: {=INDIRECT(V$67&"!"&V$65&ROW(V51))} -> 10000 | W87: {=INDIRECT(W$67&"!"&W$65&ROW(W51))} -> 10000 | Y87: =IF(I87=0,Q87,0) -> 0 | Z87: =IF(J87=0,R87,0) -> 0 | AA87: =IF(K87=0,S87,0) -> 0 | BU87: =IF(BD87,V87,$B87) -> 756 | BV87: =IF(BE87,W87,$B87) -> 756 | BW87: =IF(BF87,X87,$B87) -> 756 | CL87: =IF(BU87=$C87,1,0) -> 0 | CM87: =IF(BV87=$C87,1,0) -> 0 | CN87: =IF(BW87=$C87,1,0) -> 0 | DC87: {=IF(BD87,OFFSET(INDIRECT("'"&DT$67&"'!f1"),E87-1,),"")} | DD87: {=IF(BE87,OFFSET(INDIRECT("'"&DU$67&"'!f1"),F87-1,),"")} | DE87: {=IF(BF87,OFFSET(INDIRECT("'"&DV$67&"'!f1"),G87-1,),"")} | DT87: {=IF(CL87,OFFSET(INDIRECT("'"&DT$67&"'!f1"),E87-1,),"")} | DU87: {=IF(CM87,OFFSET(INDIRECT("'"&DU$67&"'!f1"),F87-1,),"")} | DV87: {=IF(CN87,OFFSET(INDIRECT("'"&DV$67&"'!f1"),G87-1,),"")} | EK87: {=IF(ISNA(E87),0,OFFSET(INDIRECT("'"&EK$67&"'!g1"),E87-1,)*CL87)} -> #REF! | EL87: {=IF(ISNA(F87),0,OFFSET(INDIRECT("'"&EL$67&"'!g1"),F87-1,)*CM87)} -> #REF! | EM87: {=IF(ISNA(G87),0,OFFSET(INDIRECT("'"&EM$67&"'!g1"),G87-1,)*CN87)} -> #REF! | FB87: {=IF(ISNA(E87),0,OFFSET(INDIRECT("'"&EK$67&"'!h1"),E87-1,))} -> #REF! | FC87: {=IF(ISNA(F87),0,OFFSET(INDIRECT("'"&EL$67&"'!h1"),F87-1,))} -> #REF! | FD87: {=IF(ISNA(G87),0,OFFSET(INDIRECT("'"&EM$67&"'!h1"),G87-1,))} -> #REF!
A88: =QDistRnd_756_20251225!A48 -> [[756,16,34]] | B88: =QDistRnd_756_20251225!B48 -> 756 | C88: 34 | E88: {=INDIRECT(E$67&"!"&E$65&ROW(E48))} -> 44 | F88: {=INDIRECT(F$67&"!"&F$65&ROW(F52))} -> 40 | G88: {=INDIRECT(G$67&"!"&G$65&ROW(G52))} -> 34 | I88: =E88-$C88 -> 10 | J88: =F88-$C88 -> 6 | K88: =G88-$C88 -> 0 | M88: {=INDIRECT(M$67&"!"&M$65&ROW(M48))} -> 11.586091 | N88: {=INDIRECT(N$67&"!"&N$65&ROW(N52))} -> 148.54522 | O88: {=INDIRECT(O$67&"!"&O$65&ROW(O52))} -> 143.29173 | Q88: {=INDIRECT(Q$67&"!"&Q$65&ROW(Q48))} -> 1 | R88: {=INDIRECT(R$67&"!"&R$65&ROW(R52))} -> 1 | S88: {=INDIRECT(S$67&"!"&S$65&ROW(S52))} -> 1213 | U88: {=INDIRECT(U$67&"!"&U$65&ROW(U48))} -> 1 | V88: {=INDIRECT(V$67&"!"&V$65&ROW(V52))} -> 10000 | W88: {=INDIRECT(W$67&"!"&W$65&ROW(W52))} -> 10000 | Y88: =IF(I88=0,Q88,0) -> 0 | Z88: =IF(J88=0,R88,0) -> 0 | AA88: =IF(K88=0,S88,0) -> 1213
A89: =QDistRnd_756_20251225!A49 -> [[756,16,34]] | B89: =QDistRnd_756_20251225!B49 -> 756 | C89: 34 | E89: {=INDIRECT(E$67&"!"&E$65&ROW(E49))} -> 40 | F89: {=INDIRECT(F$67&"!"&F$65&ROW(F53))} -> 40 | G89: {=INDIRECT(G$67&"!"&G$65&ROW(G53))} -> 34 | I89: =E89-$C89 -> 6 | J89: =F89-$C89 -> 6 | K89: =G89-$C89 -> 0 | M89: {=INDIRECT(M$67&"!"&M$65&ROW(M49))} -> 11.065676 | N89: {=INDIRECT(N$67&"!"&N$65&ROW(N53))} -> 148.50016 | O89: {=INDIRECT(O$67&"!"&O$65&ROW(O53))} -> 144.71512 | Q89: {=INDIRECT(Q$67&"!"&Q$65&ROW(Q49))} -> 1 | R89: {=INDIRECT(R$67&"!"&R$65&ROW(R53))} -> 1 | S89: {=INDIRECT(S$67&"!"&S$65&ROW(S53))} -> 4437 | U89: {=INDIRECT(U$67&"!"&U$65&ROW(U49))} -> 1 | V89: {=INDIRECT(V$67&"!"&V$65&ROW(V53))} -> 10000 | W89: {=INDIRECT(W$67&"!"&W$65&ROW(W53))} -> 10000 | Y89: =IF(I89=0,Q89,0) -> 0 | Z89: =IF(J89=0,R89,0) -> 0 | AA89: =IF(K89=0,S89,0) -> 4437
A90: =QDistRnd_756_20251225!A50 -> [[756,16,34]] | B90: =QDistRnd_756_20251225!B50 -> 756 | C90: 34 | E90: {=INDIRECT(E$67&"!"&E$65&ROW(E50))} -> 42 | F90: {=INDIRECT(F$67&"!"&F$65&ROW(F54))} -> 38 | G90: {=INDIRECT(G$67&"!"&G$65&ROW(G54))} -> 36 | I90: =E90-$C90 -> 8 | J90: =F90-$C90 -> 4 | K90: =G90-$C90 -> 2 | M90: {=INDIRECT(M$67&"!"&M$65&ROW(M50))} -> 11.111156 | N90: {=INDIRECT(N$67&"!"&N$65&ROW(N54))} -> 148.60356 | O90: {=INDIRECT(O$67&"!"&O$65&ROW(O54))} -> 145.67717 | Q90: {=INDIRECT(Q$67&"!"&Q$65&ROW(Q50))} -> 1 | R90: {=INDIRECT(R$67&"!"&R$65&ROW(R54))} -> 1 | S90: {=INDIRECT(S$67&"!"&S$65&ROW(S54))} -> 2809 | U90: {=INDIRECT(U$67&"!"&U$65&ROW(U50))} -> 1 | V90: {=INDIRECT(V$67&"!"&V$65&ROW(V54))} -> 10000 | W90: {=INDIRECT(W$67&"!"&W$65&ROW(W54))} -> 10000 | Y90: =IF(I90=0,Q90,0) -> 0 | Z90: =IF(J90=0,R90,0) -> 0 | AA90: =IF(K90=0,S90,0) -> 0
A91: =QDistRnd_756_20251225!A51 -> [[756,16,34]] | B91: =QDistRnd_756_20251225!B51 -> 756 | C91: 34 | E91: {=INDIRECT(E$67&"!"&E$65&ROW(E51))} -> 38 | F91: {=INDIRECT(F$67&"!"&F$65&ROW(F55))} -> 46 | G91: {=INDIRECT(G$67&"!"&G$65&ROW(G55))} -> 36 | I91: =E91-$C91 -> 4 | J91: =F91-$C91 -> 12 | K91: =G91-$C91 -> 2 | M91: {=INDIRECT(M$67&"!"&M$65&ROW(M51))} -> 10.863885 | N91: {=INDIRECT(N$67&"!"&N$65&ROW(N55))} -> 145.03477 | O91: {=INDIRECT(O$67&"!"&O$65&ROW(O55))} -> 144.44729 | Q91: {=INDIRECT(Q$67&"!"&Q$65&ROW(Q51))} -> 1 | R91: {=INDIRECT(R$67&"!"&R$65&ROW(R55))} -> 1 | S91: {=INDIRECT(S$67&"!"&S$65&ROW(S55))} -> 3652 | U91: {=INDIRECT(U$67&"!"&U$65&ROW(U51))} -> 1 | V91: {=INDIRECT(V$67&"!"&V$65&ROW(V55))} -> 10000 | W91: {=INDIRECT(W$67&"!"&W$65&ROW(W55))} -> 10000 | Y91: =IF(I91=0,Q91,0) -> 0 | Z91: =IF(J91=0,R91,0) -> 0 | AA91: =IF(K91=0,S91,0) -> 0
A92: =QDistRnd_756_20251225!A52 -> [[756,16,34]] | B92: =QDistRnd_756_20251225!B52 -> 756 | C92: 34 | E92: {=INDIRECT(E$67&"!"&E$65&ROW(E52))} -> 42 | F92: {=INDIRECT(F$67&"!"&F$65&ROW(F56))} -> 44 | G92: {=INDIRECT(G$67&"!"&G$65&ROW(G56))} -> 34 | I92: =E92-$C92 -> 8 | J92: =F92-$C92 -> 10 | K92: =G92-$C92 -> 0 | M92: {=INDIRECT(M$67&"!"&M$65&ROW(M52))} -> 10.883556 | N92: {=INDIRECT(N$67&"!"&N$65&ROW(N56))} -> 140.46913 | O92: {=INDIRECT(O$67&"!"&O$65&ROW(O56))} -> 133.91571 | Q92: {=INDIRECT(Q$67&"!"&Q$65&ROW(Q52))} -> 1 | R92: {=INDIRECT(R$67&"!"&R$65&ROW(R56))} -> 1 | S92: {=INDIRECT(S$67&"!"&S$65&ROW(S56))} -> 2672 | U92: {=INDIRECT(U$67&"!"&U$65&ROW(U52))} -> 1 | V92: {=INDIRECT(V$67&"!"&V$65&ROW(V56))} -> 10000 | W92: {=INDIRECT(W$67&"!"&W$65&ROW(W56))} -> 10000 | Y92: =IF(I92=0,Q92,0) -> 0 | Z92: =IF(J92=0,R92,0) -> 0 | AA92: =IF(K92=0,S92,0) -> 2672
A93: =QDistRnd_756_20251225!A53 -> [[756,16,34]] | B93: =QDistRnd_756_20251225!B53 -> 756 | C93: 34 | E93: {=INDIRECT(E$67&"!"&E$65&ROW(E53))} -> 46 | F93: {=INDIRECT(F$67&"!"&F$65&ROW(F57))} -> 42 | G93: {=INDIRECT(G$67&"!"&G$65&ROW(G57))} -> 34 | I93: =E93-$C93 -> 12 | J93: =F93-$C93 -> 8 | K93: =G93-$C93 -> 0 | M93: {=INDIRECT(M$67&"!"&M$65&ROW(M53))} -> 11.161398 | N93: {=INDIRECT(N$67&"!"&N$65&ROW(N57))} -> 140.73168 | O93: {=INDIRECT(O$67&"!"&O$65&ROW(O57))} -> 135.51425 | Q93: {=INDIRECT(Q$67&"!"&Q$65&ROW(Q53))} -> 1 | R93: {=INDIRECT(R$67&"!"&R$65&ROW(R57))} -> 1 | S93: {=INDIRECT(S$67&"!"&S$65&ROW(S57))} -> 1686 | U93: {=INDIRECT(U$67&"!"&U$65&ROW(U53))} -> 1 | V93: {=INDIRECT(V$67&"!"&V$65&ROW(V57))} -> 10000 | W93: {=INDIRECT(W$67&"!"&W$65&ROW(W57))} -> 10000 | Y93: =IF(I93=0,Q93,0) -> 0 | Z93: =IF(J93=0,R93,0) -> 0 | AA93: =IF(K93=0,S93,0) -> 1686
A94: =QDistRnd_756_20251225!A54 -> [[756,16,34]] | B94: =QDistRnd_756_20251225!B54 -> 756 | C94: 34 | E94: {=INDIRECT(E$67&"!"&E$65&ROW(E54))} -> 34 | F94: {=INDIRECT(F$67&"!"&F$65&ROW(F58))} -> 42 | G94: {=INDIRECT(G$67&"!"&G$65&ROW(G58))} -> 34 | I94: =E94-$C94 -> 0 | J94: =F94-$C94 -> 8 | K94: =G94-$C94 -> 0 | M94: {=INDIRECT(M$67&"!"&M$65&ROW(M54))} -> 10.794328 | N94: {=INDIRECT(N$67&"!"&N$65&ROW(N58))} -> 140.23692 | O94: {=INDIRECT(O$67&"!"&O$65&ROW(O58))} -> 140.81355 | Q94: {=INDIRECT(Q$67&"!"&Q$65&ROW(Q54))} -> 1 | R94: {=INDIRECT(R$67&"!"&R$65&ROW(R58))} -> 1 | S94: {=INDIRECT(S$67&"!"&S$65&ROW(S58))} -> 2878 | U94: {=INDIRECT(U$67&"!"&U$65&ROW(U54))} -> 1 | V94: {=INDIRECT(V$67&"!"&V$65&ROW(V58))} -> 10000 | W94: {=INDIRECT(W$67&"!"&W$65&ROW(W58))} -> 10000 | Y94: =IF(I94=0,Q94,0) -> 1 | Z94: =IF(J94=0,R94,0) -> 0 | AA94: =IF(K94=0,S94,0) -> 2878
A95: =QDistRnd_756_20251225!A55 -> [[756,16,34]] | B95: =QDistRnd_756_20251225!B55 -> 756 | C95: 34 | E95: {=INDIRECT(E$67&"!"&E$65&ROW(E55))} -> 38 | F95: {=INDIRECT(F$67&"!"&F$65&ROW(F59))} -> 42 | G95: {=INDIRECT(G$67&"!"&G$65&ROW(G59))} -> 36 | I95: =E95-$C95 -> 4 | J95: =F95-$C95 -> 8 | K95: =G95-$C95 -> 2 | M95: {=INDIRECT(M$67&"!"&M$65&ROW(M55))} -> 10.892813 | N95: {=INDIRECT(N$67&"!"&N$65&ROW(N59))} -> 139.68169 | O95: {=INDIRECT(O$67&"!"&O$65&ROW(O59))} -> 135.07776 | Q95: {=INDIRECT(Q$67&"!"&Q$65&ROW(Q55))} -> 1 | R95: {=INDIRECT(R$67&"!"&R$65&ROW(R59))} -> 1 | S95: {=INDIRECT(S$67&"!"&S$65&ROW(S59))} -> 2992 | U95: {=INDIRECT(U$67&"!"&U$65&ROW(U55))} -> 1 | V95: {=INDIRECT(V$67&"!"&V$65&ROW(V59))} -> 10000 | W95: {=INDIRECT(W$67&"!"&W$65&ROW(W59))} -> 10000 | Y95: =IF(I95=0,Q95,0) -> 0 | Z95: =IF(J95=0,R95,0) -> 0 | AA95: =IF(K95=0,S95,0) -> 0
A96: =QDistRnd_756_20251225!A56 -> [[756,16,34]] | B96: =QDistRnd_756_20251225!B56 -> 756 | C96: 34 | E96: {=INDIRECT(E$67&"!"&E$65&ROW(E56))} -> 40 | F96: {=INDIRECT(F$67&"!"&F$65&ROW(F60))} -> 44 | G96: {=INDIRECT(G$67&"!"&G$65&ROW(G60))} -> 36 | I96: =E96-$C96 -> 6 | J96: =F96-$C96 -> 10 | K96: =G96-$C96 -> 2 | M96: {=INDIRECT(M$67&"!"&M$65&ROW(M56))} -> 10.800581 | N96: {=INDIRECT(N$67&"!"&N$65&ROW(N60))} -> 139.29601 | O96: {=INDIRECT(O$67&"!"&O$65&ROW(O60))} -> 136.60669 | Q96: {=INDIRECT(Q$67&"!"&Q$65&ROW(Q56))} -> 1 | R96: {=INDIRECT(R$67&"!"&R$65&ROW(R60))} -> 3 | S96: {=INDIRECT(S$67&"!"&S$65&ROW(S60))} -> 4288 | U96: {=INDIRECT(U$67&"!"&U$65&ROW(U56))} -> 1 | V96: {=INDIRECT(V$67&"!"&V$65&ROW(V60))} -> 10000 | W96: {=INDIRECT(W$67&"!"&W$65&ROW(W60))} -> 10000 | Y96: =IF(I96=0,Q96,0) -> 0 | Z96: =IF(J96=0,R96,0) -> 0 | AA96: =IF(K96=0,S96,0) -> 0
A97: =QDistRnd_756_20251225!A57 -> [[756,16,34]] | B97: =QDistRnd_756_20251225!B57 -> 756 | C97: 34 | E97: {=INDIRECT(E$67&"!"&E$65&ROW(E57))} -> 44 | F97: {=INDIRECT(F$67&"!"&F$65&ROW(F61))} -> 42 | G97: {=INDIRECT(G$67&"!"&G$65&ROW(G61))} -> 34 | I97: =E97-$C97 -> 10 | J97: =F97-$C97 -> 8 | K97: =G97-$C97 -> 0 | M97: {=INDIRECT(M$67&"!"&M$65&ROW(M57))} -> 10.97622 | N97: {=INDIRECT(N$67&"!"&N$65&ROW(N61))} -> 139.3726 | O97: {=INDIRECT(O$67&"!"&O$65&ROW(O61))} -> 135.6483 | Q97: {=INDIRECT(Q$67&"!"&Q$65&ROW(Q57))} -> 1 | R97: {=INDIRECT(R$67&"!"&R$65&ROW(R61))} -> 2 | S97: {=INDIRECT(S$67&"!"&S$65&ROW(S61))} -> 2475 | U97: {=INDIRECT(U$67&"!"&U$65&ROW(U57))} -> 1 | V97: {=INDIRECT(V$67&"!"&V$65&ROW(V61))} -> 10000 | W97: {=INDIRECT(W$67&"!"&W$65&ROW(W61))} -> 10000 | Y97: =IF(I97=0,Q97,0) -> 0 | Z97: =IF(J97=0,R97,0) -> 0 | AA97: =IF(K97=0,S97,0) -> 2475
A98: =QDistRnd_756_20251225!A58 -> [[756,16,34]] | B98: =QDistRnd_756_20251225!B58 -> 756 | C98: 34 | E98: {=INDIRECT(E$67&"!"&E$65&ROW(E58))} -> 40 | F98: {=INDIRECT(F$67&"!"&F$65&ROW(F62))} -> 40 | G98: {=INDIRECT(G$67&"!"&G$65&ROW(G62))} -> 34 | I98: =E98-$C98 -> 6 | J98: =F98-$C98 -> 6 | K98: =G98-$C98 -> 0 | M98: {=INDIRECT(M$67&"!"&M$65&ROW(M58))} -> 10.890074 | N98: {=INDIRECT(N$67&"!"&N$65&ROW(N62))} -> 139.40415 | O98: {=INDIRECT(O$67&"!"&O$65&ROW(O62))} -> 133.89313 | Q98: {=INDIRECT(Q$67&"!"&Q$65&ROW(Q58))} -> 1 | R98: {=INDIRECT(R$67&"!"&R$65&ROW(R62))} -> 1 | S98: {=INDIRECT(S$67&"!"&S$65&ROW(S62))} -> 1341 | U98: {=INDIRECT(U$67&"!"&U$65&ROW(U58))} -> 1 | V98: {=INDIRECT(V$67&"!"&V$65&ROW(V62))} -> 10000 | W98: {=INDIRECT(W$67&"!"&W$65&ROW(W62))} -> 10000 | Y98: =IF(I98=0,Q98,0) -> 0 | Z98: =IF(J98=0,R98,0) -> 0 | AA98: =IF(K98=0,S98,0) -> 1341
A99: =QDistRnd_756_20251225!A59 -> [[756,16,34]] | B99: =QDistRnd_756_20251225!B59 -> 756 | C99: 34 | E99: {=INDIRECT(E$67&"!"&E$65&ROW(E59))} -> 42 | F99: {=INDIRECT(F$67&"!"&F$65&ROW(F63))} -> 44 | G99: {=INDIRECT(G$67&"!"&G$65&ROW(G63))} -> 36 | I99: =E99-$C99 -> 8 | J99: =F99-$C99 -> 10 | K99: =G99-$C99 -> 2 | M99: {=INDIRECT(M$67&"!"&M$65&ROW(M59))} -> 11.186813 | N99: {=INDIRECT(N$67&"!"&N$65&ROW(N63))} -> 139.40003 | O99: {=INDIRECT(O$67&"!"&O$65&ROW(O63))} -> 137.90048 | Q99: {=INDIRECT(Q$67&"!"&Q$65&ROW(Q59))} -> 1 | R99: {=INDIRECT(R$67&"!"&R$65&ROW(R63))} -> 1 | S99: {=INDIRECT(S$67&"!"&S$65&ROW(S63))} -> 332 | U99: {=INDIRECT(U$67&"!"&U$65&ROW(U59))} -> 1 | V99: {=INDIRECT(V$67&"!"&V$65&ROW(V63))} -> 10000 | W99: {=INDIRECT(W$67&"!"&W$65&ROW(W63))} -> 10000 | Y99: =IF(I99=0,Q99,0) -> 0 | Z99: =IF(J99=0,R99,0) -> 0 | AA99: =IF(K99=0,S99,0) -> 0
... A167: =QDistRnd_756_20251225!A127 -> [[756,16,34]] | B167: =QDistRnd_756_20251225!B127 -> 756 | C167: 34 | E167: {=INDIRECT(E$67&"!"&E$65&ROW(E127))} -> 38 | F167: {=INDIRECT(F$67&"!"&F$65&ROW(F131))} -> 46 | G167: {=INDIRECT(G$67&"!"&G$65&ROW(G131))} -> 36 | I167: =E167-$C167 -> 4 | J167: =F167-$C167 -> 12 | K167: =G167-$C167 -> 2 | M167: {=INDIRECT(M$67&"!"&M$65&ROW(M127))} -> 11.319364 | N167: {=INDIRECT(N$67&"!"&N$65&ROW(N131))} -> 138.44854 | O167: {=INDIRECT(O$67&"!"&O$65&ROW(O131))} -> 134.85922 | Q167: {=INDIRECT(Q$67&"!"&Q$65&ROW(Q127))} -> 1 | R167: {=INDIRECT(R$67&"!"&R$65&ROW(R131))} -> 2 | S167: {=INDIRECT(S$67&"!"&S$65&ROW(S131))} -> 4429 | U167: {=INDIRECT(U$67&"!"&U$65&ROW(U127))} -> 1 | V167: {=INDIRECT(V$67&"!"&V$65&ROW(V131))} -> 10000 | W167: {=INDIRECT(W$67&"!"&W$65&ROW(W131))} -> 10000 | Y167: =IF(I167=0,Q167,0) -> 0 | Z167: =IF(J167=0,R167,0) -> 0 | AA167: =IF(K167=0,S167,0) -> 0

Sheet m4ri_RW_all
A1: runMode: serial
A2: maxCount: 10000
A3: repeat: 1
A4: dataset: bivariate_bicycle
A5: datafile:
A6: method: dist_m4ri_RW
A7: ignoreTrivialCodes: 1
A8: resume: 0
A9: nMin: 1
A10: nMax: 100000
A11: iterCount: 50000
A12: maxTime: 28800
... A30: #########################################
A31: name | B31: n | C31: k | D31: d | E31: delta d | F31: Time | G31: R | H31: T | I31: Progress
A32: [[72,12,6]] | B32: 72 | C32: 12 | D32: 6 | E32: 0 | F32: 0.5121673261746764 | G32: 1 | H32: 1 | I32: # step=0 row=0 minW=73 found cw of W=14: [1 2 3 11 19 20 22 27 37 43 47 56 62 68]\n# step=0 row=2 minW=14 found cw of W=8: [5 14 15 22 45 60 62 71]\n# step=0 row=22 minW=8 found cw of W=6: [38 47 56 62 68 71]\n# round=1000 of 50000 minW=6\n# round=2000 of 50000 minW=6\n# round=3000 of 50000 minW=6\n# round=4000 of 50000 minW=6\n# round=5000 of 50000 minW=6\n# round=6000 of 50000 minW=6\n# round=7000 of 50000 minW=6\n# round=8000 of 50000 minW=6\n# round=9000 of 50000 minW=6\n# round=10000 of 50000 minW=6\n# round=11000 of 50000 minW=6\n# round=12000 of 50000 minW=6\n# round=13000 of 50000 minW=6\n# round=14000 of 50000 minW=6\n# round=15000 of 50000 minW=6\n# round=16000 of 50000 minW=6\n# round=17000 of 50000 minW=6\n# round=18000 of 50000 minW=6\n# round=19000 of 50000 minW=6\n# round=20000 of 50000 minW=6\n# round=21000 of 50000 minW=6\n# round=22000 of 50000 minW=6\n# round=23000 of 50000 minW=6\n# round=24000 of 50000 minW=6\n# round=25000 of 50000 minW=6\n# round=26000 of 50000 minW=6\n# round=27000 of 50000 minW=6\n# round=28000 of 50000 minW=6\n# round=29000 of 50000 minW=6\n# round=30000 of 50000 minW=6\n# round=31000 of 50000 minW=6\n# round=32000 of 50000 minW=6\n# round=33000 of 50000 minW=6\n# round=34000 of 50000 minW=6\n# round=35000 of 50000 minW=6\n# round=36000 of 50000 minW=6\n# round=37000 of 50000 minW=6\n# round=38000 of 50000 minW=6\n# round=39000 of 50000 minW=6\n# round=40000 of 50000 minW=6\n# round=41000 of 50000 minW=6\n# round=42000 of 50000 minW=6\n# round=43000 of 50000 minW=6\n# round=44000 of 50000 minW=6\n# round=45000 of 50000 minW=6\n# round=46000 of 50000 minW=6\n# round=47000 of 50000 minW=6\n# round=48000 of 50000 minW=6\n# round=49000 of 50000 minW=6\n# round=50000 of 50000 minW=6\nRW algorithm upper bound for the distance d=6\n
A33: [[90,8,10]] | B33: 90 | C33: 8 | D33: 10 | E33: 0 | F33: 0.89620366 | G33: 1 | H33: 1 | I33: # step=0 row=0 minW=91 found cw of W=20: [1 5 8 9 17 34 39 40 47 53 54 55 57 58 61 63 68 78 83 85]\n# step=0 row=2 minW=20 found cw of W=16: [3 7 9 19 32 40 46 47 48 54 55 58 70 71 76 85]\n# step=0 row=7 minW=16 found cw of W=14: [7 8 12 13 34 53 56 65 68 71 76 81 83 89]\n# step=0 row=10 minW=14 found cw of W=12: [5 7 16 33 48 53 54 55 63 68 76 78]\n# step=0 row=47 minW=12 found cw of W=10: [9 32 33 34 47 53 57 71 78 86]\n# round=1000 of 50000 minW=10\n# round=2000 of 50000 minW=10\n# round=3000 of 50000 minW=10\n# round=4000 of 50000 minW=10\n# round=5000 of 50000 minW=10\n# round=6000 of 50000 minW=10\n# round=7000 of 50000 minW=10\n# round=8000 of 50000 minW=10\n# round=9000 of 50000 minW=10\n# round=10000 of 50000 minW=10\n# round=11000 of 50000 minW=10\n# round=12000 of 50000 minW=10\n# round=13000 of 50000 minW=10\n# round=14000 of 50000 minW=10\n# round=15000 of 50000 minW=10\n# round=16000 of 50000 minW=10\n# round=17000 of 50000 minW=10\n# round=18000 of 50000 minW=10\n# round=19000 of 50000 minW=10\n# round=20000 of 50000 minW=10\n# round=21000 of 50000 minW=10\n# round=22000 of 50000 minW=10\n# round=23000 of 50000 minW=10\n# round=24000 of 50000 minW=10\n# round=25000 of 50000 minW=10\n# round=26000 of 50000 minW=10\n# round=27000 of 50000 minW=10\n# round=28000 of 50000 minW=10\n# round=29000 of 50000 minW=10\n# round=30000 of 50000 minW=10\n# round=31000 of 50000 minW=10\n# round=32000 of 50000 minW=10\n# round=33000 of 50000 minW=10\n# round=34000 of 50000 minW=10\n# round=35000 of 50000 minW=10\n# round=36000 of 50000 minW=10\n# round=37000 of 50000 minW=10\n# round=38000 of 50000 minW=10\n# round=39000 of 50000 minW=10\n# round=40000 of 50000 minW=10\n# round=41000 of 50000 minW=10\n# round=42000 of 50000 minW=10\n# round=43000 of 50000 minW=10\n# round=44000 of 50000 minW=10\n# round=45000 of 50000 minW=10\n# round=46000 of 50000 minW=10\n# round=47000 of 50000 minW=10\n# round=48000 of 50000 minW=10\n# round=49000 of 50000 minW=10\n# round=50000 of 50000 minW=10\nRW algorithm upper bound for the distance d=10\n
A34: [[108,8,10]] | B34: 108 | C34: 8 | D34: 10 | E34: 0 | F34: 1.1873942716047168 | G34: 1 | H34: 1 | I34: # step=0 row=0 minW=109 found cw of W=22: [1 2 14 16 18 19 26 30 31 33 39 50 51 54 65 78 80 82 83 86 88 90]\n# step=0 row=2 minW=22 found cw of W=12: [4 16 17 19 20 21 25 41 54 67 80 96]\n# step=0 row=45 minW=12 found cw of W=10: [17 18 26 33 48 50 59 68 91 106]\n# round=1000 of 50000 minW=10\n# round=2000 of 50000 minW=10\n# round=3000 of 50000 minW=10\n# round=4000 of 50000 minW=10\n# round=5000 of 50000 minW=10\n# round=6000 of 50000 minW=10\n# round=7000 of 50000 minW=10\n# round=8000 of 50000 minW=10\n# round=9000 of 50000 minW=10\n# round=10000 of 50000 minW=10\n# round=11000 of 50000 minW=10\n# round=12000 of 50000 minW=10\n# round=13000 of 50000 minW=10\n# round=14000 of 50000 minW=10\n# round=15000 of 50000 minW=10\n# round=16000 of 50000 minW=10\n# round=17000 of 50000 minW=10\n# round=18000 of 50000 minW=10\n# round=19000 of 50000 minW=10\n# round=20000 of 50000 minW=10\n# round=21000 of 50000 minW=10\n# round=22000 of 50000 minW=10\n# round=23000 of 50000 minW=10\n# round=24000 of 50000 minW=10\n# round=25000 of 50000 minW=10\n# round=26000 of 50000 minW=10\n# round=27000 of 50000 minW=10\n# round=28000 of 50000 minW=10\n# round=29000 of 50000 minW=10\n# round=30000 of 50000 minW=10\n# round=31000 of 50000 minW=10\n# round=32000 of 50000 minW=10\n# round=33000 of 50000 minW=10\n# round=34000 of 50000 minW=10\n# round=35000 of 50000 minW=10\n# round=36000 of 50000 minW=10\n# round=37000 of 50000 minW=10\n# round=38000 of 50000 minW=10\n# round=39000 of 50000 minW=10\n# round=40000 of 50000 minW=10\n# round=41000 of 50000 minW=10\n# round=42000 of 50000 minW=10\n# round=43000 of 50000 minW=10\n# round=44000 of 50000 minW=10\n# round=45000 of 50000 minW=10\n# round=46000 of 50000 minW=10\n# round=47000 of 50000 minW=10\n# round=48000 of 50000 minW=10\n# round=49000 of 50000 minW=10\n# round=50000 of 50000 minW=10\nRW algorithm upper bound for the distance d=10\n
A35: [[144,12,12]] | B35: 144 | C35: 12 | D35: 12 | E35: 0 | F35: 1.9778669895604253 | G35: 1 | H35: 1 | I35: # step=0 row=0 minW=145 found cw of W=32: [1 5 10 16 22 27 29 30 39 51 53 58 60 64 65 67 78 89 90 92 98 107 109 110 111 113 115 125 135 136 139 140]\n# step=0 row=2 minW=32 found cw of W=28: [4 5 10 27 28 30 37 51 55 58 59 64 65 67 78 81 86 88 97 101 107 109 110 111 115 125 140 144]\n# step=0 row=7 minW=28 found cw of W=24: [5 10 11 30 52 55 58 64 65 77 81 86 88 97 101 103 107 109 110 115 125 135 140 144]\n# step=0 row=9 minW=24 found cw of W=12: [14 22 28 29 30 80 86 88 92 96 98 101]\n# round=1000 of 50000 minW=12\n# round=2000 of 50000 minW=12\n# round=3000 of 50000 minW=12\n# round=4000 of 50000 minW=12\n# round=5000 of 50000 minW=12\n# round=6000 of 50000 minW=12\n# round=7000 of 50000 minW=12\n# round=8000 of 50000 minW=12\n# round=9000 of 50000 minW=12\n# round=10000 of 50000 minW=12\n# round=11000 of 50000 minW=12\n# round=12000 of 50000 minW=12\n# round=13000 of 50000 minW=12\n# round=14000 of 50000 minW=12\n# round=15000 of 50000 minW=12\n# round=16000 of 50000 minW=12\n# round=17000 of 50000 minW=12\n# round=18000 of 50000 minW=12\n# round=19000 of 50000 minW=12\n# round=20000 of 50000 minW=12\n# round=21000 of 50000 minW=12\n# round=22000 of 50000 minW=12\n# round=23000 of 50000 minW=12\n# round=24000 of 50000 minW=12\n# round=25000 of 50000 minW=12\n# round=26000 of 50000 minW=12\n# round=27000 of 50000 minW=12\n# round=28000 of 50000 minW=12\n# round=29000 of 50000 minW=12\n# round=30000 of 50000 minW=12\n# round=31000 of 50000 minW=12\n# round=32000 of 50000 minW=12\n# round=33000 of 50000 minW=12\n# round=34000 of 50000 minW=12\n# round=35000 of 50000 minW=12\n# round=36000 of 50000 minW=12\n# round=37000 of 50000 minW=12\n# round=38000 of 50000 minW=12\n# round=39000 of 50000 minW=12\n# round=40000 of 50000 minW=12\n# round=41000 of 50000 minW=12\n# round=42000 of 50000 minW=12\n# round=43000 of 50000 minW=12\n# round=44000 of 50000 minW=12\n# round=45000 of 50000 minW=12\n# round=46000 of 50000 minW=12\n# round=47000 of 50000 minW=12\n# round=48000 of 50000 minW=12\n# round=49000 of 50000 minW=12\n# round=50000 of 50000 minW=12\nRW algorithm upper bound for the distance d=12\n
A36: [[288,12,18]] | B36: 288 | C36: 12 | D36: 18 | E36: 0 | F36: 8.368582014925778 | G36: 1 | H36: 1 | I36: # step=0 row=0 minW=289 found cw of W=38: [1 15 18 22 27 35 43 49 55 59 60 67 69 76 81 84 88 95 98 123 130 150 154 159 162 167 184 187 188 193 213 222 228 233 235 243 250 277]\n# step=0 row=61 minW=38 found cw of W=36: [15 18 27 35 43 49 55 59 60 67 69 76 81 84 88 95 98 123 130 133 150 154 159 184 187 188 193 213 222 228 233 235 243 250 265 277]\n# step=1 row=11 minW=36 found cw of W=34: [12 14 17 19 25 37 50 63 66 68 71 91 95 103 115 129 144 146 149 157 158 166 173 179 182 183 210 216 222 227 231 235 236 269]\n# step=1 row=29 minW=34 found cw of W=32: [5 12 21 41 48 50 54 55 57 66 88 100 116 119 122 129 134 136 137 141 150 168 186 209 218 227 268 269 277 282 285 288]\n# step=2 row=51 minW=32 found cw of W=24: [13 17 20 24 30 42 49 50 56 86 89 91 96 123 127 162 182 185 188 191 194 196 197 200]\n# step=100 row=44 minW=24 found cw of W=22: [4 45 46 74 75 79 80 94 106 123 126 145 149 226 245 246 248 257 266 272 280 284]\n# step=173 row=57 minW=22 found cw of W=18: [14 18 52 55 59 60 86 88 94 96 122 123 125 127 128 129 130 132]\n# round=1000 of 50000 minW=18\n# round=2000 of 50000 minW=18\n# round=3000 of 50000 minW=18\n# round=4000 of 50000 minW=18\n# round=5000 of 50000 minW=18\n# round=6000 of 50000 minW=18\n# round=7000 of 50000 minW=18\n# round=8000 of 50000 minW=18\n# round=9000 of 50000 minW=18\n# round=10000 of 50000 minW=18\n# round=11000 of 50000 minW=18\n# round=12000 of 50000 minW=18\n# round=13000 of 50000 minW=18\n# round=14000 of 50000 minW=18\n# round=15000 of 50000 minW=18\n# round=16000 of 50000 minW=18\n# round=17000 of 50000 minW=18\n# round=18000 of 50000 minW=18\n# round=19000 of 50000 minW=18\n# round=20000 of 50000 minW=18\n# round=21000 of 50000 minW=18\n# round=22000 of 50000 minW=18\n# round=23000 of 50000 minW=18\n# round=24000 of 50000 minW=18\n# round=25000 of 50000 minW=18\n# round=26000 of 50000 minW=18\n# round=27000 of 50000 minW=18\n# round=28000 of 50000 minW=18\n# round=29000 of 50000 minW=18\n# round=30000 of 50000 minW=18\n# round=31000 of 50000 minW=18\n# round=32000 of 50000 minW=18\n# round=33000 of 50000 minW=18\n# round=34000 of 50000 minW=18\n# round=35000 of 50000 minW=18\n# round=36000 of 50000 minW=18\n# round=37000 of 50000 minW=18\n# round=38000 of 50000 minW=18\n# round=39000 of 50000 minW=18\n# round=40000 of 50000 minW=18\n# round=41000 of 50000 minW=18\n# round=42000 of 50000 minW=18\n# round=43000 of 50000 minW=18\n# round=44000 of 50000 minW=18\n# round=45000 of 50000 minW=18\n# round=46000 of 50000 minW=18\n# round=47000 of 50000 minW=18\n# round=48000 of 50000 minW=18\n# round=49000 of 50000 minW=18\n# round=50000 of 50000 minW=18\nRW algorithm upper bound for the distance d=18\n
A37: [[360,12,24]] | B37: 360 | C37: 12 | D37: 24 | E37: 0 | F37: 12.563259687274694 | G37: 1 | H37: 1 | I37: # step=0 row=0 minW=361 found cw of W=74: [2 14 23 27 34 36 41 45 47 48 49 61 63 66 67 69 71 83 87 88 92 95 108 120 124 125 126 130 135 154 156 161 169 173 179 180 182 185 194 195 199 203 217 218 232 241 252 270 271 276 277 283 291 295 305 312 317 318 322 323 324 328 331 333 335 338 339 342 343 344 349 350 351 355]\n# step=0 row=2 minW=74 found cw of W=62: [1 3 4 7 8 9 10 13 14 23 36 45 51 61 87 88 95 104 114 120 135 154 156 169 173 176 182 183 188 191 194 199 210 231 242 258 268 269 270 271 275 276 277 286 291 302 303 305 312 322 323 324 329 330 331 333 343 344 345 350 351 356]\n# step=0 row=8 minW=62 found cw of W=56: [13 14 20 22 27 34 41 47 56 67 71 87 100 114 121 124 125 136 150 152 154 156 169 173 174 179 182 195 217 238 244 249 252 268 269 271 276 277 295 301 305 310 317 318 323 329 333 335 338 339 344 345 350 351 354 355]\n# step=0 row=16 minW=56 found cw of W=44: [1 3 14 22 27 35 36 41 47 48 49 56 95 121 136 154 174 179 183 191 195 203 210 217 238 244 276 277 304 312 317 318 323 331 333 335 339 344 345 349 350 351 355 356]\n# step=1 row=53 minW=44 found cw of W=40: [22 43 59 63 69 92 94 108 111 112 113 119 134 141 145 146 147 150 160 163 167 168 171 172 173 174 188 197 204 215 217 218 263 270 289 296 315 341 345 350]\n# step=1 row=64 minW=40 found cw of W=34: [12 14 46 47 71 72 75 76 83 108 110 134 135 136 137 166 167 168 202 204 206 225 227 229 233 262 263 292 319 323 346 347 349 352]\n# step=5 row=88 minW=34 found cw of W=32: [2 7 9 16 25 32 85 101 144 153 154 155 160 186 197 218 245 251 283 310 311 318 320 332 337 338 339 342 345 347 353 359]\n# step=10 row=77 minW=32 found cw of W=30: [41 46 51 57 58 94 126 137 141 142 152 168 179 201 207 222 227 232 233 238 243 248 253 280 286 291 322 333 334 360]\n# step=10 row=143 minW=30 found cw of W=28: [5 41 46 51 57 58 94 126 137 141 142 168 201 207 222 227 232 233 238 243 248 253 280 281 286 291 322 360]\n# step=116 row=153 minW=28 found cw of W=26: [35 38 57 87 88 89 90 91 139 145 157 177 192 199 205 212 226 245 247 253 273 300 320 326 339 358]\n# round=1000 of 50000 minW=26\n# step=1152 row=169 minW=26 found cw of W=24: [13 35 36 56 83 84 87 104 109 114 146 157 185 194 221 227 233 242 264 268 295 327 354 360]\n# round=2000 of 50000 minW=24\n# round=3000 of 50000 minW=24\n# round=4000 of 50000 minW=24\n# round=5000 of 50000 minW=24\n# round=6000 of 50000 minW=24\n# round=7000 of 50000 minW=24\n# round=8000 of 50000 minW=24\n# round=9000 of 50000 minW=24\n# round=10000 of 50000 minW=24\n# round=11000 of 50000 minW=24\n# round=12000 of 50000 minW=24\n# round=13000 of 50000 minW=24\n# round=14000 of 50000 minW=24\n# round=15000 of 50000 minW=24\n# round=16000 of 50000 minW=24\n# round=17000 of 50000 minW=24\n# round=18000 of 50000 minW=24\n# round=19000 of 50000 minW=24\n# round=20000 of 50000 minW=24\n# round=21000 of 50000 minW=24\n# round=22000 of 50000 minW=24\n# round=23000 of 50000 minW=24\n# round=24000 of 50000 minW=24\n# round=25000 of 50000 minW=24\n# round=26000 of 50000 minW=24\n# round=27000 of 50000 minW=24\n# round=28000 of 50000 minW=24\n# round=29000 of 50000 minW=24\n# round=30000 of 50000 minW=24\n# round=31000 of 50000 minW=24\n# round=32000 of 50000 minW=24\n# round=33000 of 50000 minW=24\n# round=34000 of 50000 minW=24\n# round=35000 of 50000 minW=24\n# round=36000 of 50000 minW=24\n# round=37000 of 50000 minW=24\n# round=38000 of 50000 minW=24\n# round=39000 of 50000 minW=24\n# round=40000 of 50000 minW=24\n# round=41000 of 50000 minW=24\n# round=42000 of 50000 minW=24\n# round=43000 of 50000 minW=24\n# round=44000 of 50000 minW=24\n# round=45000 of 50000 minW=24\n# round=46000 of 50000 minW=24\n# round=47000 of 50000 minW=24\n# round=48000 of 50000 minW=24\n# round=49000 of 50000 minW=24\n# round=50000 of 50000 minW=24\nRW algorithm upper bound for the distance d=24\n
A38: [[756,16,34]] | B38: 756 | C38: 16 | D38: 40 | E38: 6 | F38: 58.45441651623696 | G38: 1 | H38: 1 | I38: # step=0 row=0 minW=757 found cw of W=138: [1 2 9 12 16 25 27 29 30 32 41 45 48 52 60 62 67 69 70 83 88 112 116 126 129 133 139 140 153 171 180 191 198 208 222 231 233 234 237 239 240 277 284 289 292 294 297 300 301 305 312 316 319 324 332 337 341 346 347 352 354 355 367 368 380 381 387 390 394 396 399 401 403 405 412 422 428 429 431 436 437 440 441 445 458 461 462 463 467 468 484 486 489 492 502 505 519 526 527 530 533 545 553 557 561 566 568 574 592 594 600 604 606 616 617 618 624 628 635 647 648 651 658 666 675 678 680 682 708 714 719 723 725 727 731 739 748 749]\n# step=0 row=3 minW=138 found cw of W=130: [2 5 9 15 16 18 25 27 30 32 35 36 39 41 46 48 52 53 62 67 69 75 79 80 88 93 94 112 115 116 135 136 142 145 148 155 167 179 191 198 199 200 203 207 214 222 239 251 255 264 270 277 283 284 291 294 300 301 319 324 327 328 332 338 341 346 355 358 360 373 380 381 390 394 399 400 401 403 404 405 412 414 417 426 431 433 437 458 461 463 465 467 485 502 508 515 519 549 552 553 556 602 607 609 612 617 620 624 629 632 646 648 651 656 658 685 686 688 705 710 714 718 723 727 731 739 748 751 753 755]\n# step=0 row=35 minW=130 found cw of W=126: [12 15 17 26 45 46 53 61 62 67 70 75 76 87 88 93 112 122 126 132 136 139 166 173 179 180 191 198 205 222 223 224 231 234 239 245 260 267 270 283 285 289 300 305 307 310 315 319 327 332 337 340 343 355 362 367 372 373 390 399 400 404 405 410 414 422 429 430 431 434 440 450 465 466 467 468 475 485 489 492 499 500 502 503 508 512 519 526 530 533 534 540 545 549 568 590 592 599 600 602 612 616 630 635 641 648 651 653 655 657 658 662 666 672 680 682 688 704 710 711 716 718 725 727 751 756]\n# step=0 row=67 minW=126 found cw of W=118: [2 9 12 16 25 26 27 29 30 36 41 46 47 48 52 60 61 69 80 83 85 88 91 112 129 133 135 137 139 140 144 153 179 180 191 198 208 215 223 251 270 285 290 291 300 310 319 321 332 346 350 352 355 360 380 400 401 403 410 414 430 431 434 437 440 445 461 462 463 466 467 468 485 486 489 502 505 512 522 527 530 534 545 553 568 570 571 583 592 594 602 612 619 620 629 632 635 637 648 651 656 658 660 682 685 686 688 705 719 723 725 727 728 746 748 753 754 755]\n# step=0 row=68 minW=118 found cw of W=112: [15 25 29 38 47 70 80 83 85 89 91 93 112 126 132 135 138 142 148 151 153 155 162 173 179 182 203 208 213 214 223 224 237 239 244 270 283 285 290 292 294 301 305 307 308 310 321 324 347 352 354 359 362 367 373 387 394 400 409 426 428 429 436 437 450 458 461 462 466 467 475 480 484 492 505 515 519 522 526 527 533 545 556 570 574 592 594 602 606 609 612 616 619 647 651 655 656 657 658 660 682 686 688 704 716 731 738 739 751 753 754 755]\n# step=0 row=98 minW=112 found cw of W=108: [15 25 29 38 47 70 80 83 85 91 93 112 126 132 133 135 142 148 151 153 155 162 173 195 203 208 213 214 224 237 239 270 283 290 292 294 301 305 307 308 310 321 324 347 352 354 359 362 367 373 387 394 400 409 426 428 429 436 437 450 458 461 462 466 475 480 484 492 505 515 519 526 527 533 545 556 566 570 574 592 594 602 606 609 612 616 617 619 628 647 651 655 656 657 658 660 682 686 688 704 716 731 738 739 751 753 754 755]\n# step=0 row=194 minW=108 found cw of W=88: [25 26 38 46 67 70 75 112 116 126 130 142 149 151 162 167 179 199 213 215 220 222 223 251 277 283 284 285 287 300 310 327 328 338 341 355 359 367 381 383 390 396 399 400 404 409 410 429 430 437 473 480 492 499 503 515 519 549 556 557 568 575 606 607 609 612 617 624 629 632 635 637 647 648 653 655 660 686 688 704 710 714 718 725 727 738 753 755]\n# step=0 row=308 minW=88 found cw of W=74: [12 15 18 25 46 61 80 83 132 135 145 167 173 198 200 207 220 222 251 255 283 287 308 310 319 338 341 359 368 426 430 433 434 440 445 461 475 486 489 500 505 530 545 549 556 568 575 590 605 606 607 612 613 617 624 629 635 646 647 653 654 656 658 660 662 678 686 695 711 714 725 727 736 753]\n# step=16 row=180 minW=74 found cw of W=66: [24 31 80 121 129 137 161 170 187 192 197 200 205 211 216 225 240 247 258 262 263 269 277 297 298 322 329 336 348 352 359 370 377 384 408 425 449 450 453 458 513 540 554 559 565 569 575 578 610 619 620 624 626 627 631 636 641 647 649 658 690 695 709 721 737 738]\n# step=26 row=97 minW=66 found cw of W=62: [3 14 24 49 69 70 84 113 114 127 139 168 175 194 199 202 212 224 229 237 254 298 302 319 337 360 386 397 413 421 435 448 457 462 470 471 476 482 487 497 505 531 537 546 552 566 567 586 587 590 597 602 607 621 634 645 662 692 701 715 731 750]\n# step=131 row=175 minW=62 found cw of W=58: [5 11 19 31 47 52 54 86 98 102 135 142 146 153 157 160 210 230 259 270 285 300 307 308 328 340 360 368 370 389 395 423 429 430 433 459 472 474 478 500 527 539 562 582 594 608 617 631 632 637 648 657 672 678 697 733 740 741]\n# round=1000 of 50000 minW=58\n# step=1577 row=307 minW=58 found cw of W=52: [36 47 137 141 151 158 175 177 178 202 206 218 219 222 230 233 257 261 264 267 268 273 280 284 321 339 347 383 394 402 409 437 443 450 466 469 473 480 484 504 519 527 555 568 596 599 604 609 610 653 725 754]\n# step=1577 row=333 minW=52 found cw of W=50: [36 47 137 141 151 158 175 178 202 206 218 219 222 230 233 257 261 264 268 273 275 280 284 316 321 339 347 383 394 402 409 437 443 450 466 469 473 480 484 504 519 527 568 596 609 653 659 666 725 754]\n# round=2000 of 50000 minW=50\n# round=3000 of 50000 minW=50\n# step=3781 row=231 minW=50 found cw of W=48: [100 155 161 162 167 189 198 200 205 208 216 235 242 272 283 339 362 373 388 442 451 491 518 532 539 541 545 558 576 578 584 586 600 612 625 640 641 649 650 666 676 682 689 702 712 725 730 739]\n# round=4000 of 50000 minW=48\n# round=5000 of 50000 minW=48\n# round=6000 of 50000 minW=48\n# round=7000 of 50000 minW=48\n# round=8000 of 50000 minW=48\n# round=9000 of 50000 minW=48\n# round=10000 of 50000 minW=48\n# round=11000 of 50000 minW=48\n# round=12000 of 50000 minW=48\n# round=13000 of 50000 minW=48\n# round=14000 of 50000 minW=48\n# round=15000 of 50000 minW=48\n# step=15126 row=126 minW=48 found cw of W=44: [7 14 18 29 55 66 73 117 121 153 165 172 176 179 202 231 236 275 286 292 303 337 341 346 352 359 382 393 413 416 423 503 531 552 586 614 621 669 704 711 724 730 732 737]\n# round=16000 of 50000 minW=44\n# round=17000 of 50000 minW=44\n# step=17865 row=311 minW=44 found cw of W=40: [8 22 25 29 36 185 240 246 247 252 289 290 297 302 325 336 344 359 399 465 466 489 514 515 555 564 579 605 613 624 630 645 646 674 675 694 720 729 736 743]\n# round=18000 of 50000 minW=40\n# round=19000 of 50000 minW=40\n# round=20000 of 50000 minW=40\n# round=21000 of 50000 minW=40\n# round=22000 of 50000 minW=40\n# round=23000 of 50000 minW=40\n# round=24000 of 50000 minW=40\n# round=25000 of 50000 minW=40\n# round=26000 of 50000 minW=40\n# round=27000 of 50000 minW=40\n# round=28000 of 50000 minW=40\n# round=29000 of 50000 minW=40\n# round=30000 of 50000 minW=40\n# round=31000 of 50000 minW=40\n# round=32000 of 50000 minW=40\n# round=33000 of 50000 minW=40\n# round=34000 of 50000 minW=40\n# round=35000 of 50000 minW=40\n# round=36000 of 50000 minW=40\n# round=37000 of 50000 minW=40\n# round=38000 of 50000 minW=40\n# round=39000 of 50000 minW=40\n# round=40000 of 50000 minW=40\n# round=41000 of 50000 minW=40\n# round=42000 of 50000 minW=40\n# round=43000 of 50000 minW=40\n# round=44000 of 50000 minW=40\n# round=45000 of 50000 minW=40\n# round=46000 of 50000 minW=40\n# round=47000 of 50000 minW=40\n# round=48000 of 50000 minW=40\n# round=49000 of 50000 minW=40\n# round=50000 of 50000 minW=40\nRW algorithm upper bound for the distance d=40\n
A39: [[216,8,10]] | B39: 216 | C39: 8 | D39: 10 | E39: 0 | F39: 3.2927756188437343 | G39: 1 | H39: 1 | I39: # step=0 row=1 minW=217 found cw of W=24: [2 4 6 8 14 16 24 36 46 54 56 70 86 94 100 112 116 130 136 150 154 172 176 206]\n# step=0 row=3 minW=24 found cw of W=22: [9 17 27 33 41 51 55 59 63 71 73 83 85 93 101 111 117 165 179 187 197 203]\n# step=0 row=6 minW=22 found cw of W=20: [6 12 14 24 26 50 78 86 100 126 130 134 136 168 172 176 182 188 210 212]\n# step=0 row=7 minW=20 found cw of W=16: [13 15 19 27 33 55 63 73 83 85 87 117 119 155 187 197]\n# step=0 row=37 minW=16 found cw of W=14: [6 26 36 64 72 78 84 86 134 168 170 182 198 206]\n# step=0 row=38 minW=14 found cw of W=10: [16 20 66 80 88 112 114 134 150 186]\n# round=1000 of 50000 minW=10\n# round=2000 of 50000 minW=10\n# round=3000 of 50000 minW=10\n# round=4000 of 50000 minW=10\n# round=5000 of 50000 minW=10\n# round=6000 of 50000 minW=10\n# round=7000 of 50000 minW=10\n# round=8000 of 50000 minW=10\n# round=9000 of 50000 minW=10\n# round=10000 of 50000 minW=10\n# round=11000 of 50000 minW=10\n# round=12000 of 50000 minW=10\n# round=13000 of 50000 minW=10\n# round=14000 of 50000 minW=10\n# round=15000 of 50000 minW=10\n# round=16000 of 50000 minW=10\n# round=17000 of 50000 minW=10\n# round=18000 of 50000 minW=10\n# round=19000 of 50000 minW=10\n# round=20000 of 50000 minW=10\n# round=21000 of 50000 minW=10\n# round=22000 of 50000 minW=10\n# round=23000 of 50000 minW=10\n# round=24000 of 50000 minW=10\n# round=25000 of 50000 minW=10\n# round=26000 of 50000 minW=10\n# round=27000 of 50000 minW=10\n# round=28000 of 50000 minW=10\n# round=29000 of 50000 minW=10\n# round=30000 of 50000 minW=10\n# round=31000 of 50000 minW=10\n# round=32000 of 50000 minW=10\n# round=33000 of 50000 minW=10\n# round=34000 of 50000 minW=10\n# round=35000 of 50000 minW=10\n# round=36000 of 50000 minW=10\n# round=37000 of 50000 minW=10\n# round=38000 of 50000 minW=10\n# round=39000 of 50000 minW=10\n# round=40000 of 50000 minW=10\n# round=41000 of 50000 minW=10\n# round=42000 of 50000 minW=10\n# round=43000 of 50000 minW=10\n# round=44000 of 50000 minW=10\n# round=45000 of 50000 minW=10\n# round=46000 of 50000 minW=10\n# round=47000 of 50000 minW=10\n# round=48000 of 50000 minW=10\n# round=49000 of 50000 minW=10\n# round=50000 of 50000 minW=10\nRW algorithm upper bound for the distance d=10\n
A40: [[576,8,24]] | B40: 576 | C40: 8 | D40: 24 | E40: 0 | F40: 31.007136520929635 | G40: 1 | H40: 1 | I40: # step=0 row=0 minW=577 found cw of W=122: [1 8 10 19 23 24 36 57 59 60 67 74 81 83 87 100 102 108 113 116 117 119 120 122 123 124 137 140 141 153 158 159 162 164 171 172 176 177 180 181 183 184 194 196 197 200 208 232 237 252 253 255 258 261 262 274 281 287 291 292 299 300 302 309 310 312 327 338 339 348 350 351 353 357 370 375 378 380 386 391 393 395 396 397 398 421 437 439 441 449 450 453 461 462 463 465 472 473 474 483 487 489 495 513 521 524 527 528 529 535 539 542 548 552 554 559 560 564 570 571 573 574]\n# step=0 row=1 minW=122 found cw of W=100: [2 3 4 7 8 10 18 19 23 40 50 57 62 67 78 81 87 91 97 101 102 113 116 122 124 137 138 140 141 153 155 158 164 171 172 176 177 179 181 196 197 199 200 253 255 258 261 272 274 281 287 289 291 293 300 310 327 331 333 338 353 356 357 359 375 391 393 396 397 398 399 400 404 414 420 421 424 449 472 473 483 487 488 500 504 508 513 524 527 542 548 552 553 554 559 560 564 570 571 574]\n# step=0 row=4 minW=100 found cw of W=86: [10 11 13 17 19 24 32 55 59 60 83 87 101 102 121 123 124 138 142 153 171 172 177 181 185 194 196 198 200 208 215 223 232 252 274 284 291 292 298 299 310 333 348 350 353 358 363 370 375 378 380 387 392 393 398 415 421 424 426 434 441 447 462 463 465 471 481 489 490 495 497 505 513 514 521 524 526 529 539 541 547 548 551 564 573 574]\n# step=0 row=5 minW=86 found cw of W=62: [3 7 8 12 13 17 19 23 32 36 50 57 71 74 87 91 97 100 101 121 124 145 148 172 194 199 202 218 230 259 284 298 300 310 327 331 338 344 356 360 361 391 397 402 415 421 447 449 471 473 487 500 504 511 513 521 537 540 550 551 561 571]\n# step=4 row=117 minW=62 found cw of W=40: [24 38 62 64 68 70 102 104 132 136 145 164 166 168 169 177 206 242 247 251 258 307 311 348 351 357 376 385 393 406 430 464 468 482 491 500 506 524 534 545]\n# step=5 row=74 minW=40 found cw of W=30: [7 54 64 68 72 102 106 150 154 166 180 204 244 252 294 298 341 353 387 389 420 490 502 514 526 535 536 538 560 562]\n# step=89 row=253 minW=30 found cw of W=28: [45 58 77 87 91 105 171 175 189 207 235 244 273 287 295 319 343 349 377 382 401 410 447 458 507 516 535 559]\n# step=191 row=120 minW=28 found cw of W=24: [18 54 70 156 160 164 168 242 244 248 252 256 258 260 264 295 309 349 434 444 458 468 498 522]\n# round=1000 of 50000 minW=24\n# round=2000 of 50000 minW=24\n# round=3000 of 50000 minW=24\n# round=4000 of 50000 minW=24\n# round=5000 of 50000 minW=24\n# round=6000 of 50000 minW=24\n# round=7000 of 50000 minW=24\n# round=8000 of 50000 minW=24\n# round=9000 of 50000 minW=24\n# round=10000 of 50000 minW=24\n# round=11000 of 50000 minW=24\n# round=12000 of 50000 minW=24\n# round=13000 of 50000 minW=24\n# round=14000 of 50000 minW=24\n# round=15000 of 50000 minW=24\n# round=16000 of 50000 minW=24\n# round=17000 of 50000 minW=24\n# round=18000 of 50000 minW=24\n# round=19000 of 50000 minW=24\n# round=20000 of 50000 minW=24\n# round=21000 of 50000 minW=24\n# round=22000 of 50000 minW=24\n# round=23000 of 50000 minW=24\n# round=24000 of 50000 minW=24\n# round=25000 of 50000 minW=24\n# round=26000 of 50000 minW=24\n# round=27000 of 50000 minW=24\n# round=28000 of 50000 minW=24\n# round=29000 of 50000 minW=24\n# round=30000 of 50000 minW=24\n# round=31000 of 50000 minW=24\n# round=32000 of 50000 minW=24\n# round=33000 of 50000 minW=24\n# round=34000 of 50000 minW=24\n# round=35000 of 50000 minW=24\n# round=36000 of 50000 minW=24\n# round=37000 of 50000 minW=24\n# round=38000 of 50000 minW=24\n# round=39000 of 50000 minW=24\n# round=40000 of 50000 minW=24\n# round=41000 of 50000 minW=24\n# round=42000 of 50000 minW=24\n# round=43000 of 50000 minW=24\n# round=44000 of 50000 minW=24\n# round=45000 of 50000 minW=24\n# round=46000 of 50000 minW=24\n# round=47000 of 50000 minW=24\n# round=48000 of 50000 minW=24\n# round=49000 of 50000 minW=24\n# round=50000 of 50000 minW=24\nRW algorithm upper bound for the distance d=24\n
A41: [[864,4,40]] | B41: 864 | C41: 4 | D41: 54 | E41: 14 | F41: 72.219162 | G41: 1 | H41: 1 | I41: # step=0 row=0 minW=865 found cw of W=200: [1 2 3 4 6 23 25 33 38 55 62 64 78 84 85 87 88 93 94 112 117 118 119 121 125 127 135 139 140 145 154 157 162 165 170 174 185 188 192 194 196 200 204 206 208 209 214 216 218 225 232 235 246 250 263 264 265 266 270 273 275 279 280 285 288 292 293 296 303 306 320 327 331 333 335 338 340 342 343 353 355 359 363 375 377 379 381 383 384 393 394 401 403 405 407 411 415 419 429 433 434 440 443 445 446 458 466 472 473 486 494 500 504 508 509 516 519 527 531 532 535 540 541 545 547 551 565 571 577 584 587 594 610 611 616 619 620 621 623 628 633 634 637 648 651 652 655 663 664 676 681 688 694 695 698 701 703 709 710 715 722 726 734 737 738 739 744 745 746 758 759 763 765 767 769 774 778 781 783 784 785 787 790 796 797 803 813 817 819 822 825 829 838 839 844 845 848 852 856 860]\n# step=0 row=2 minW=200 found cw of W=170: [1 3 7 13 19 33 36 37 55 64 70 72 77 79 84 88 93 112 118 126 135 136 140 145 150 154 162 170 174 175 177 184 192 194 196 203 204 206 208 209 212 214 218 225 234 237 238 246 250 255 263 265 270 280 285 296 297 302 303 304 306 313 325 329 331 333 335 338 349 358 359 363 365 375 376 377 379 381 383 391 401 403 404 411 413 417 419 429 434 436 440 453 456 461 463 466 477 480 482 491 494 501 516 518 519 527 530 532 534 536 540 541 547 550 551 562 574 576 577 581 585 586 587 589 594 612 619 622 623 637 651 652 663 664 683 684 692 694 698 703 709 715 722 723 734 737 739 744 753 763 765 767 769 778 784 787 790 802 803 813 814 822 825 826 829 839 841 844 852 862]\n# step=0 row=5 minW=170 found cw of W=160: [10 12 23 25 28 36 55 62 64 69 85 87 93 94 102 107 109 112 117 118 119 126 128 134 135 136 140 157 159 162 165 170 184 188 196 200 203 204 206 214 215 225 229 238 245 246 250 255 264 265 280 293 296 301 309 318 327 334 340 349 353 355 359 376 379 380 383 386 388 391 395 410 415 434 436 448 455 461 463 472 477 482 500 501 504 508 516 526 527 531 534 540 541 545 547 577 586 588 597 606 607 610 611 619 621 623 626 628 634 637 648 651 664 665 668 676 689 693 695 698 700 701 703 710 712 713 715 721 722 726 728 729 735 736 744 745 746 753 763 767 769 778 781 782 783 791 796 797 800 802 803 805 813 817 819 841 842 843 852 862]\n# step=0 row=21 minW=160 found cw of W=156: [11 13 28 37 38 40 46 55 62 64 72 77 81 84 94 109 112 115 117 118 121 125 127 128 135 139 140 147 150 154 157 169 170 175 177 191 192 194 208 209 212 216 229 235 237 238 245 246 249 256 261 264 273 274 275 302 304 309 311 313 318 325 327 329 334 337 342 343 358 363 374 375 377 379 381 384 386 388 394 395 410 411 415 417 433 445 455 472 480 491 500 501 508 513 525 526 527 532 535 540 545 547 562 564 571 581 587 589 595 597 600 606 610 620 622 623 637 651 657 663 664 668 681 686 689 692 693 694 698 709 710 712 713 722 726 729 734 735 758 760 763 768 791 797 800 805 809 811 820 826 838 841 842 848 856 860]\n# step=0 row=43 minW=156 found cw of W=148: [3 10 19 23 25 33 55 64 72 73 94 112 117 121 128 131 135 136 139 150 157 159 162 169 170 172 175 177 184 188 191 192 194 196 200 212 214 225 237 245 246 248 250 255 264 266 268 270 288 293 303 306 313 320 325 327 332 334 342 359 363 365 374 379 384 386 388 395 404 410 413 417 429 433 440 443 445 458 472 480 494 500 508 513 516 518 527 536 543 547 549 574 576 585 587 589 594 607 612 621 622 626 628 634 648 651 652 655 657 664 665 683 686 692 693 694 698 700 701 703 710 715 722 723 729 734 735 736 739 744 763 765 769 770 778 784 800 805 806 820 822 825 829 839 841 843 855 856]\n# step=0 row=187 minW=148 found cw of W=144: [11 37 61 64 69 81 84 107 109 110 112 118 119 124 126 134 136 137 139 145 150 154 170 177 191 206 208 218 229 232 234 235 237 238 239 245 246 255 263 264 265 266 285 288 301 304 313 324 340 342 349 364 374 375 377 379 386 389 395 397 401 403 404 409 410 413 415 417 429 440 443 446 456 458 461 466 473 487 507 509 513 516 518 527 530 532 545 547 549 550 551 564 565 576 578 585 587 588 589 590 594 600 616 620 621 628 637 651 652 655 665 681 688 695 700 701 709 724 728 735 736 737 745 746 759 760 763 765 785 791 796 799 805 810 817 820 829 831 832 838 839 842 852 856]\n# step=0 row=200 minW=144 found cw of W=140: [13 23 28 36 55 64 69 70 72 77 78 85 87 93 94 102 107 109 110 112 117 118 125 126 134 135 136 145 150 159 165 170 182 184 188 200 203 208 216 225 239 245 254 273 275 279 288 296 301 303 313 320 325 338 342 343 353 355 374 375 376 377 379 381 383 391 392 393 404 405 407 410 413 415 417 429 443 446 448 458 461 463 477 480 482 491 504 513 525 526 527 530 531 534 535 545 547 549 550 562 565 571 585 588 607 610 611 619 620 634 637 648 651 657 665 684 689 700 712 722 726 736 739 744 753 758 778 784 790 791 797 809 813 819 820 822 838 839 843 860]\n# step=1 row=31 minW=140 found cw of W=136: [11 15 17 21 23 38 44 46 56 58 69 70 80 81 83 90 103 106 124 133 137 144 147 148 158 168 170 181 184 190 192 202 205 216 223 230 234 247 250 264 271 284 289 298 299 301 305 309 321 345 366 368 370 373 382 385 386 387 388 389 390 391 395 396 401 403 405 410 414 420 426 431 434 435 436 447 477 481 487 494 499 505 507 516 518 523 528 530 535 538 568 571 584 591 594 604 606 607 614 622 627 634 637 638 640 648 652 683 685 688 693 700 703 708 721 722 731 733 745 757 759 781 783 785 787 793 807 815 821 824 828 842 843 856 858 862]\n# step=1 row=45 minW=136 found cw of W=134: [6 15 17 23 25 29 30 38 42 44 48 67 68 76 92 100 106 118 120 122 133 136 137 147 185 189 191 192 202 223 224 230 240 245 256 259 264 271 285 289 296 298 303 309 312 337 343 362 364 365 366 367 373 377 380 382 388 390 400 409 412 425 426 462 463 464 477 480 494 499 501 505 510 516 521 523 528 532 533 540 541 548 549 557 559 561 564 570 571 572 573 599 603 607 609 619 628 629 630 640 643 648 661 670 680 688 702 710 713 721 724 736 740 742 743 758 759 760 772 783 785 788 794 802 804 808 811 814 821 829 830 843 858 862]\n# step=1 row=213 minW=134 found cw of W=132: [1 5 15 21 25 27 29 44 46 67 68 74 85 106 108 118 124 129 133 137 144 148 158 168 170 178 181 184 186 191 194 202 216 232 234 235 240 242 245 285 288 289 298 309 312 337 347 366 373 385 387 394 395 401 412 415 420 434 435 436 453 464 465 477 480 481 487 494 501 507 513 516 518 520 528 535 538 541 548 549 552 558 564 568 570 572 573 584 604 606 609 614 627 629 638 652 655 659 674 680 683 685 688 697 700 701 708 710 719 724 725 736 757 759 760 772 781 785 789 793 794 796 802 815 821 825 830 842 843 849 861 862]\n# step=1 row=321 minW=132 found cw of W=104: [16 23 48 70 74 76 84 85 106 108 109 118 119 122 124 148 168 170 181 185 189 190 192 194 215 228 235 237 264 271 273 285 288 289 299 301 313 345 374 376 381 386 387 389 391 395 401 412 420 436 453 463 466 505 507 516 522 523 525 533 535 541 542 558 560 570 578 594 596 603 606 629 631 633 637 638 648 649 671 672 674 683 685 700 707 713 719 721 732 742 743 745 757 781 783 788 793 794 796 802 814 820 828 849]\n# step=23 row=310 minW=104 found cw of W=102: [8 10 11 22 25 26 28 30 54 68 95 98 106 116 120 136 143 156 166 168 172 190 193 197 199 205 209 221 226 235 241 257 261 263 265 273 278 310 312 319 321 329 335 337 374 382 383 385 386 400 418 421 422 433 435 444 457 468 473 478 480 481 505 507 508 509 516 517 529 540 552 580 598 600 623 624 634 647 653 655 669 674 675 683 688 706 707 722 726 741 777 779 782 797 810 812 820 828 829 831 846 864]\n# step=29 row=402 minW=102 found cw of W=92: [3 15 19 25 39 41 68 75 85 96 104 126 139 158 160 188 195 201 209 220 224 237 244 248 259 270 286 308 315 325 350 353 375 376 387 402 421 427 435 438 440 442 478 487 496 499 508 509 536 549 556 568 570 585 587 594 604 616 628 641 643 652 658 681 688 690 692 701 709 717 724 737 739 741 743 753 754 756 760 763 767 789 796 797 808 812 814 823 831 833 834 860]\n# step=495 row=88 minW=92 found cw of W=82: [14 16 33 42 55 58 69 71 98 100 102 104 113 142 147 156 158 165 176 187 214 218 236 245 249 250 251 265 267 273 285 307 314 327 358 359 361 390 410 416 446 448 466 501 516 531 535 550 561 577 590 602 610 611 613 626 642 657 659 661 662 666 700 704 713 717 731 734 742 756 768 771 775 792 802 826 831 841 849 860 862 863]\n# step=829 row=142 minW=82 found cw of W=80: [7 9 26 34 37 56 60 68 88 90 92 99 103 110 120 124 161 169 171 180 193 199 223 225 242 255 257 270 276 284 291 306 320 330 336 357 366 377 385 387 389 396 398 400 409 411 426 430 434 442 449 451 453 483 487 498 517 541 549 551 556 572 605 609 611 616 620 622 652 654 712 723 752 757 759 801 803 810 825 840]\n# round=1000 of 50000 minW=80\n# step=1106 row=98 minW=80 found cw of W=78: [23 25 27 30 49 50 52 85 90 118 125 128 153 166 174 189 190 191 194 197 210 217 218 220 225 233 235 245 247 252 258 283 288 290 293 329 331 392 400 419 420 436 442 462 496 507 532 533 535 547 568 578 581 583 602 607 639 642 645 654 671 673 683 691 693 706 714 750 761 762 766 775 797 807 810 821 833 838]\n# step=1711 row=32 minW=78 found cw of W=70: [6 8 23 38 40 45 49 55 61 72 81 91 98 100 115 117 119 153 155 156 164 166 209 213 222 243 245 247 249 254 256 263 288 299 301 312 318 331 356 378 380 382 384 421 423 435 491 495 497 499 501 527 542 544 551 559 610 615 636 649 658 670 674 694 722 732 769 816 820 831]\n# round=2000 of 50000 minW=70\n# round=3000 of 50000 minW=70\n# round=4000 of 50000 minW=70\n# round=5000 of 50000 minW=70\n# round=6000 of 50000 minW=70\n# round=7000 of 50000 minW=70\n# round=8000 of 50000 minW=70\n# round=9000 of 50000 minW=70\n# round=10000 of 50000 minW=70\n# round=11000 of 50000 minW=70\n# step=11743 row=52 minW=70 found cw of W=56: [10 61 76 87 89 91 93 95 106 136 140 145 149 151 164 176 178 215 226 247 249 256 273 275 288 303 305 313 343 352 363 365 367 382 384 397 414 429 431 433 454 484 544 565 578 593 623 625 657 661 670 698 777 779 794 796]\n# round=12000 of 50000 minW=56\n# round=13000 of 50000 minW=56\n# round=14000 of 50000 minW=56\n# round=15000 of 50000 minW=56\n# round=16000 of 50000 minW=56\n# round=17000 of 50000 minW=56\n# round=18000 of 50000 minW=56\n# round=19000 of 50000 minW=56\n# round=20000 of 50000 minW=56\n# round=21000 of 50000 minW=56\n# round=22000 of 50000 minW=56\n# round=23000 of 50000 minW=56\n# round=24000 of 50000 minW=56\n# round=25000 of 50000 minW=56\n# round=26000 of 50000 minW=56\n# step=26667 row=138 minW=56 found cw of W=54: [1 11 46 63 65 67 69 71 76 121 123 125 127 140 155 217 228 232 238 249 251 279 281 283 292 309 339 343 358 369 371 373 377 407 418 460 462 464 490 520 528 530 554 599 601 629 646 674 695 721 736 753 841 862]\n# round=27000 of 50000 minW=54\n# round=28000 of 50000 minW=54\n# round=29000 of 50000 minW=54\n# round=30000 of 50000 minW=54\n# round=31000 of 50000 minW=54\n# round=32000 of 50000 minW=54\n# round=33000 of 50000 minW=54\n# round=34000 of 50000 minW=54\n# round=35000 of 50000 minW=54\n# round=36000 of 50000 minW=54\n# round=37000 of 50000 minW=54\n# round=38000 of 50000 minW=54\n# round=39000 of 50000 minW=54\n# round=40000 of 50000 minW=54\n# round=41000 of 50000 minW=54\n# round=42000 of 50000 minW=54\n# round=43000 of 50000 minW=54\n# round=44000 of 50000 minW=54\n# round=45000 of 50000 minW=54\n# round=46000 of 50000 minW=54\n# round=47000 of 50000 minW=54\n# round=48000 of 50000 minW=54\n# round=49000 of 50000 minW=54\n# round=50000 of 50000 minW=54\nRW algorithm upper bound for the distance d=54\n
A42: [[648,4,32]] | B42: 648 | C42: 4 | D42: 36 | E42: 4 | F42: 39.207277 | G42: 1 | H42: 1 | I42: # step=0 row=0 minW=649 found cw of W=126: [2 4 7 12 14 22 23 24 30 35 36 39 45 58 65 72 74 87 89 105 109 110 112 114 117 125 128 133 134 144 161 162 167 168 173 176 177 178 186 192 206 218 219 220 225 232 250 257 259 264 271 272 274 276 277 283 284 287 290 294 297 301 307 311 313 317 330 332 334 335 340 343 352 364 368 386 390 391 397 399 415 416 417 421 428 438 443 444 448 469 474 475 480 484 486 489 495 508 509 520 521 531 532 537 545 547 549 552 560 573 577 585 590 594 599 600 603 611 612 614 617 618 634 642 646 648]\n# step=0 row=14 minW=126 found cw of W=118: [2 9 12 20 21 27 37 39 49 50 58 65 74 75 77 86 99 120 125 128 134 138 140 147 157 165 167 168 176 192 193 195 218 220 221 222 224 229 231 232 235 236 242 243 249 257 258 271 272 274 276 277 283 289 293 296 297 301 304 313 316 325 330 331 334 341 344 348 352 357 365 386 393 396 397 401 404 405 409 417 422 434 443 446 447 452 453 457 464 470 475 478 480 503 509 510 511 517 521 525 532 545 546 548 549 551 552 562 591 596 599 614 620 623 626 637 639 643]\n# step=0 row=39 minW=118 found cw of W=102: [2 3 7 12 13 14 49 65 69 72 75 79 86 99 108 112 119 125 126 134 138 150 153 154 160 175 186 193 195 199 210 222 224 225 229 236 243 250 259 264 267 284 288 296 297 301 304 306 308 316 326 331 332 336 340 348 352 368 369 396 405 409 422 428 435 438 439 443 446 455 457 463 476 478 481 495 498 502 503 510 511 512 520 529 537 546 548 551 558 559 564 565 579 586 596 602 611 620 626 637 639 646]\n# step=0 row=124 minW=102 found cw of W=94: [7 14 19 23 24 30 34 39 45 50 58 65 69 72 75 77 86 89 97 99 104 105 119 120 126 134 140 161 168 169 171 192 215 218 229 243 245 249 257 258 264 274 277 280 284 287 296 297 301 313 317 326 330 331 334 340 348 349 357 365 368 369 385 386 390 405 407 416 421 422 428 447 452 458 464 480 486 511 521 531 532 545 546 548 552 558 562 566 577 590 614 620 626 637]\n# step=0 row=154 minW=94 found cw of W=90: [2 3 12 13 14 62 65 69 72 89 95 99 109 112 114 119 123 125 126 150 171 173 178 186 193 210 215 218 231 249 259 267 271 280 284 288 293 297 303 308 326 331 332 335 336 340 341 344 364 365 370 383 393 396 416 418 425 428 439 444 455 470 474 475 481 486 491 498 502 509 512 520 529 537 548 549 551 564 579 585 586 591 594 596 600 603 611 614 623 626]\n# step=4 row=84 minW=90 found cw of W=86: [2 4 15 20 29 34 44 48 61 74 83 85 86 90 109 111 114 143 146 148 153 157 160 168 184 185 192 194 202 203 210 212 223 234 240 242 251 255 259 266 270 276 277 284 298 300 301 315 321 322 330 332 335 346 397 404 409 417 424 426 461 465 471 472 473 476 490 506 508 513 515 518 522 523 528 529 540 558 581 586 592 600 606 610 613 634]\n# step=6 row=293 minW=86 found cw of W=82: [1 4 9 15 34 46 55 60 63 73 95 98 105 106 121 128 132 151 156 158 162 169 171 173 190 212 215 219 234 236 237 244 248 253 258 280 284 295 303 313 321 323 334 338 351 357 360 365 393 396 409 427 443 444 445 446 461 470 478 486 495 499 500 501 517 520 524 529 546 552 559 566 571 574 583 596 603 604 611 623 625 643]\n# step=23 row=2 minW=82 found cw of W=76: [2 3 9 55 56 77 84 91 94 104 126 135 147 151 154 155 158 161 162 182 186 187 214 217 224 229 236 239 246 270 296 302 310 311 312 325 326 330 333 349 354 360 365 369 372 375 391 404 406 416 450 451 453 456 460 465 478 486 488 502 506 524 525 547 558 562 577 580 582 583 604 611 612 626 633 640]\n# step=66 row=134 minW=76 found cw of W=72: [19 22 25 30 68 85 97 134 135 139 153 161 173 176 233 234 237 240 243 244 245 250 253 259 260 279 283 292 294 302 312 322 326 335 339 343 345 367 375 390 400 410 413 429 442 447 452 454 474 482 484 493 494 503 522 533 541 550 555 556 557 562 570 571 582 590 607 608 615 624 640 645]\n# step=94 row=164 minW=72 found cw of W=68: [2 14 20 22 27 39 41 48 57 74 79 88 90 92 99 116 140 148 150 155 166 168 173 179 229 232 251 256 257 272 284 330 332 337 339 341 343 345 352 357 362 376 384 391 399 400 428 434 436 439 463 473 485 488 489 503 508 525 539 544 565 576 582 589 595 611 637 648]\n# step=94 row=287 minW=68 found cw of W=64: [2 14 20 27 39 41 48 57 79 88 90 92 99 116 140 148 150 155 166 168 173 179 229 232 251 256 257 284 330 332 337 339 341 343 357 362 376 384 391 399 400 428 434 436 439 463 473 485 488 489 503 508 525 539 544 560 565 576 582 589 595 611 637 648]\n# step=122 row=3 minW=64 found cw of W=50: [1 4 6 15 40 41 47 75 76 87 132 149 157 192 236 255 258 266 276 280 287 295 318 329 331 338 353 361 364 383 390 398 410 427 433 442 455 487 490 501 507 509 559 561 578 589 606 618 633 640]\n# step=729 row=82 minW=50 found cw of W=46: [19 38 48 56 74 78 89 93 100 108 130 147 154 172 183 187 190 194 199 206 246 250 256 308 362 371 378 379 412 416 423 436 449 475 488 510 527 542 558 569 575 576 594 610 616 647]\n# round=1000 of 50000 minW=46\n# round=2000 of 50000 minW=46\n# step=2697 row=61 minW=46 found cw of W=44: [3 20 27 40 71 82 112 127 129 130 137 141 147 169 206 221 235 275 280 306 348 355 361 363 368 370 405 407 412 418 422 425 431 442 468 474 489 492 499 526 557 603 610 613]\n# round=3000 of 50000 minW=44\n# step=3135 row=237 minW=44 found cw of W=38: [4 8 11 18 62 67 77 84 97 116 117 186 188 225 226 232 275 295 327 350 375 385 412 414 420 464 466 486 511 521 542 546 563 577 612 618 622 647]\n# round=4000 of 50000 minW=38\n# round=5000 of 50000 minW=38\n# round=6000 of 50000 minW=38\n# round=7000 of 50000 minW=38\n# round=8000 of 50000 minW=38\n# round=9000 of 50000 minW=38\n# round=10000 of 50000 minW=38\n# round=11000 of 50000 minW=38\n# round=12000 of 50000 minW=38\n# step=12851 row=280 minW=38 found cw of W=36: [24 31 35 39 73 74 144 155 182 183 189 200 202 281 291 292 299 332 362 364 395 451 458 478 521 523 525 530 532 541 569 584 593 604 615 636]\n# round=13000 of 50000 minW=36\n# round=14000 of 50000 minW=36\n# round=15000 of 50000 minW=36\n# round=16000 of 50000 minW=36\n# round=17000 of 50000 minW=36\n# round=18000 of 50000 minW=36\n# round=19000 of 50000 minW=36\n# round=20000 of 50000 minW=36\n# round=21000 of 50000 minW=36\n# round=22000 of 50000 minW=36\n# round=23000 of 50000 minW=36\n# round=24000 of 50000 minW=36\n# round=25000 of 50000 minW=36\n# round=26000 of 50000 minW=36\n# round=27000 of 50000 minW=36\n# round=28000 of 50000 minW=36\n# round=29000 of 50000 minW=36\n# round=30000 of 50000 minW=36\n# round=31000 of 50000 minW=36\n# round=32000 of 50000 minW=36\n# round=33000 of 50000 minW=36\n# round=34000 of 50000 minW=36\n# round=35000 of 50000 minW=36\n# round=36000 of 50000 minW=36\n# round=37000 of 50000 minW=36\n# round=38000 of 50000 minW=36\n# round=39000 of 50000 minW=36\n# round=40000 of 50000 minW=36\n# round=41000 of 50000 minW=36\n# round=42000 of 50000 minW=36\n# round=43000 of 50000 minW=36\n# round=44000 of 50000 minW=36\n# round=45000 of 50000 minW=36\n# round=46000 of 50000 minW=36\n# round=47000 of 50000 minW=36\n# round=48000 of 50000 minW=36\n# round=49000 of 50000 minW=36\n# round=50000 of 50000 minW=36\nRW algorithm upper bound for the distance d=36\n
A43: [[1080,4,56]] | B43: 1080 | C43: 4 | D43: 72 | E43: 16 | F43: 113.05983931571245 | G43: 1 | H43: 1 | I43: # step=0 row=1 minW=1081 found cw of W=218: [3 4 31 32 34 35 37 43 46 47 51 55 59 60 63 68 69 82 91 97 103 106 107 109 117 119 133 134 136 137 143 150 156 157 166 174 175 176 182 187 191 210 211 214 236 242 243 247 250 251 252 253 260 270 286 287 295 299 314 317 320 345 347 354 355 359 361 367 372 374 379 380 384 386 391 407 413 417 418 421 422 424 427 435 436 444 449 450 453 454 458 461 463 464 470 477 480 481 488 491 494 514 518 524 528 529 534 535 536 538 540 542 551 552 553 554 563 570 571 574 576 585 592 600 602 605 607 608 611 613 616 624 629 631 641 646 651 660 662 666 669 670 673 680 684 687 688 690 691 709 711 713 719 726 732 736 737 741 749 750 763 782 787 790 793 796 798 803 813 814 817 818 821 837 841 844 848 855 859 860 864 882 892 893 895 898 903 906 911 914 915 917 928 930 934 940 941 947 950 955 957 980 986 987 996 1008 1011 1013 1026 1034 1037 1038 1043 1049 1059 1063 1064 1068]\n# step=0 row=7 minW=218 found cw of W=202: [1 3 13 15 18 20 25 26 27 31 32 34 35 40 47 51 55 57 59 63 66 91 100 103 107 117 119 121 125 127 133 134 136 137 149 157 158 166 173 174 177 182 191 194 198 206 211 214 230 236 252 259 260 262 264 270 295 300 310 312 320 327 347 355 365 372 383 384 386 396 413 415 421 422 424 425 435 436 444 449 450 451 452 453 455 456 462 463 464 470 477 480 488 494 495 496 497 504 523 524 528 529 538 545 551 552 560 566 576 582 583 590 607 611 629 639 641 648 653 654 657 659 660 662 669 673 674 683 688 689 707 708 709 711 719 725 726 736 737 741 749 750 755 761 763 774 782 796 800 814 817 820 821 838 843 844 845 847 860 862 864 882 892 893 898 906 911 914 917 918 920 936 940 941 945 950 951 952 955 959 971 984 986 989 994 995 996 997 1000 1003 1011 1013 1014 1020 1034 1037 1050 1060 1063 1067 1078 1079]\n# step=0 row=10 minW=202 found cw of W=198: [3 11 15 18 19 20 26 35 40 43 51 54 55 57 60 66 72 82 88 92 100 102 103 105 106 109 118 121 125 137 138 143 150 156 174 175 176 177 185 187 190 191 198 206 210 211 227 236 237 242 243 252 253 260 261 262 263 264 277 295 310 314 330 337 347 352 356 359 361 372 373 374 382 396 412 417 421 427 430 436 451 452 453 463 464 489 491 494 495 496 497 500 514 518 523 524 527 537 540 551 552 553 559 560 566 570 582 585 592 600 602 605 610 616 622 627 631 639 645 651 655 666 669 670 671 674 680 683 684 689 692 695 705 707 713 723 732 737 749 750 761 774 778 787 790 793 798 800 803 814 822 827 838 848 849 850 855 861 867 883 897 898 901 906 908 910 911 914 920 930 933 936 945 947 952 954 971 980 982 988 989 990 994 996 997 1011 1012 1016 1024 1034 1037 1038 1043 1049 1064 1067 1068 1076]\n# step=0 row=14 minW=198 found cw of W=186: [9 15 18 24 25 32 35 46 55 59 66 67 68 82 89 97 102 103 105 109 118 119 125 136 137 138 142 143 150 157 164 170 173 176 185 187 194 198 214 236 237 242 243 247 251 252 253 261 262 285 298 299 300 310 312 314 315 327 352 354 356 360 361 365 367 372 373 379 380 383 384 391 403 412 413 415 417 418 419 421 424 427 428 429 439 444 449 450 451 452 455 477 480 492 495 496 497 512 518 523 527 532 540 542 545 551 558 560 563 572 582 583 586 600 605 608 610 641 646 648 654 655 659 661 669 670 671 673 691 695 705 713 725 732 734 736 741 742 750 787 800 803 814 820 834 843 845 847 849 857 861 862 879 895 908 909 910 914 915 916 928 930 940 941 950 951 952 954 971 983 984 989 994 1003 1012 1013 1014 1020 1037 1038 1040 1043 1059 1068 1074 1076]\n# step=0 row=15 minW=186 found cw of W=182: [3 11 18 25 26 28 46 47 51 54 55 60 63 66 67 68 70 98 100 119 125 134 137 138 142 143 149 156 164 166 170 175 176 182 194 198 202 242 243 250 253 259 263 264 270 277 298 304 305 327 337 345 347 355 356 359 365 374 381 382 384 391 396 407 419 421 424 425 428 429 435 436 444 455 458 463 465 469 470 481 488 492 495 496 497 504 514 523 524 528 529 532 535 536 537 538 542 560 562 571 583 585 590 605 607 608 611 616 624 627 631 639 641 651 660 661 662 670 673 683 688 689 691 711 722 732 734 737 742 755 761 775 778 791 800 803 814 818 821 827 841 844 847 848 850 855 864 867 882 893 898 903 905 915 916 933 936 940 941 945 950 951 952 954 955 971 982 989 990 994 995 1000 1008 1014 1020 1043 1049 1059 1064 1067 1078 1079]\n# step=0 row=145 minW=182 found cw of W=178: [1 3 9 15 27 32 35 37 40 43 51 63 67 68 69 82 97 103 107 108 117 118 119 127 133 136 137 138 143 149 156 166 170 173 174 175 176 177 182 185 187 191 194 206 210 230 237 247 250 251 252 253 260 261 262 270 273 304 305 320 354 355 367 373 377 386 403 412 417 419 421 422 427 435 436 450 451 452 453 463 469 480 487 488 491 500 514 518 524 529 535 536 539 553 558 559 563 566 570 571 574 576 585 592 602 607 608 613 622 624 627 629 645 646 653 654 655 659 660 662 666 674 680 689 690 691 706 709 713 725 734 736 737 749 778 782 787 791 793 798 800 803 817 838 848 860 861 864 867 874 892 893 895 905 906 908 909 915 916 936 955 957 980 986 989 996 997 1012 1013 1019 1020 1026 1038 1043 1064 1067 1068 1078]\n# step=0 row=268 minW=178 found cw of W=174: [15 18 20 25 35 37 46 47 57 63 67 68 69 70 72 82 89 102 103 108 109 117 118 119 125 133 134 137 138 149 150 157 166 170 175 182 185 187 190 194 211 214 227 237 242 243 252 253 261 262 270 277 315 317 320 329 347 355 365 367 382 391 412 425 427 433 435 436 439 451 452 453 455 456 462 463 464 488 489 494 500 504 512 514 516 518 523 528 529 537 538 542 551 562 572 574 576 586 602 608 611 613 622 639 645 648 651 654 655 657 662 669 670 671 684 690 691 711 713 719 723 725 741 763 787 798 802 803 813 814 817 821 827 838 844 848 860 861 883 893 901 906 908 911 915 918 920 930 933 947 952 954 955 959 982 983 988 989 1000 1003 1012 1014 1016 1020 1024 1049 1050 1059 1063 1064 1067 1068 1078 1079]\n# step=0 row=398 minW=174 found cw of W=172: [27 34 35 40 46 51 55 57 63 66 67 69 70 82 91 107 108 117 118 119 121 134 137 149 166 170 173 174 187 191 194 206 211 250 251 263 264 270 286 295 298 300 314 317 337 345 347 354 355 356 361 374 382 383 390 391 396 407 418 419 427 428 429 433 435 436 444 458 462 469 470 477 481 494 514 518 528 529 532 534 538 540 542 551 552 553 559 560 566 582 585 600 605 608 611 613 616 627 631 639 641 654 657 662 670 671 683 688 707 711 713 725 726 749 761 763 774 777 778 783 787 790 791 793 796 800 813 818 820 822 841 843 848 867 879 893 895 897 898 901 903 904 911 916 917 933 940 941 945 951 954 955 982 983 984 990 996 1008 1011 1014 1019 1020 1024 1026 1034 1040 1059 1060 1063 1064 1068 1076]\n# step=1 row=414 minW=172 found cw of W=170: [4 5 17 20 39 45 50 51 55 66 67 74 75 76 80 81 83 84 89 108 109 119 133 138 148 152 153 155 157 158 164 165 179 181 185 220 221 237 239 246 247 256 262 263 264 268 283 289 296 303 304 310 337 342 343 347 351 356 370 378 381 382 386 393 401 408 411 412 413 422 423 426 439 440 446 453 454 474 482 483 484 497 513 521 524 526 541 552 554 576 577 578 580 585 588 589 596 599 607 611 612 615 617 630 634 637 651 653 656 659 660 662 667 676 679 707 708 712 719 731 734 736 754 761 769 795 807 808 810 816 817 818 830 831 832 839 844 848 851 853 855 862 879 880 896 899 900 903 905 912 914 916 920 928 935 937 950 955 974 976 978 979 982 990 1009 1013 1035 1069 1074 1079]\n# step=4 row=83 minW=170 found cw of W=160: [18 20 28 29 46 66 67 68 69 78 92 93 102 112 118 119 120 131 132 134 149 150 152 157 163 170 178 193 195 197 198 209 215 222 242 256 271 276 280 283 284 289 318 322 323 324 329 343 346 361 362 365 370 379 388 390 394 404 405 406 408 409 419 430 446 450 455 456 465 469 482 483 484 506 507 514 524 529 537 538 552 567 584 589 598 616 621 631 640 645 659 663 664 669 675 680 683 690 691 697 702 712 716 730 739 740 741 742 748 750 754 762 781 785 786 791 792 793 801 806 814 818 824 825 826 844 845 852 861 875 892 893 896 897 898 906 909 914 916 921 922 937 941 947 952 964 980 984 1005 1006 1007 1017 1019 1030 1032 1034 1040 1054 1057 1058]\n# step=4 row=365 minW=160 found cw of W=158: [18 20 28 29 46 66 67 68 69 78 92 93 102 112 118 119 120 131 132 149 152 163 170 178 193 195 197 198 209 215 222 242 256 271 276 280 283 284 289 318 322 323 324 329 343 346 361 362 365 370 379 388 390 394 404 405 406 408 409 419 430 446 455 456 465 469 482 483 484 506 507 514 524 529 537 538 552 567 584 589 598 616 621 631 640 645 659 663 664 669 675 680 684 690 691 697 702 712 716 730 739 740 741 742 748 750 754 757 762 781 785 786 791 792 793 801 806 814 818 824 825 826 844 845 852 861 875 892 893 896 897 898 906 909 914 916 921 922 937 941 946 952 964 980 984 1005 1006 1007 1017 1019 1030 1032 1034 1040 1050 1054 1057 1058]\n# step=7 row=197 minW=158 found cw of W=156: [17 18 73 82 83 84 87 90 91 96 97 98 132 139 150 156 167 191 202 203 214 218 223 226 233 238 255 259 275 277 279 280 281 284 288 301 311 313 318 322 332 336 338 353 354 355 373 377 381 383 390 391 396 398 399 400 411 425 426 429 430 435 440 441 473 477 491 496 519 522 525 529 538 551 573 579 586 599 605 606 607 612 625 632 634 635 645 658 659 668 677 687 691 692 696 697 700 707 717 723 729 730 741 752 758 762 769 778 781 785 790 792 801 804 808 813 815 828 833 837 846 850 863 872 873 878 881 885 887 898 900 907 909 911 932 936 946 947 954 963 969 974 990 992 1000 1006 1022 1025 1029 1032 1034 1040 1044 1045 1046 1049]\n# step=7 row=213 minW=156 found cw of W=146: [6 24 26 64 75 82 83 84 85 90 98 132 134 139 150 152 158 167 168 178 197 200 202 203 209 214 221 222 223 226 228 233 238 255 258 266 271 273 274 275 277 288 306 312 332 333 353 354 364 381 390 398 400 409 422 427 430 444 449 453 460 473 490 491 503 513 522 529 530 560 568 573 586 599 624 632 635 648 650 659 673 683 684 696 697 701 705 707 709 717 718 723 724 729 730 740 741 746 747 758 769 778 785 790 791 792 804 808 813 814 815 821 822 832 837 846 851 860 868 872 878 887 889 891 899 909 912 924 926 927 932 936 946 947 948 958 963 979 986 990 1009 1022 1032 1039 1054 1063]\n# step=50 row=130 minW=146 found cw of W=140: [1 5 13 14 89 108 117 120 178 179 181 192 198 221 229 230 231 232 233 238 239 244 245 246 254 256 262 263 264 266 271 279 296 300 303 304 312 315 316 336 343 344 349 364 374 380 383 384 416 418 423 424 439 440 447 454 455 461 462 467 468 492 507 516 518 525 526 530 544 564 566 567 568 569 575 577 593 601 613 616 628 630 640 651 656 663 674 676 711 713 716 734 742 743 747 748 763 778 780 781 784 796 804 805 816 830 831 832 844 854 864 866 868 869 870 876 903 904 913 930 953 956 988 989 990 1007 1013 1016 1017 1018 1027 1030 1036 1040 1042 1043 1053 1062 1070 1079]\n# step=52 row=103 minW=140 found cw of W=126: [9 32 42 43 65 66 73 74 87 96 97 118 121 133 147 159 161 164 169 171 174 182 187 192 199 218 221 233 234 236 243 291 296 300 310 322 331 332 361 373 375 382 383 384 385 390 398 418 422 427 437 441 459 461 477 484 508 511 524 531 544 557 558 559 593 606 619 638 642 648 659 667 670 691 692 695 697 706 710 713 714 721 729 731 732 733 742 744 745 750 764 765 771 782 788 793 819 821 837 857 896 899 909 914 922 924 925 932 938 960 969 971 972 973 983 985 986 987 988 997 998 1033 1041 1050 1061 1074]\n# step=135 row=40 minW=126 found cw of W=106: [8 10 24 25 44 45 48 49 61 70 87 95 96 97 123 138 139 149 157 160 174 177 222 235 236 237 238 284 285 309 310 336 337 338 348 349 350 361 371 411 434 438 439 458 459 462 483 484 502 523 524 527 539 540 542 570 596 598 599 632 644 646 671 673 683 685 696 697 708 709 731 748 749 758 775 776 845 862 888 897 898 900 908 909 910 923 925 934 936 960 961 973 984 996 1009 1022 1038 1039 1049 1057 1058 1060 1074 1075 1076 1077]\n# step=461 row=343 minW=106 found cw of W=100: [7 23 31 35 49 52 74 75 94 123 125 134 136 138 161 177 195 196 197 201 223 238 239 246 250 261 265 299 309 310 312 329 332 333 338 350 351 352 397 402 414 416 425 435 436 437 458 459 460 484 485 488 512 540 545 557 561 585 597 598 610 620 621 622 645 660 668 673 684 691 698 710 711 734 757 772 776 838 846 849 858 885 887 899 910 923 931 932 933 934 951 984 997 1010 1025 1038 1050 1058 1062 1073]\n# step=461 row=537 minW=100 found cw of W=96: [5 6 7 8 23 25 26 35 47 49 72 89 94 95 113 121 132 134 135 138 149 161 175 197 222 225 243 261 309 310 326 332 333 335 349 350 352 376 390 399 437 463 475 485 498 501 540 585 597 608 609 620 645 646 658 659 660 671 710 712 732 736 746 747 748 757 758 759 769 770 771 775 820 843 846 858 885 898 899 900 910 925 926 932 934 949 988 994 1009 1010 1012 1038 1048 1059 1061 1071]\n# round=1000 of 50000 minW=96\n# step=1222 row=6 minW=96 found cw of W=72: [6 10 22 24 46 48 72 86 96 97 121 134 150 158 174 197 221 237 262 287 306 308 309 335 360 371 372 410 413 458 460 477 482 483 501 522 544 556 557 597 598 606 693 695 708 747 756 773 796 809 832 836 844 856 857 861 897 899 910 931 960 971 984 986 995 996 997 1008 1021 1048 1059 1074]\n# round=2000 of 50000 minW=72\n# round=3000 of 50000 minW=72\n# round=4000 of 50000 minW=72\n# round=5000 of 50000 minW=72\n# round=6000 of 50000 minW=72\n# round=7000 of 50000 minW=72\n# round=8000 of 50000 minW=72\n# round=9000 of 50000 minW=72\n# round=10000 of 50000 minW=72\n# round=11000 of 50000 minW=72\n# round=12000 of 50000 minW=72\n# round=13000 of 50000 minW=72\n# round=14000 of 50000 minW=72\n# round=15000 of 50000 minW=72\n# round=16000 of 50000 minW=72\n# round=17000 of 50000 minW=72\n# round=18000 of 50000 minW=72\n# round=19000 of 50000 minW=72\n# round=20000 of 50000 minW=72\n# round=21000 of 50000 minW=72\n# round=22000 of 50000 minW=72\n# round=23000 of 50000 minW=72\n# round=24000 of 50000 minW=72\n# round=25000 of 50000 minW=72\n# round=26000 of 50000 minW=72\n# round=27000 of 50000 minW=72\n# round=28000 of 50000 minW=72\n# round=29000 of 50000 minW=72\n# round=30000 of 50000 minW=72\n# round=31000 of 50000 minW=72\n# round=32000 of 50000 minW=72\n# round=33000 of 50000 minW=72\n# round=34000 of 50000 minW=72\n# round=35000 of 50000 minW=72\n# round=36000 of 50000 minW=72\n# round=37000 of 50000 minW=72\n# round=38000 of 50000 minW=72\n# round=39000 of 50000 minW=72\n# round=40000 of 50000 minW=72\n# round=41000 of 50000 minW=72\n# round=42000 of 50000 minW=72\n# round=43000 of 50000 minW=72\n# round=44000 of 50000 minW=72\n# round=45000 of 50000 minW=72\n# round=46000 of 50000 minW=72\n# round=47000 of 50000 minW=72\n# round=48000 of 50000 minW=72\n# round=49000 of 50000 minW=72\n# round=50000 of 50000 minW=72\nRW algorithm upper bound for the distance d=72\n
A44: [[1296,4,50]] | B44: 1296 | C44: 4 | D44: 80 | E44: 30 | F44: 168.68845832441002 | G44: 1 | H44: 1 | I44: # step=0 row=0 minW=1297 found cw of W=282: [1 4 5 8 19 23 29 32 33 35 42 46 49 56 58 60 64 66 68 72 74 75 81 85 103 108 111 114 125 134 135 138 140 144 146 147 157 168 171 176 190 195 202 216 218 224 231 241 260 264 268 270 272 273 277 278 284 287 295 296 301 306 317 332 350 355 358 360 365 372 373 378 380 383 388 391 392 394 395 398 419 420 423 430 432 435 438 443 455 461 465 471 484 487 495 496 497 498 508 511 518 520 522 528 529 533 536 543 544 549 559 567 568 569 572 576 578 584 587 598 602 606 610 611 612 614 619 621 622 625 627 629 634 640 643 648 652 656 670 674 678 680 684 686 688 701 717 723 724 726 737 745 746 749 751 752 753 755 761 762 765 770 777 779 784 786 787 789 791 792 795 800 801 802 813 826 827 828 831 836 837 838 847 851 860 872 875 876 880 881 896 897 908 917 921 928 931 935 936 937 940 946 948 951 956 958 961 963 969 970 973 976 984 988 991 993 994 995 998 999 1013 1014 1019 1021 1023 1030 1032 1034 1038 1040 1041 1043 1049 1050 1052 1053 1057 1058 1059 1061 1064 1072 1073 1074 1089 1094 1098 1102 1104 1108 1112 1124 1129 1146 1151 1158 1160 1162 1165 1171 1180 1183 1194 1198 1214 1223 1229 1230 1233 1234 1242 1257 1265 1269 1272 1273 1277 1281 1282 1283 1286 1287]\n# step=0 row=1 minW=282 found cw of W=264: [2 4 28 35 37 49 69 71 72 82 86 99 102 103 104 113 116 118 134 135 138 140 144 157 163 171 173 177 195 216 218 231 237 248 253 256 266 277 278 281 285 286 295 304 305 317 329 332 336 340 341 349 360 361 362 363 364 372 376 378 380 383 386 388 391 394 398 415 417 419 420 421 423 427 430 432 443 457 459 464 465 476 478 484 488 498 504 511 518 520 521 522 528 529 533 542 547 564 566 568 570 574 578 579 583 598 602 606 610 619 622 624 628 634 637 643 646 648 654 655 656 657 664 665 669 670 675 678 680 684 686 701 707 709 711 717 723 724 736 737 738 739 745 752 753 755 762 763 765 781 784 791 792 793 800 802 816 818 820 823 824 826 834 838 841 844 851 852 860 875 876 880 889 896 897 899 901 908 916 923 931 935 936 937 938 940 942 943 951 952 956 958 961 966 970 972 988 993 994 995 1006 1011 1013 1014 1017 1021 1024 1027 1028 1033 1034 1037 1040 1041 1050 1052 1055 1056 1061 1063 1068 1072 1073 1075 1077 1094 1098 1102 1104 1108 1110 1112 1121 1128 1133 1144 1151 1153 1160 1166 1169 1172 1173 1178 1182 1194 1198 1214 1223 1233 1240 1248 1250 1259 1265 1271 1272 1276 1277 1278 1281 1283 1286 1293]\n# step=0 row=3 minW=264 found cw of W=262: [5 7 8 9 23 27 31 32 33 42 49 50 58 59 64 66 68 74 75 82 102 107 111 116 135 138 143 146 147 152 157 158 161 168 176 190 202 239 256 260 264 266 270 272 273 282 284 285 290 295 296 298 301 306 307 312 318 329 332 340 350 355 358 363 364 365 367 370 373 388 394 395 398 414 415 419 420 430 438 440 443 457 458 459 464 465 468 476 487 488 495 496 497 498 501 504 508 509 510 514 518 521 528 529 533 536 538 544 548 559 564 568 573 575 576 579 583 584 587 598 603 608 612 619 621 628 629 637 640 642 656 660 664 670 674 678 680 682 686 700 707 709 723 724 726 736 738 753 761 780 784 786 787 789 792 796 809 813 816 818 824 826 834 851 852 861 868 876 880 883 896 897 899 914 917 923 928 929 933 935 946 948 952 958 961 964 970 976 991 993 994 1011 1013 1019 1021 1023 1028 1030 1032 1038 1041 1051 1052 1053 1059 1063 1072 1073 1074 1075 1084 1087 1089 1094 1098 1102 1108 1112 1115 1116 1123 1124 1129 1130 1131 1146 1150 1151 1155 1156 1158 1160 1162 1166 1173 1176 1178 1184 1191 1194 1198 1212 1221 1223 1229 1230 1243 1246 1248 1257 1259 1260 1265 1268 1269 1271 1276 1277 1281 1282 1289 1293]\n# step=0 row=5 minW=262 found cw of W=254: [4 8 12 18 23 27 35 37 42 43 58 60 66 71 75 82 86 104 107 111 116 118 126 134 135 138 143 146 147 152 168 171 176 181 195 202 204 208 224 252 260 264 268 270 272 273 278 281 282 284 286 290 295 298 304 307 312 317 318 340 341 350 358 360 361 365 372 373 376 386 388 391 398 399 414 415 419 420 427 430 432 435 438 443 457 459 461 464 465 471 487 489 492 495 498 501 508 511 518 520 521 522 529 544 547 549 557 564 566 567 568 572 574 578 587 602 606 610 611 612 614 619 622 625 627 637 640 642 646 648 652 654 664 669 673 674 675 700 709 711 717 724 726 745 751 754 755 770 775 777 779 784 787 792 793 802 818 824 828 831 838 846 853 860 873 878 880 883 885 889 897 899 901 908 914 916 917 924 928 931 935 938 940 942 946 948 952 956 961 963 964 969 970 973 982 994 995 998 999 1006 1012 1019 1027 1030 1033 1034 1037 1038 1051 1053 1057 1061 1063 1067 1068 1072 1075 1077 1083 1088 1092 1094 1102 1108 1112 1116 1122 1124 1128 1130 1151 1153 1155 1158 1160 1164 1166 1168 1172 1178 1198 1214 1223 1229 1230 1233 1234 1246 1250 1257 1269 1271 1282 1283]\n# step=0 row=9 minW=254 found cw of W=252: [3 9 16 17 19 27 32 37 46 50 58 59 64 66 68 71 72 74 75 81 85 99 102 103 107 108 114 133 134 135 138 140 143 146 157 161 168 172 173 176 198 204 208 218 239 244 248 252 253 256 266 270 272 273 277 278 285 290 296 298 307 317 318 339 355 362 363 365 380 386 388 399 414 420 423 427 440 455 457 459 461 465 468 476 478 484 487 488 489 495 496 497 498 501 510 514 522 533 536 538 543 544 548 549 559 564 569 572 573 575 576 578 579 583 584 587 602 606 610 611 619 621 625 627 628 629 640 654 660 664 669 682 683 700 701 707 717 723 736 738 739 746 750 754 761 777 779 789 791 792 796 801 809 813 815 826 827 831 834 836 838 840 844 847 851 853 868 872 875 876 880 881 885 896 897 899 914 917 921 923 924 933 936 938 943 946 948 952 963 964 970 972 976 982 988 993 1003 1007 1011 1014 1019 1023 1027 1030 1032 1034 1037 1051 1055 1057 1064 1067 1075 1088 1094 1102 1104 1110 1114 1124 1128 1129 1130 1131 1140 1150 1155 1156 1160 1162 1164 1165 1166 1168 1171 1172 1183 1191 1212 1214 1223 1229 1230 1233 1240 1242 1257 1269 1277 1281 1287 1293]\n# step=0 row=11 minW=252 found cw of W=244: [4 9 11 17 18 21 29 35 37 42 46 56 68 75 81 82 102 107 114 118 126 135 138 140 144 147 161 171 173 177 181 202 208 216 218 224 231 239 252 253 256 277 278 282 290 295 298 301 305 340 350 355 358 363 365 370 373 383 386 392 394 398 414 415 419 420 423 429 430 432 438 443 444 454 455 457 459 461 464 468 471 489 492 498 501 508 509 511 518 520 522 528 533 536 542 543 548 549 557 559 564 567 573 575 583 584 608 625 634 648 655 660 664 669 670 674 682 686 711 717 723 726 739 745 746 749 750 752 754 761 762 765 770 777 779 780 781 784 787 791 796 800 801 813 823 824 827 828 831 834 838 846 853 868 873 875 878 880 885 908 916 921 928 929 935 936 942 943 952 958 963 973 982 988 995 999 1003 1007 1012 1021 1030 1032 1037 1038 1040 1048 1049 1051 1053 1057 1061 1063 1067 1073 1075 1077 1084 1089 1094 1098 1101 1102 1104 1108 1114 1116 1121 1122 1123 1129 1130 1131 1133 1140 1144 1151 1155 1156 1158 1160 1162 1164 1169 1173 1180 1182 1183 1184 1191 1223 1240 1242 1243 1246 1248 1257 1265 1268 1269 1276 1277 1278 1281 1289]\n# step=0 row=15 minW=244 found cw of W=228: [4 9 17 19 26 29 32 35 37 50 58 66 71 75 82 85 102 103 104 108 114 134 138 140 146 158 161 163 166 168 173 176 190 198 208 218 224 231 239 252 253 260 266 268 270 272 282 284 285 296 306 329 362 364 370 376 378 383 386 388 391 392 398 399 415 427 429 432 455 465 471 478 484 487 492 495 498 514 518 520 528 533 536 543 557 567 569 573 576 578 579 583 584 587 598 602 606 608 610 611 612 614 619 621 627 629 634 643 648 655 656 664 669 670 673 678 684 688 700 711 724 736 737 738 739 745 749 750 752 763 770 780 791 795 796 802 820 824 826 828 836 851 861 868 873 875 876 885 889 897 908 917 921 923 933 936 937 938 943 951 952 958 963 966 969 970 982 984 988 995 998 1011 1019 1023 1024 1027 1030 1033 1034 1037 1040 1043 1053 1058 1059 1061 1064 1068 1073 1077 1089 1094 1098 1102 1104 1110 1114 1124 1129 1131 1150 1156 1160 1162 1164 1165 1171 1172 1180 1183 1194 1214 1221 1223 1230 1233 1234 1240 1257 1265 1269 1272 1273 1277 1281 1283 1286 1287]\n# step=0 row=34 minW=228 found cw of W=214: [23 27 28 31 32 35 37 42 43 46 50 58 59 65 66 68 69 74 75 85 99 107 111 118 126 134 143 146 153 157 168 171 176 190 204 208 216 231 248 267 270 277 278 281 282 284 285 287 295 296 297 301 305 306 312 317 318 329 340 349 361 362 364 365 380 383 388 394 395 415 419 420 423 435 443 454 457 459 464 465 478 484 487 488 489 492 495 496 497 501 508 510 514 518 522 536 538 542 547 564 567 568 569 573 576 583 598 602 608 610 611 612 634 643 656 657 665 670 673 675 678 684 707 711 717 737 739 750 752 762 763 775 779 780 784 793 809 813 827 828 831 834 836 838 844 853 860 871 878 885 896 897 908 914 924 935 937 938 951 958 963 970 991 993 994 995 998 999 1017 1021 1023 1024 1030 1032 1037 1040 1051 1055 1072 1083 1108 1110 1114 1121 1124 1128 1130 1153 1155 1159 1160 1164 1165 1166 1168 1171 1180 1182 1194 1212 1214 1234 1240 1242 1246 1257 1265 1272 1276 1281 1282 1286 1287 1289]\n# step=0 row=546 minW=214 found cw of W=206: [8 23 27 28 31 35 42 43 56 58 64 66 69 71 74 81 82 102 107 108 111 114 133 135 140 143 146 152 166 168 171 173 176 190 195 204 224 239 242 253 256 264 267 270 277 282 284 306 318 329 336 340 349 362 363 364 365 370 373 378 380 386 388 392 398 399 415 420 421 423 430 432 435 440 443 464 465 476 478 487 489 495 501 504 510 514 520 528 533 536 538 567 573 584 598 608 611 612 614 621 624 629 640 648 654 657 665 670 673 674 678 680 684 707 717 736 737 745 746 754 763 770 775 777 780 789 791 792 795 796 801 809 828 831 836 868 871 878 880 881 885 889 896 897 914 916 924 933 940 942 948 958 963 966 973 984 988 994 1012 1017 1027 1028 1030 1038 1056 1058 1061 1063 1064 1067 1072 1073 1077 1089 1090 1098 1104 1108 1110 1112 1124 1129 1130 1131 1144 1155 1156 1159 1160 1162 1166 1168 1169 1171 1194 1198 1223 1233 1234 1248 1257 1265 1276 1277 1282 1283]\n# step=3 row=564 minW=206 found cw of W=200: [3 15 19 24 25 30 48 50 52 60 61 68 73 78 80 81 86 90 91 99 101 109 114 119 124 130 140 151 154 159 164 170 176 179 181 190 197 198 201 202 206 208 209 217 226 227 234 235 239 255 289 291 292 305 314 349 350 352 355 360 378 383 384 386 394 395 402 425 435 436 442 455 467 471 472 507 526 527 528 547 551 552 554 560 563 571 575 587 588 614 619 644 648 657 659 665 676 678 685 687 697 701 703 709 711 726 733 734 741 752 755 758 760 761 766 771 779 781 800 811 813 822 829 836 843 844 857 858 860 874 890 895 896 897 898 901 909 912 922 923 926 932 949 951 956 963 966 973 974 980 981 988 998 1010 1012 1014 1022 1040 1042 1050 1068 1070 1071 1072 1088 1099 1101 1105 1109 1110 1111 1112 1115 1123 1130 1131 1134 1139 1156 1159 1171 1172 1173 1178 1189 1197 1198 1210 1219 1225 1236 1239 1259 1261 1262 1265 1272 1277 1286 1288]\n# step=3 row=598 minW=200 found cw of W=186: [5 7 8 10 11 16 19 23 26 30 33 40 46 48 56 61 75 84 148 149 154 157 167 176 201 209 214 217 225 239 242 255 261 267 269 273 283 289 323 339 341 344 349 355 371 386 391 393 395 411 414 418 434 436 441 458 460 465 466 467 468 492 506 526 527 530 542 545 547 548 549 551 552 554 557 558 560 562 570 573 575 590 600 608 614 621 652 655 657 665 668 674 678 685 693 699 705 707 711 724 730 732 733 735 741 755 758 760 761 762 764 766 768 771 776 785 786 788 797 810 811 818 822 829 836 838 868 874 890 895 896 910 912 918 926 932 934 951 957 971 973 981 982 991 1012 1015 1022 1042 1045 1046 1048 1054 1067 1068 1070 1071 1075 1088 1091 1092 1097 1110 1111 1113 1115 1117 1121 1122 1123 1124 1146 1155 1182 1189 1194 1196 1206 1225 1239 1245 1250 1259 1272 1278 1279 1287]\n# step=17 row=212 minW=186 found cw of W=166: [2 10 29 42 45 49 57 65 66 78 82 108 113 121 150 158 173 176 178 198 202 225 235 254 256 257 258 271 274 276 282 284 299 304 318 326 327 333 341 343 345 346 351 355 357 362 364 365 366 373 377 385 402 410 412 418 420 421 426 434 440 450 458 465 474 476 482 494 498 504 506 507 515 526 535 553 556 561 581 587 597 598 606 609 610 623 653 677 679 703 704 710 718 725 734 737 747 759 765 767 772 774 783 796 805 810 828 855 857 858 866 880 890 900 905 918 925 931 933 939 942 950 958 961 964 966 969 974 976 978 989 994 1017 1019 1022 1034 1055 1060 1063 1069 1074 1090 1097 1100 1102 1105 1119 1131 1143 1146 1157 1165 1166 1170 1191 1193 1218 1226 1227 1230 1235 1238 1249 1254 1257 1277]\n# step=64 row=53 minW=166 found cw of W=158: [22 37 45 49 58 74 84 85 112 123 132 147 165 168 176 182 190 194 200 256 258 262 266 270 272 274 276 278 282 311 314 317 324 325 339 342 348 356 365 366 372 378 382 387 388 411 426 437 443 447 449 457 465 475 480 489 490 497 500 502 514 515 529 542 553 573 577 589 590 596 613 616 624 650 661 669 696 706 709 714 715 727 734 736 740 741 742 746 755 759 761 771 780 789 796 798 804 814 818 825 830 843 850 851 872 875 876 877 886 902 905 906 907 915 919 928 946 966 974 985 990 991 996 1004 1005 1010 1028 1031 1044 1049 1054 1062 1071 1096 1100 1101 1104 1112 1115 1119 1125 1133 1138 1147 1164 1190 1192 1207 1221 1228 1235 1241 1245 1266 1273 1274 1278 1279]\n# step=64 row=227 minW=158 found cw of W=154: [22 37 45 49 58 74 84 85 123 132 147 165 168 176 182 190 194 200 256 258 262 266 270 272 274 276 278 282 311 314 317 324 325 339 342 348 356 365 366 372 378 382 387 388 411 426 437 443 449 457 465 472 475 480 489 490 497 500 502 514 515 529 542 553 573 577 589 590 596 613 616 624 650 661 669 696 706 709 714 715 727 734 736 740 741 742 746 755 759 761 771 780 789 796 798 804 814 818 825 830 843 850 851 872 875 876 877 886 902 905 906 907 915 919 928 946 966 974 985 990 991 996 1004 1005 1010 1028 1031 1044 1049 1054 1062 1071 1096 1100 1101 1115 1119 1125 1133 1138 1147 1164 1190 1207 1221 1228 1235 1241 1245 1266 1273 1274 1278 1279]\n# step=434 row=304 minW=154 found cw of W=150: [4 5 43 64 73 81 82 86 88 94 95 96 103 108 123 128 135 148 159 160 194 196 197 198 202 204 244 245 251 262 300 318 320 326 331 333 338 346 348 352 355 362 363 370 373 378 380 384 398 401 436 440 447 448 450 458 464 474 489 502 511 512 518 522 525 530 531 539 542 543 544 552 558 564 566 590 603 611 613 614 619 632 634 640 642 646 648 660 662 668 670 675 688 700 706 732 764 765 774 780 788 791 794 826 839 865 866 879 919 926 942 944 951 964 966 977 984 995 998 1003 1023 1030 1041 1048 1058 1065 1085 1090 1091 1100 1109 1129 1134 1144 1152 1175 1176 1183 1199 1203 1207 1209 1214 1228 1240 1263 1264 1265 1278 1292]\n# step=994 row=60 minW=150 found cw of W=136: [14 22 37 45 46 57 67 72 90 110 119 137 144 149 153 165 169 173 182 184 186 194 205 206 210 212 214 223 231 256 281 285 308 309 333 341 369 377 380 386 404 425 445 468 480 481 489 505 511 519 522 552 566 577 578 581 589 604 615 637 645 663 671 693 694 703 716 717 728 748 758 776 784 787 789 796 798 801 803 806 809 810 822 824 850 864 880 882 896 900 902 904 905 906 912 913 920 925 926 930 934 945 965 984 1004 1015 1016 1046 1053 1069 1076 1086 1094 1100 1101 1110 1118 1123 1126 1131 1138 1152 1156 1162 1168 1185 1190 1210 1225 1239 1242 1247 1253 1255 1274 1292]\n# step=994 row=557 minW=136 found cw of W=134: [14 22 37 45 46 57 67 72 90 119 137 144 149 153 165 169 173 182 184 186 194 205 206 210 212 214 223 231 256 281 285 308 309 333 341 369 377 380 386 404 425 468 470 480 481 489 505 511 519 522 552 566 577 578 581 589 604 615 637 645 663 671 693 694 703 716 717 728 748 758 776 784 787 789 796 798 801 803 806 809 810 822 824 850 864 880 882 896 900 902 904 905 906 912 913 920 925 926 930 934 945 965 984 1004 1015 1016 1046 1053 1069 1076 1086 1094 1100 1101 1102 1118 1123 1126 1131 1138 1152 1156 1162 1168 1185 1210 1225 1239 1242 1247 1253 1255 1274 1292]\n# round=1000 of 50000 minW=134\n# step=1045 row=13 minW=134 found cw of W=116: [20 41 45 57 58 65 69 70 94 97 98 102 106 109 129 137 145 146 153 157 161 162 170 178 182 207 211 215 233 239 254 258 262 269 289 323 378 386 403 431 452 474 477 485 503 513 519 534 552 559 571 577 581 590 594 596 602 604 609 624 634 638 642 643 677 690 694 701 715 721 739 765 786 810 819 826 842 867 902 918 921 928 929 934 935 953 959 990 1028 1053 1081 1099 1109 1142 1150 1163 1167 1170 1175 1178 1195 1197 1203 1209 1217 1228 1233 1234 1241 1242 1246 1253 1256 1278 1279 1291]\n# round=2000 of 50000 minW=116\n# round=3000 of 50000 minW=116\n# round=4000 of 50000 minW=116\n# step=4392 row=268 minW=116 found cw of W=114: [18 21 52 57 60 74 90 97 105 142 162 176 197 230 232 238 246 248 261 270 292 295 306 320 321 323 331 339 354 364 365 408 425 430 434 455 464 518 526 533 540 565 567 573 584 592 596 613 642 655 656 675 693 700 709 725 733 746 758 766 810 824 850 856 864 865 877 891 902 907 913 916 935 943 952 966 968 1004 1005 1013 1015 1021 1046 1054 1066 1068 1085 1123 1137 1145 1153 1154 1155 1161 1163 1177 1184 1190 1196 1200 1204 1216 1226 1248 1253 1256 1265 1270 1273 1278 1279 1285 1287 1292]\n# round=5000 of 50000 minW=114\n# round=6000 of 50000 minW=114\n# round=7000 of 50000 minW=114\n# round=8000 of 50000 minW=114\n# round=9000 of 50000 minW=114\n# round=10000 of 50000 minW=114\n# round=11000 of 50000 minW=114\n# round=12000 of 50000 minW=114\n# round=13000 of 50000 minW=114\n# round=14000 of 50000 minW=114\n# round=15000 of 50000 minW=114\n# round=16000 of 50000 minW=114\n# round=17000 of 50000 minW=114\n# round=18000 of 50000 minW=114\n# round=19000 of 50000 minW=114\n# round=20000 of 50000 minW=114\n# round=21000 of 50000 minW=114\n# round=22000 of 50000 minW=114\n# round=23000 of 50000 minW=114\n# round=24000 of 50000 minW=114\n# round=25000 of 50000 minW=114\n# round=26000 of 50000 minW=114\n# round=27000 of 50000 minW=114\n# step=27161 row=204 minW=114 found cw of W=84: [24 40 52 54 56 101 105 107 149 164 168 172 181 195 209 220 240 248 256 258 264 281 288 297 311 336 359 361 368 380 384 393 420 421 445 453 472 477 480 484 488 496 547 555 575 580 584 588 592 604 618 624 633 672 680 690 701 709 711 728 744 789 825 885 915 968 980 988 1018 1024 1025 1056 1057 1079 1134 1141 1159 1165 1196 1228 1229 1237 1258 1275]\n# step=27161 row=260 minW=84 found cw of W=82: [40 52 54 56 101 105 107 140 149 164 168 172 181 195 209 240 248 256 258 264 281 288 297 311 336 361 368 380 393 420 421 439 445 453 472 477 480 484 488 496 500 547 575 584 588 592 604 618 624 633 652 672 680 690 701 709 711 728 744 789 825 885 915 968 1018 1024 1025 1056 1057 1079 1096 1134 1141 1159 1165 1196 1212 1228 1229 1237 1258 1275]\n# step=27161 row=554 minW=82 found cw of W=80: [40 52 54 56 101 105 107 149 164 168 172 181 195 209 220 240 248 256 258 264 281 288 297 311 336 361 368 380 393 420 421 445 453 472 477 480 484 488 496 547 555 575 580 584 588 592 604 618 624 633 672 680 690 701 709 711 728 744 789 825 885 915 968 1018 1024 1025 1056 1057 1079 1104 1134 1141 1159 1165 1196 1228 1229 1237 1258 1275]\n# round=28000 of 50000 minW=80\n# round=29000 of 50000 minW=80\n# round=30000 of 50000 minW=80\n# round=31000 of 50000 minW=80\n# round=32000 of 50000 minW=80\n# round=33000 of 50000 minW=80\n# round=34000 of 50000 minW=80\n# round=35000 of 50000 minW=80\n# round=36000 of 50000 minW=80\n# round=37000 of 50000 minW=80\n# round=38000 of 50000 minW=80\n# round=39000 of 50000 minW=80\n# round=40000 of 50000 minW=80\n# round=41000 of 50000 minW=80\n# round=42000 of 50000 minW=80\n# round=43000 of 50000 minW=80\n# round=44000 of 50000 minW=80\n# round=45000 of 50000 minW=80\n# round=46000 of 50000 minW=80\n# round=47000 of 50000 minW=80\n# round=48000 of 50000 minW=80\n# round=49000 of 50000 minW=80\n# round=50000 of 50000 minW=80\nRW algorithm upper bound for the distance d=80\n
A45: [[1152,4,42]] | B45: 1152 | C45: 4 | D45: 56 | E45: 14 | F45: 128.32605897262692 | G45: 1 | H45: 1 | I45: # step=0 row=0 minW=1153 found cw of W=224: [1 2 14 15 17 20 24 26 34 51 63 78 81 82 85 89 95 107 110 120 124 125 127 128 129 136 138 154 155 164 174 188 189 191 198 203 205 208 210 213 214 215 235 244 246 250 252 261 263 265 282 284 286 287 294 296 297 301 302 309 311 312 314 316 318 330 334 336 339 341 342 344 346 356 358 370 371 388 395 402 408 424 427 428 430 440 448 485 498 500 502 505 523 528 534 539 541 557 563 567 568 571 573 575 576 577 579 580 581 582 589 592 609 611 614 619 624 630 631 641 643 664 668 675 676 686 696 705 710 714 722 725 738 744 752 767 769 777 783 787 789 792 796 800 803 805 807 810 819 824 825 826 829 835 846 848 851 864 870 873 877 882 890 901 907 908 912 924 935 941 943 947 948 950 961 968 969 970 978 979 986 989 995 997 1002 1004 1005 1006 1010 1014 1019 1020 1022 1037 1052 1057 1060 1061 1062 1064 1070 1074 1079 1084 1089 1090 1098 1101 1103 1106 1108 1116 1120 1129 1133 1136 1140 1142 1144 1146 1147 1149 1150 1152]\n# step=0 row=5 minW=224 found cw of W=216: [2 9 12 13 19 22 23 26 34 37 45 50 58 60 62 63 72 73 85 107 111 124 127 128 129 132 136 150 154 155 164 171 185 190 197 198 202 205 210 215 244 250 252 261 264 265 266 281 282 284 297 301 311 314 316 318 334 340 358 371 380 388 395 404 405 408 413 417 419 426 427 428 436 438 440 444 446 450 461 475 479 480 484 491 498 500 502 509 510 514 523 545 557 558 563 567 568 571 572 575 577 581 582 590 598 601 607 609 611 619 624 626 629 630 631 636 637 641 657 661 664 670 676 677 697 702 704 705 709 716 717 718 722 731 752 760 767 768 772 783 787 792 799 800 803 805 811 815 818 819 820 826 829 835 837 845 846 848 851 856 857 859 861 864 865 877 882 890 895 903 910 911 921 925 935 941 947 948 961 968 969 970 974 978 979 986 990 1004 1010 1019 1020 1037 1039 1050 1052 1054 1061 1064 1070 1073 1074 1081 1087 1089 1090 1093 1098 1103 1104 1106 1128 1129 1130 1133 1135 1146]\n# step=0 row=6 minW=216 found cw of W=198: [8 13 16 20 31 37 41 45 51 54 63 82 94 95 105 107 111 120 124 154 168 171 185 189 190 191 193 198 202 226 235 240 246 250 252 264 265 287 291 297 301 302 304 309 311 312 314 316 322 330 339 340 342 362 365 373 378 380 387 388 395 401 402 404 414 417 418 419 427 428 430 433 436 438 442 444 448 459 461 466 475 479 480 484 485 486 496 497 500 502 510 518 520 523 533 539 562 571 573 575 584 587 588 601 607 625 626 631 635 636 639 643 657 664 670 676 677 681 682 695 696 699 702 716 718 727 729 730 738 744 745 754 772 777 781 787 792 798 800 805 807 808 810 811 820 825 835 837 845 846 850 859 861 864 870 873 882 885 895 907 915 921 939 946 948 951 960 968 970 977 981 989 990 1004 1005 1020 1022 1037 1039 1046 1054 1060 1070 1079 1081 1084 1087 1090 1098 1105 1114 1124 1133 1135 1136 1142 1144 1150]\n# step=0 row=21 minW=198 found cw of W=194: [2 3 4 8 13 14 23 24 31 34 37 41 43 51 56 60 63 78 81 82 91 95 105 111 114 124 127 129 132 138 190 191 193 199 205 212 213 215 226 240 245 250 252 257 263 264 281 286 287 291 296 314 316 324 341 365 370 371 373 380 387 388 395 404 412 419 433 434 455 459 461 466 478 480 491 498 504 505 506 522 539 545 563 576 579 581 589 598 606 619 631 632 635 636 643 648 657 660 668 675 677 679 681 682 692 693 694 696 697 705 709 714 717 718 722 727 729 732 738 744 745 752 754 760 768 769 775 784 788 789 792 800 803 805 811 813 820 822 824 825 826 832 837 843 850 856 861 864 875 877 882 885 890 906 911 912 932 941 943 948 961 968 969 970 973 977 978 979 981 986 990 1004 1005 1014 1019 1020 1032 1037 1042 1052 1054 1061 1073 1075 1079 1089 1093 1101 1105 1120 1121 1124 1129 1130]\n# step=0 row=103 minW=194 found cw of W=184: [4 9 13 19 26 31 41 60 63 73 82 85 89 94 105 110 120 124 127 138 154 164 168 174 178 182 188 190 199 200 205 210 212 213 215 235 242 250 256 262 264 266 281 286 297 301 302 309 311 312 314 341 356 362 380 402 405 412 419 433 436 446 459 466 472 484 491 498 506 509 510 523 528 553 562 565 577 579 580 587 598 601 606 609 611 614 624 626 629 631 634 636 641 643 648 657 660 664 668 675 676 681 682 692 704 705 709 722 725 727 729 730 731 732 745 754 757 760 767 769 772 784 788 793 796 798 805 807 810 813 815 822 825 835 848 850 856 865 870 873 875 882 903 908 915 918 924 941 943 946 948 961 968 973 977 978 990 992 1010 1019 1020 1032 1039 1046 1054 1057 1061 1069 1073 1074 1081 1089 1090 1093 1098 1101 1103 1104 1106 1114 1130 1135 1144 1147]\n# step=4 row=558 minW=184 found cw of W=170: [3 13 22 24 28 35 39 41 43 44 55 69 76 77 100 114 115 118 147 157 173 181 187 188 203 213 214 219 221 233 253 256 257 275 277 279 282 289 290 307 312 320 321 335 344 346 349 360 362 372 376 392 394 404 405 408 410 422 430 438 444 448 462 465 468 475 476 493 498 509 512 529 532 537 547 552 554 557 563 564 573 576 582 592 614 621 624 627 635 640 649 674 676 677 678 684 689 692 696 699 704 714 732 740 741 742 747 756 762 764 768 778 780 787 789 792 801 804 814 817 822 828 831 842 855 857 869 875 890 897 917 935 951 957 961 964 979 980 993 997 1005 1006 1007 1014 1019 1026 1040 1060 1069 1071 1077 1081 1082 1094 1099 1101 1108 1109 1110 1112 1113 1115 1122 1126 1127 1128 1129 1134 1141 1149]\n# step=7 row=37 minW=170 found cw of W=150: [2 5 6 25 28 32 43 65 66 71 76 86 96 98 106 107 112 113 116 162 164 167 171 172 182 188 197 201 205 209 211 215 220 226 230 234 235 236 240 258 260 279 285 308 310 361 364 375 378 401 419 429 437 438 440 444 449 454 460 466 468 483 505 507 508 512 514 525 528 534 546 564 571 573 579 585 590 591 608 612 613 620 639 641 644 657 682 687 688 690 706 715 721 722 735 737 741 746 751 755 760 761 762 763 767 770 780 782 783 796 797 807 809 812 831 833 843 849 865 871 892 894 903 905 908 922 927 939 953 959 962 978 980 981 1001 1018 1022 1035 1046 1050 1051 1052 1059 1077 1082 1088 1089 1123 1133 1144]\n# step=7 row=87 minW=150 found cw of W=146: [2 6 19 25 28 32 43 65 71 76 86 96 98 106 107 112 113 116 148 167 171 172 182 188 197 201 205 209 211 215 220 226 230 234 235 236 240 258 279 285 308 310 361 364 375 378 401 419 429 437 438 440 444 449 454 460 466 468 483 485 505 507 508 512 514 525 528 534 546 564 571 573 579 585 590 591 608 612 613 620 627 639 644 657 682 687 688 690 706 721 722 733 735 741 746 751 755 760 761 762 763 767 770 780 782 783 796 807 809 811 812 831 833 843 849 865 871 892 894 903 905 908 922 927 939 953 959 962 964 980 981 1001 1018 1022 1035 1046 1050 1051 1059 1077 1082 1088 1089 1123 1133 1144]\n# step=19 row=179 minW=146 found cw of W=108: [27 32 45 46 52 73 83 99 100 105 120 162 169 173 206 215 220 242 243 245 257 265 275 295 305 326 331 339 341 343 349 354 358 364 368 378 382 383 390 412 417 422 427 436 442 446 459 465 478 479 489 511 516 521 542 548 558 563 578 612 617 620 621 643 676 695 722 727 732 737 745 748 749 758 764 780 786 806 811 817 818 844 866 870 875 902 911 919 923 924 929 933 934 971 987 998 1003 1034 1044 1045 1059 1061 1066 1069 1071 1108 1114 1133]\n# step=727 row=195 minW=108 found cw of W=100: [3 25 31 33 45 47 77 78 87 119 125 141 151 152 162 170 180 225 235 237 240 244 272 282 299 327 332 366 370 378 380 382 386 396 401 462 466 469 474 478 515 521 525 538 543 554 594 598 611 612 614 616 618 620 631 655 682 700 702 753 755 759 765 774 776 792 796 798 802 816 817 853 863 866 872 888 898 902 911 912 935 955 959 968 984 992 1015 1029 1041 1050 1054 1064 1082 1086 1088 1092 1102 1105 1127 1128]\n# round=1000 of 50000 minW=100\n# round=2000 of 50000 minW=100\n# step=2916 row=38 minW=100 found cw of W=72: [12 18 34 43 50 55 58 65 66 69 72 82 86 98 104 118 122 130 143 160 194 209 234 247 261 273 282 299 339 347 363 385 395 417 421 427 431 435 442 456 459 481 495 506 546 569 587 642 643 647 673 675 747 769 770 784 832 836 848 857 874 883 888 896 910 914 931 938 979 1027 1031 1075]\n# step=2916 row=357 minW=72 found cw of W=70: [12 18 34 43 50 55 58 65 66 69 82 86 98 104 118 122 130 143 160 194 209 234 247 261 273 282 299 339 347 363 395 417 421 427 431 435 442 456 459 495 506 546 569 587 633 642 643 673 675 697 747 769 770 784 832 836 848 857 874 883 888 896 910 914 931 938 979 1027 1031 1075]\n# round=3000 of 50000 minW=70\n# round=4000 of 50000 minW=70\n# round=5000 of 50000 minW=70\n# step=5307 row=261 minW=70 found cw of W=66: [1 11 24 28 32 42 45 47 75 88 106 107 110 157 162 175 180 190 200 236 244 245 249 296 323 333 387 402 444 466 470 480 512 533 544 547 549 589 596 677 682 685 692 732 750 751 756 760 785 838 839 881 902 933 962 963 977 981 1014 1029 1036 1045 1069 1088 1124 1125]\n# round=6000 of 50000 minW=66\n# round=7000 of 50000 minW=66\n# round=8000 of 50000 minW=66\n# round=9000 of 50000 minW=66\n# round=10000 of 50000 minW=66\n# round=11000 of 50000 minW=66\n# round=12000 of 50000 minW=66\n# round=13000 of 50000 minW=66\n# round=14000 of 50000 minW=66\n# round=15000 of 50000 minW=66\n# round=16000 of 50000 minW=66\n# round=17000 of 50000 minW=66\n# step=17382 row=447 minW=66 found cw of W=64: [30 40 48 57 70 71 104 121 177 209 241 256 270 278 288 319 329 358 380 411 415 417 425 458 464 468 472 478 481 485 523 528 532 552 569 572 573 596 614 631 641 670 752 757 784 810 840 862 906 909 992 996 1001 1002 1005 1049 1070 1080 1084 1094 1098 1133 1144 1148]\n# round=18000 of 50000 minW=64\n# round=19000 of 50000 minW=64\n# round=20000 of 50000 minW=64\n# round=21000 of 50000 minW=64\n# round=22000 of 50000 minW=64\n# round=23000 of 50000 minW=64\n# round=24000 of 50000 minW=64\n# round=25000 of 50000 minW=64\n# round=26000 of 50000 minW=64\n# round=27000 of 50000 minW=64\n# round=28000 of 50000 minW=64\n# round=29000 of 50000 minW=64\n# round=30000 of 50000 minW=64\n# round=31000 of 50000 minW=64\n# round=32000 of 50000 minW=64\n# round=33000 of 50000 minW=64\n# round=34000 of 50000 minW=64\n# step=34108 row=375 minW=64 found cw of W=56: [19 25 29 31 41 45 83 100 103 113 115 119 147 162 169 174 177 179 226 241 245 249 253 255 259 263 290 313 317 329 333 393 407 437 457 489 511 531 537 541 543 547 551 602 675 685 727 737 759 801 819 961 962 966 1035 1128]\n# round=35000 of 50000 minW=56\n# round=36000 of 50000 minW=56\n# round=37000 of 50000 minW=56\n# round=38000 of 50000 minW=56\n# round=39000 of 50000 minW=56\n# round=40000 of 50000 minW=56\n# round=41000 of 50000 minW=56\n# round=42000 of 50000 minW=56\n# round=43000 of 50000 minW=56\n# round=44000 of 50000 minW=56\n# round=45000 of 50000 minW=56\n# round=46000 of 50000 minW=56\n# round=47000 of 50000 minW=56\n# round=48000 of 50000 minW=56\n# round=49000 of 50000 minW=56\n# round=50000 of 50000 minW=56\nRW algorithm upper bound for the distance d=56\n
A46: [[1728,4,64]] | B46: 1728 | C46: 4 | D46: 128 | E46: 64 | F46: 317.35790168400854 | G46: 1 | H46: 1 | I46: # step=0 row=0 minW=1729 found cw of W=348: [1 7 8 17 18 20 27 31 33 37 43 46 53 57 58 60 64 67 75 78 86 90 96 98 103 104 106 112 113 115 124 125 126 127 137 139 140 143 144 146 149 150 155 159 174 196 201 205 211 220 222 235 239 243 248 256 258 260 262 263 264 266 271 284 285 287 296 299 309 310 312 313 320 331 345 347 348 354 356 358 360 361 366 367 368 369 376 385 395 401 405 411 415 423 428 432 439 452 457 461 465 472 476 484 489 492 496 498 499 507 509 517 518 533 534 536 537 538 543 549 552 554 560 564 566 567 569 578 581 584 588 590 600 602 606 610 611 613 623 629 632 635 643 650 654 669 685 687 701 708 722 723 725 727 729 730 737 749 753 755 764 773 775 776 778 793 796 797 823 828 831 836 839 844 850 852 856 859 863 869 874 879 882 883 887 889 894 896 898 901 908 910 917 920 921 926 934 945 951 955 958 963 964 972 973 976 986 988 1000 1012 1015 1016 1019 1020 1021 1022 1025 1031 1032 1033 1037 1045 1055 1056 1059 1064 1065 1068 1109 1122 1123 1136 1138 1140 1152 1156 1157 1158 1161 1164 1168 1172 1187 1197 1203 1209 1211 1216 1218 1219 1225 1226 1227 1228 1229 1230 1238 1242 1244 1246 1247 1248 1250 1252 1254 1256 1258 1259 1266 1268 1270 1271 1280 1295 1305 1336 1338 1341 1346 1349 1350 1360 1370 1375 1376 1377 1378 1380 1383 1390 1391 1393 1397 1398 1402 1420 1421 1424 1432 1436 1437 1438 1451 1453 1469 1475 1476 1483 1484 1490 1491 1506 1507 1510 1516 1521 1523 1528 1547 1548 1561 1562 1570 1572 1573 1578 1588 1601 1611 1614 1623 1637 1638 1639 1664 1672 1675 1676 1685 1698 1703 1704 1705 1708 1709 1721 1722 1724]\n# step=0 row=1 minW=348 found cw of W=330: [2 3 5 14 21 23 31 35 37 46 54 55 57 58 60 64 65 86 90 93 96 103 104 106 115 116 117 124 126 127 128 129 137 144 152 156 159 169 178 180 189 197 201 203 220 223 237 243 247 248 250 252 258 266 271 285 287 288 296 309 310 314 317 320 345 347 350 356 360 361 373 382 385 395 401 402 405 416 428 432 439 452 476 492 496 498 503 505 507 510 517 518 522 527 531 532 534 536 540 543 545 553 556 558 560 564 569 578 580 590 592 600 602 605 606 610 613 620 629 630 632 664 669 670 672 676 685 687 723 726 728 729 730 732 738 746 755 766 769 773 774 775 776 778 790 791 793 796 797 805 806 820 823 824 825 828 836 839 850 855 856 866 870 874 876 879 887 898 901 904 908 910 917 921 932 942 945 946 958 964 972 973 974 976 981 986 996 1000 1005 1011 1016 1022 1027 1031 1032 1043 1045 1080 1089 1092 1093 1099 1101 1107 1119 1120 1122 1123 1138 1140 1148 1149 1151 1154 1155 1156 1157 1158 1161 1167 1169 1187 1198 1199 1203 1209 1213 1218 1219 1230 1235 1238 1244 1246 1247 1256 1257 1258 1259 1264 1268 1270 1271 1272 1281 1286 1291 1294 1305 1316 1317 1333 1336 1337 1338 1346 1349 1350 1360 1370 1375 1381 1383 1390 1392 1394 1398 1402 1405 1410 1427 1430 1436 1437 1451 1453 1456 1457 1458 1460 1464 1475 1476 1481 1482 1483 1484 1490 1491 1506 1507 1510 1513 1515 1519 1522 1527 1528 1530 1531 1547 1548 1558 1563 1573 1578 1590 1598 1606 1611 1613 1616 1625 1626 1627 1638 1640 1643 1658 1665 1672 1675 1677 1685 1698 1703 1708 1709 1721 1722]\n# step=0 row=2 minW=330 found cw of W=302: [4 5 10 16 21 23 30 33 35 45 53 67 76 78 100 103 104 107 108 111 112 116 117 124 125 128 129 139 140 143 144 149 150 152 155 156 159 163 169 174 178 180 193 196 197 203 205 210 223 241 247 248 250 252 256 260 262 263 264 266 271 285 296 308 310 312 313 320 347 348 354 358 360 361 366 367 368 373 376 385 389 411 414 415 418 423 432 435 447 452 457 461 462 476 481 483 489 498 499 503 505 510 527 533 537 540 550 553 554 558 578 580 607 610 611 613 617 629 670 672 675 676 687 708 721 722 723 727 728 729 730 732 738 742 746 749 753 757 764 774 775 776 790 791 796 801 806 808 809 811 823 824 825 828 829 836 839 848 852 863 869 874 882 886 894 901 904 910 920 929 934 945 946 963 964 974 975 981 988 1003 1005 1006 1008 1022 1024 1031 1032 1034 1037 1043 1055 1056 1068 1080 1090 1091 1092 1099 1107 1109 1120 1123 1138 1154 1155 1159 1164 1168 1172 1173 1197 1198 1199 1203 1210 1212 1213 1215 1218 1219 1225 1247 1250 1252 1255 1257 1258 1259 1263 1266 1270 1272 1280 1294 1295 1300 1318 1319 1336 1337 1341 1351 1356 1362 1380 1383 1391 1393 1394 1397 1405 1410 1415 1427 1433 1434 1437 1451 1453 1456 1457 1464 1482 1506 1510 1513 1515 1516 1521 1522 1532 1558 1561 1562 1572 1578 1598 1611 1613 1616 1621 1623 1625 1638 1643 1654 1658 1661 1672 1675 1676 1677 1678 1685 1705 1708 1712 1713 1718 1719 1720 1722]\n# step=0 row=11 minW=302 found cw of W=276: [3 5 14 16 18 20 23 24 25 27 29 34 35 54 55 57 65 67 73 74 76 78 98 104 107 111 113 116 124 125 139 140 143 144 149 150 152 155 157 159 161 163 165 169 174 196 197 210 212 237 241 247 248 256 260 262 266 285 286 287 288 289 293 296 297 308 310 313 314 340 347 350 351 354 358 360 369 373 381 382 387 389 409 414 416 456 462 465 468 472 481 483 484 499 503 510 512 517 527 531 534 550 554 556 558 560 564 580 602 605 606 613 616 672 676 685 687 725 728 729 730 732 738 746 773 774 776 778 793 796 797 817 821 823 828 829 831 836 839 848 852 856 859 866 874 879 882 887 894 898 904 907 910 926 929 934 946 951 955 958 961 988 996 1000 1003 1005 1006 1011 1012 1015 1022 1023 1024 1027 1034 1037 1041 1045 1052 1055 1056 1100 1109 1122 1138 1140 1148 1156 1159 1167 1172 1173 1187 1197 1198 1210 1213 1218 1219 1230 1235 1238 1250 1254 1255 1256 1257 1258 1259 1262 1264 1270 1271 1272 1281 1286 1305 1316 1333 1336 1356 1360 1362 1370 1375 1381 1383 1394 1402 1410 1415 1427 1428 1429 1430 1434 1450 1456 1457 1458 1464 1480 1481 1500 1506 1507 1519 1520 1527 1528 1532 1547 1548 1557 1573 1578 1590 1598 1613 1616 1623 1626 1627 1638 1639 1640 1665 1672 1676 1685 1708 1712 1713 1717 1722 1724]\n# step=0 row=251 minW=276 found cw of W=274: [10 16 17 18 21 26 27 31 33 34 35 43 46 57 58 60 61 64 65 67 73 74 78 93 98 103 112 113 115 116 117 124 125 126 127 144 159 165 169 220 235 239 241 250 252 266 284 285 288 296 299 308 309 310 313 314 319 347 350 351 356 360 373 381 385 389 400 402 414 415 433 435 452 462 465 472 484 503 510 513 517 518 522 525 532 533 538 554 558 564 569 580 605 610 611 613 617 625 629 630 632 664 670 675 676 685 687 690 725 728 729 730 732 737 746 749 753 764 766 769 773 774 776 778 796 801 805 809 810 816 824 825 829 831 833 852 863 875 876 882 886 887 889 894 907 908 910 920 926 932 942 946 951 956 961 964 975 976 1000 1003 1005 1011 1012 1014 1016 1019 1020 1021 1023 1025 1026 1027 1065 1090 1091 1099 1100 1119 1122 1138 1151 1155 1156 1159 1167 1172 1173 1203 1210 1211 1212 1213 1219 1226 1227 1228 1229 1235 1246 1247 1248 1250 1254 1255 1258 1259 1263 1270 1271 1272 1280 1286 1291 1300 1305 1316 1317 1318 1319 1321 1336 1356 1360 1362 1370 1375 1378 1380 1381 1383 1391 1392 1393 1394 1398 1410 1432 1438 1450 1463 1464 1480 1483 1484 1505 1515 1523 1527 1530 1531 1532 1563 1570 1573 1588 1598 1607 1613 1626 1627 1637 1638 1639 1654 1659 1662 1664 1665 1678 1685 1709 1712 1713 1724]\n# step=0 row=422 minW=274 found cw of W=260: [5 10 17 18 23 31 35 45 46 53 55 57 58 73 74 75 76 96 98 111 112 113 117 124 126 146 163 169 189 193 205 206 210 220 223 241 243 247 250 256 258 260 264 271 272 309 312 313 320 351 354 358 361 367 368 381 385 395 401 405 409 411 415 428 435 439 452 456 472 484 503 517 527 534 550 553 556 560 564 578 580 581 600 602 605 606 611 616 617 625 630 669 670 675 676 708 721 722 723 726 728 745 769 774 775 793 817 820 823 824 825 828 831 836 839 848 849 870 875 876 879 884 887 889 894 898 901 904 907 917 946 951 955 956 961 963 974 975 996 1000 1011 1012 1016 1022 1027 1031 1032 1033 1034 1055 1056 1068 1089 1090 1091 1093 1099 1106 1107 1119 1120 1122 1124 1156 1157 1158 1159 1164 1167 1168 1173 1197 1198 1199 1203 1209 1210 1212 1213 1215 1216 1218 1219 1235 1238 1246 1248 1250 1252 1256 1262 1263 1285 1295 1305 1316 1317 1318 1319 1321 1322 1333 1337 1338 1356 1360 1370 1380 1381 1383 1391 1393 1402 1405 1415 1427 1434 1438 1453 1456 1457 1463 1464 1469 1481 1483 1500 1510 1522 1527 1528 1530 1531 1532 1558 1561 1562 1572 1578 1594 1607 1613 1614 1616 1621 1623 1626 1654 1665 1670 1671 1675 1676 1678 1701 1717 1718 1719 1721 1722]\n# step=0 row=852 minW=260 found cw of W=258: [5 10 17 18 23 31 35 45 46 53 55 57 58 73 74 75 76 96 98 111 112 113 117 124 126 146 163 169 189 193 205 206 210 220 223 241 243 247 250 256 258 260 264 271 272 309 312 313 320 344 351 354 358 361 367 368 381 385 395 401 405 409 411 415 428 435 439 452 456 472 484 503 517 527 534 550 553 556 560 564 578 580 581 600 602 605 606 611 616 617 625 630 669 670 675 676 708 721 722 723 726 728 745 769 774 775 793 817 820 823 824 825 828 831 836 839 870 875 876 879 887 889 894 898 901 904 907 917 946 951 955 956 961 963 974 975 996 1000 1011 1012 1016 1022 1027 1031 1032 1033 1034 1055 1056 1068 1089 1090 1091 1093 1099 1106 1107 1119 1120 1122 1124 1156 1157 1158 1159 1164 1167 1168 1173 1197 1198 1199 1203 1209 1210 1212 1213 1215 1216 1218 1219 1235 1238 1246 1248 1250 1252 1256 1262 1263 1285 1295 1305 1316 1317 1318 1319 1321 1322 1333 1337 1338 1356 1360 1370 1380 1381 1383 1391 1393 1402 1405 1415 1427 1434 1438 1453 1456 1457 1463 1464 1469 1481 1483 1500 1510 1522 1527 1528 1530 1531 1532 1558 1561 1562 1572 1578 1594 1607 1613 1614 1616 1621 1623 1626 1654 1665 1670 1671 1675 1676 1678 1697 1717 1718 1719 1721 1722]\n# step=110 row=259 minW=258 found cw of W=248: [3 4 6 10 14 18 44 47 56 57 59 65 74 93 109 112 115 117 121 130 132 139 141 143 149 159 160 162 172 175 176 177 185 200 234 238 247 255 260 264 282 298 302 304 305 310 311 315 318 325 329 334 339 343 354 357 365 372 380 386 387 391 403 406 409 415 418 423 426 440 444 448 451 460 465 476 490 499 505 535 536 539 540 549 550 553 558 562 563 578 580 582 583 600 609 612 615 619 627 629 634 638 645 647 661 665 667 670 672 676 683 687 739 740 741 743 747 752 754 762 772 773 786 792 803 811 823 835 854 856 857 858 890 902 904 908 911 926 927 928 932 942 943 946 956 963 965 966 979 980 983 984 991 992 999 1001 1016 1024 1025 1033 1038 1052 1070 1071 1074 1076 1090 1101 1131 1132 1133 1138 1144 1153 1157 1163 1167 1196 1197 1201 1203 1206 1210 1223 1233 1235 1243 1265 1266 1275 1279 1294 1300 1302 1303 1313 1315 1359 1392 1393 1398 1406 1415 1430 1440 1468 1471 1492 1494 1495 1500 1501 1502 1503 1508 1515 1517 1520 1532 1533 1536 1537 1545 1547 1548 1556 1563 1564 1566 1587 1589 1594 1600 1605 1606 1621 1639 1643 1644 1651 1663 1675 1686 1687 1705 1709 1719 1723]\n# step=178 row=120 minW=248 found cw of W=246: [1 33 36 47 48 86 87 90 93 98 106 112 117 120 125 141 144 147 148 151 154 156 163 167 186 190 194 196 201 207 208 214 217 233 236 245 248 249 252 254 256 258 283 287 288 289 299 303 305 307 322 337 350 356 357 361 386 389 390 393 401 406 431 447 458 463 465 469 473 476 484 488 508 510 518 520 522 526 527 528 531 537 539 542 544 547 550 569 575 578 579 585 592 595 598 600 602 604 608 609 610 611 613 614 615 619 623 626 629 634 646 647 657 669 677 693 697 708 713 731 735 740 755 756 782 791 806 822 875 883 920 925 929 942 944 946 947 954 957 958 963 964 971 972 973 981 986 994 998 1001 1017 1032 1037 1039 1043 1048 1050 1060 1071 1072 1081 1084 1089 1096 1100 1114 1115 1116 1132 1136 1139 1148 1152 1155 1158 1159 1174 1183 1187 1189 1206 1209 1237 1256 1284 1291 1292 1295 1296 1300 1302 1303 1311 1316 1323 1346 1362 1379 1380 1386 1387 1388 1389 1393 1394 1424 1425 1429 1430 1433 1434 1436 1441 1444 1448 1449 1455 1458 1461 1467 1469 1476 1482 1485 1486 1499 1503 1509 1513 1522 1529 1542 1549 1561 1577 1588 1604 1609 1610 1611 1612 1651 1659 1662 1675 1682]\n# step=194 row=538 minW=246 found cw of W=238: [8 15 24 60 91 95 99 108 114 119 142 157 167 169 177 200 205 209 214 218 225 240 242 243 244 251 268 271 272 275 290 295 296 297 303 321 337 345 351 362 377 385 390 394 400 409 419 423 433 460 465 476 478 480 481 513 515 560 566 573 578 584 596 598 600 608 611 613 615 623 635 639 643 657 659 661 665 666 675 681 705 709 717 722 723 725 729 737 741 744 765 769 780 783 784 792 793 795 798 800 803 816 826 831 846 851 852 867 877 878 879 880 881 887 893 894 897 899 908 913 914 940 959 1003 1016 1017 1020 1021 1038 1039 1049 1059 1062 1066 1068 1069 1086 1087 1091 1093 1096 1102 1105 1107 1109 1118 1142 1144 1151 1152 1153 1154 1155 1168 1171 1179 1185 1188 1195 1203 1222 1226 1230 1231 1232 1233 1240 1245 1246 1253 1257 1258 1273 1276 1289 1313 1322 1333 1360 1365 1367 1368 1377 1399 1402 1403 1428 1445 1456 1461 1463 1465 1514 1518 1523 1530 1534 1542 1544 1554 1557 1558 1561 1563 1564 1570 1571 1572 1573 1574 1581 1590 1592 1593 1597 1598 1599 1606 1608 1610 1612 1623 1624 1632 1644 1649 1673 1674 1678 1685 1686 1688 1698 1701 1702 1704 1725 1727]\n# step=617 row=339 minW=238 found cw of W=234: [10 12 56 100 109 112 139 148 153 156 161 166 168 198 203 206 210 212 214 225 227 249 251 266 267 276 292 295 300 304 309 320 327 331 343 345 347 349 358 362 363 369 371 378 395 396 412 413 422 423 425 433 459 464 480 500 508 527 540 555 557 560 562 564 566 567 605 608 611 616 626 637 641 644 648 650 652 654 655 663 665 666 668 669 674 675 685 686 702 704 709 710 711 714 717 725 727 728 729 733 753 754 755 767 769 778 779 780 781 821 824 830 832 862 863 865 895 897 909 915 916 949 953 955 988 992 993 997 1000 1012 1013 1016 1029 1037 1041 1046 1051 1061 1062 1067 1100 1101 1102 1106 1107 1119 1126 1148 1157 1162 1165 1167 1168 1173 1177 1178 1180 1184 1194 1202 1203 1204 1206 1243 1251 1254 1256 1260 1261 1262 1265 1272 1273 1295 1308 1313 1314 1317 1323 1324 1348 1352 1353 1354 1355 1356 1359 1364 1372 1400 1409 1416 1419 1421 1454 1458 1459 1493 1514 1519 1520 1523 1525 1533 1534 1537 1543 1550 1552 1557 1559 1565 1567 1569 1570 1606 1608 1612 1620 1630 1633 1652 1656 1667 1669 1678 1680 1683 1708 1709 1710 1713 1715 1716]\n# step=647 row=78 minW=234 found cw of W=232: [5 8 13 18 21 29 52 61 64 70 72 75 76 86 91 103 107 113 117 120 121 122 125 127 135 137 147 156 174 176 180 182 187 188 191 215 224 230 233 234 275 276 281 282 286 287 300 305 351 377 381 383 384 419 426 428 430 435 438 440 444 445 446 485 515 523 532 543 545 556 560 584 585 590 607 613 618 628 629 632 639 644 664 665 668 671 676 678 682 683 691 693 697 698 711 712 718 729 730 740 744 745 791 794 807 838 842 846 855 857 866 870 894 895 896 898 899 908 914 915 916 918 925 939 971 979 988 1003 1004 1009 1012 1016 1021 1034 1036 1040 1046 1063 1067 1071 1073 1085 1088 1089 1113 1129 1130 1132 1136 1137 1138 1155 1156 1157 1175 1185 1230 1231 1233 1236 1251 1252 1253 1255 1258 1272 1273 1276 1277 1284 1297 1319 1323 1325 1327 1334 1339 1344 1346 1347 1363 1394 1395 1404 1405 1413 1414 1427 1430 1433 1448 1469 1474 1477 1482 1483 1488 1493 1494 1495 1502 1514 1516 1520 1524 1527 1536 1537 1538 1544 1550 1560 1567 1580 1581 1589 1594 1595 1613 1618 1629 1632 1636 1644 1657 1658 1659 1685 1686 1691 1708 1709]\n# step=829 row=742 minW=232 found cw of W=228: [19 23 27 40 44 48 54 57 95 128 179 184 191 194 195 199 204 207 211 216 222 227 237 241 246 250 251 259 261 263 278 282 288 291 304 308 309 319 320 321 323 327 338 356 359 376 378 383 384 411 417 420 426 462 466 470 471 475 479 481 523 526 528 573 575 585 601 605 610 617 621 633 651 663 665 668 674 685 690 692 703 708 710 712 713 715 721 722 723 726 728 731 733 736 748 752 766 767 776 779 780 781 785 786 787 797 819 820 822 827 836 838 839 844 867 874 901 902 906 909 923 924 957 966 995 996 1010 1053 1054 1062 1071 1072 1084 1085 1090 1102 1112 1113 1114 1115 1121 1145 1158 1163 1167 1173 1177 1180 1188 1204 1216 1217 1219 1220 1225 1226 1229 1230 1232 1234 1235 1237 1256 1257 1258 1262 1263 1270 1271 1272 1275 1278 1296 1319 1333 1359 1360 1361 1368 1371 1376 1413 1423 1431 1444 1458 1462 1470 1471 1481 1485 1501 1514 1515 1536 1551 1556 1559 1560 1561 1566 1567 1568 1569 1575 1580 1594 1603 1604 1606 1620 1625 1639 1648 1649 1650 1655 1656 1666 1668 1671 1673 1674 1681 1685 1686 1722 1724]\n# step=992 row=430 minW=228 found cw of W=226: [4 39 43 56 58 71 73 75 77 79 84 87 95 98 107 110 116 125 130 134 136 140 144 152 160 171 175 176 178 186 205 209 224 227 248 251 263 292 308 310 311 358 364 379 454 461 462 472 476 482 487 488 495 500 502 511 519 528 543 555 559 564 570 575 578 582 585 589 603 607 610 619 624 627 629 636 654 655 656 658 661 666 672 678 680 684 685 691 701 702 717 735 779 782 794 821 836 841 847 858 862 889 893 897 904 909 910 919 943 947 948 950 966 968 977 984 997 1001 1002 1034 1036 1041 1044 1053 1057 1068 1072 1076 1077 1080 1085 1100 1104 1112 1151 1157 1158 1160 1177 1181 1191 1203 1204 1205 1206 1207 1228 1229 1230 1231 1257 1269 1308 1309 1310 1314 1326 1327 1335 1340 1348 1351 1352 1354 1365 1366 1376 1381 1387 1394 1401 1411 1423 1436 1441 1443 1444 1452 1453 1454 1471 1475 1476 1477 1478 1479 1503 1507 1509 1511 1514 1517 1520 1524 1531 1532 1533 1534 1535 1539 1544 1546 1549 1556 1557 1561 1562 1564 1566 1572 1573 1576 1577 1584 1589 1601 1620 1628 1631 1668 1682 1686 1695 1707 1711 1714]\n# round=1000 of 50000 minW=226\n# round=2000 of 50000 minW=226\n# step=2369 row=457 minW=226 found cw of W=222: [9 10 28 37 40 53 55 58 95 100 106 111 120 125 127 128 134 135 143 146 152 158 194 196 199 200 205 213 249 264 266 293 317 321 324 332 339 340 341 358 363 366 370 383 387 393 397 398 408 411 461 465 476 498 511 527 536 538 539 543 549 551 562 594 595 598 609 625 626 628 635 637 645 646 652 675 683 686 698 717 721 722 739 743 747 755 756 758 769 775 790 794 797 801 826 841 844 846 848 850 862 863 880 886 889 902 903 906 908 909 910 922 925 937 939 948 958 974 977 983 984 987 992 993 994 1020 1025 1026 1033 1035 1036 1053 1079 1080 1082 1098 1139 1150 1164 1173 1177 1178 1179 1180 1181 1190 1191 1192 1193 1207 1239 1241 1248 1251 1258 1262 1263 1268 1285 1296 1298 1310 1334 1335 1336 1343 1351 1353 1386 1388 1391 1393 1394 1398 1399 1413 1414 1427 1432 1433 1442 1443 1448 1477 1479 1480 1484 1485 1488 1489 1509 1510 1525 1532 1535 1537 1539 1545 1550 1551 1552 1566 1570 1586 1587 1598 1600 1604 1606 1609 1617 1621 1623 1643 1644 1654 1669 1682 1693 1696 1712 1715]\n# step=2380 row=837 minW=222 found cw of W=200: [6 37 55 87 97 102 109 110 111 136 137 139 141 151 196 201 233 234 241 245 246 247 249 252 254 258 259 261 263 265 266 283 296 297 301 362 363 365 397 400 402 404 406 407 410 412 415 416 452 453 455 456 498 500 503 513 556 559 593 598 601 602 604 606 608 612 613 614 616 618 623 658 659 660 661 701 702 707 741 743 744 747 752 753 754 770 775 792 856 891 894 905 922 923 924 925 940 941 945 972 985 987 988 990 991 995 1038 1039 1040 1042 1043 1045 1049 1050 1082 1089 1093 1105 1132 1134 1135 1139 1141 1144 1158 1163 1181 1183 1184 1196 1201 1247 1250 1251 1262 1263 1268 1283 1286 1292 1296 1305 1306 1308 1310 1311 1315 1332 1345 1346 1347 1349 1398 1408 1409 1412 1446 1449 1454 1455 1492 1494 1501 1502 1503 1504 1506 1513 1514 1515 1541 1542 1543 1544 1546 1548 1550 1554 1558 1590 1591 1593 1597 1598 1599 1603 1604 1606 1610 1622 1623 1644 1646 1653 1655 1665 1668 1669 1670 1706]\n# round=3000 of 50000 minW=200\n# round=4000 of 50000 minW=200\n# round=5000 of 50000 minW=200\n# round=6000 of 50000 minW=200\n# round=7000 of 50000 minW=200\n# round=8000 of 50000 minW=200\n# round=9000 of 50000 minW=200\n# round=10000 of 50000 minW=200\n# round=11000 of 50000 minW=200\n# round=12000 of 50000 minW=200\n# round=13000 of 50000 minW=200\n# round=14000 of 50000 minW=200\n# round=15000 of 50000 minW=200\n# round=16000 of 50000 minW=200\n# round=17000 of 50000 minW=200\n# round=18000 of 50000 minW=200\n# round=19000 of 50000 minW=200\n# round=20000 of 50000 minW=200\n# step=20128 row=670 minW=200 found cw of W=194: [12 27 28 36 51 55 58 63 74 102 105 106 117 170 181 202 203 211 213 215 217 221 225 226 265 268 269 273 292 371 375 386 410 411 425 455 457 458 466 467 468 470 472 473 477 481 482 485 486 517 518 520 524 571 578 624 627 672 673 675 679 684 690 699 715 722 723 726 727 732 734 737 746 756 769 771 772 773 778 783 793 796 797 815 816 830 831 843 867 876 879 885 886 887 888 897 909 911 912 916 927 954 963 965 974 1006 1021 1022 1051 1055 1061 1062 1103 1117 1118 1119 1163 1164 1167 1172 1173 1177 1192 1227 1235 1245 1247 1256 1263 1269 1270 1271 1274 1276 1277 1286 1295 1304 1305 1307 1314 1316 1319 1321 1322 1333 1338 1359 1360 1368 1369 1370 1372 1385 1402 1411 1412 1413 1414 1417 1421 1467 1468 1469 1470 1479 1509 1510 1511 1521 1523 1525 1564 1565 1566 1567 1572 1585 1608 1617 1618 1621 1624 1629 1654 1667 1671 1673 1676 1677 1678 1682 1685 1697]\n# round=21000 of 50000 minW=194\n# round=22000 of 50000 minW=194\n# round=23000 of 50000 minW=194\n# step=23868 row=396 minW=194 found cw of W=172: [22 23 25 27 29 30 76 80 81 84 124 162 170 171 175 185 186 213 215 230 233 268 280 282 298 324 333 334 335 336 338 357 358 359 372 373 374 377 383 387 421 424 435 436 440 487 489 530 535 537 543 579 580 637 649 650 651 657 666 667 679 698 718 732 738 739 742 783 787 789 798 801 824 825 846 871 874 879 880 923 927 960 964 965 970 971 972 976 980 983 1019 1023 1029 1030 1066 1067 1077 1083 1117 1118 1119 1120 1126 1127 1128 1130 1168 1177 1178 1179 1180 1182 1186 1189 1190 1197 1206 1208 1209 1211 1218 1221 1225 1226 1230 1232 1235 1238 1270 1271 1324 1329 1331 1335 1338 1339 1342 1384 1385 1387 1426 1428 1429 1432 1433 1434 1464 1468 1477 1487 1515 1519 1532 1533 1535 1568 1578 1581 1582 1586 1588 1589 1617 1630 1639 1673 1677 1684 1685 1690 1701 1724]\n# round=24000 of 50000 minW=172\n# round=25000 of 50000 minW=172\n# round=26000 of 50000 minW=172\n# round=27000 of 50000 minW=172\n# round=28000 of 50000 minW=172\n# round=29000 of 50000 minW=172\n# round=30000 of 50000 minW=172\n# round=31000 of 50000 minW=172\n# round=32000 of 50000 minW=172\n# step=32327 row=683 minW=172 found cw of W=170: [24 25 26 42 44 87 89 90 189 195 202 238 240 247 254 271 272 286 298 300 322 323 331 333 343 382 389 390 394 397 398 400 401 402 449 487 490 494 505 528 529 531 536 542 544 552 591 592 593 596 602 633 635 637 644 646 650 652 654 656 660 676 678 680 682 696 700 701 706 742 743 744 751 752 753 757 847 848 850 853 874 876 877 879 886 887 888 923 925 927 928 931 933 938 940 941 976 984 989 1021 1073 1078 1079 1091 1092 1095 1120 1124 1135 1136 1137 1139 1142 1153 1175 1183 1184 1186 1216 1217 1220 1221 1222 1233 1235 1237 1242 1246 1247 1287 1293 1297 1339 1344 1345 1346 1377 1380 1381 1384 1387 1388 1427 1436 1438 1446 1447 1448 1476 1480 1481 1488 1489 1491 1525 1526 1552 1555 1559 1577 1591 1604 1606 1643 1646 1651 1696 1700 1702 1704]\n# round=33000 of 50000 minW=170\n# round=34000 of 50000 minW=170\n# round=35000 of 50000 minW=170\n# round=36000 of 50000 minW=170\n# round=37000 of 50000 minW=170\n# round=38000 of 50000 minW=170\n# step=38535 row=863 minW=170 found cw of W=128: [9 10 13 17 18 22 53 56 58 62 64 65 67 69 78 105 206 209 222 224 228 251 252 273 309 328 332 360 369 372 379 413 419 421 468 568 571 580 582 612 629 633 680 714 715 723 733 778 793 839 865 866 894 899 900 902 903 904 906 910 914 919 953 962 963 974 1005 1006 1014 1015 1055 1056 1057 1062 1100 1110 1113 1114 1123 1126 1151 1158 1159 1160 1161 1220 1225 1257 1259 1260 1263 1268 1317 1318 1322 1333 1365 1368 1374 1415 1420 1422 1423 1460 1467 1469 1473 1478 1479 1482 1511 1518 1520 1563 1567 1585 1608 1609 1610 1611 1614 1617 1619 1627 1631 1632 1677 1724]\n# round=39000 of 50000 minW=128\n# round=40000 of 50000 minW=128\n# round=41000 of 50000 minW=128\n# round=42000 of 50000 minW=128\n# round=43000 of 50000 minW=128\n# round=44000 of 50000 minW=128\n# round=45000 of 50000 minW=128\n# round=46000 of 50000 minW=128\n# round=47000 of 50000 minW=128\n# round=48000 of 50000 minW=128\n# round=49000 of 50000 minW=128\n# round=50000 of 50000 minW=128\nRW algorithm upper bound for the distance d=128\n
