Workbook

Sheet analysis
A2: Default | C2: 1 | D2: 2 | E2: 9 | F2: 11 | G2: 10 | H2: 13 | I2: 12 | J2: 14 | K2: 16 | L2: 17 | M2: 15 | N2: 5 | O2: 4 | P2: 3 | Q2: 19 | R2: 7 | S2: 18 | T2: 8 | U2: 20 | V2: 6
C3: {=INDIRECT("Sheet"&C$2&"!a1")} -> runMode: serial | D3: {=INDIRECT("Sheet"&D$2&"!a1")} -> runMode: serial | E3: {=INDIRECT("Sheet"&E$2&"!a1")} -> runMode: serial | F3: {=INDIRECT("Sheet"&F$2&"!a1")} -> runMode: serial | G3: {=INDIRECT("Sheet"&G$2&"!a1")} -> runMode: serial | H3: {=INDIRECT("Sheet"&H$2&"!a1")} -> runMode: serial | I3: {=INDIRECT("Sheet"&I$2&"!a1")} -> runMode: serial | J3: {=INDIRECT("Sheet"&J$2&"!a1")} -> runMode: serial | K3: {=INDIRECT("Sheet"&K$2&"!a1")} -> runMode: serial | M3: {=INDIRECT("Sheet"&M$2&"!a1")} -> runMode: serial | N3: {=INDIRECT("Sheet"&N$2&"!a1")} -> runMode: serial | O3: {=INDIRECT("Sheet"&O$2&"!a1")} -> runMode: serial | P3: {=INDIRECT("Sheet"&P$2&"!a1")} -> runMode: serial | R3: {=INDIRECT("Sheet"&R$2&"!a1")} -> runMode: serial | T3: {=INDIRECT("Sheet"&T$2&"!a1")} -> runMode: serial | V3: {=INDIRECT("Sheet"&V$2&"!a1")} -> runMode: serial
C4: {=INDIRECT("Sheet"&C$2&"!a"&ROW($A4)-2)} -> maxCount: 10000 | D4: {=INDIRECT("Sheet"&D$2&"!a"&ROW($A4)-2)} -> maxCount: 10000 | E4: {=INDIRECT("Sheet"&E$2&"!a"&ROW($A4)-2)} -> maxCount: 10000 | F4: {=INDIRECT("Sheet"&F$2&"!a"&ROW($A4)-2)} -> maxCount: 10000 | G4: {=INDIRECT("Sheet"&G$2&"!a"&ROW($A4)-2)} -> maxCount: 10000 | H4: {=INDIRECT("Sheet"&H$2&"!a"&ROW($A4)-2)} -> maxCount: 10000 | I4: {=INDIRECT("Sheet"&I$2&"!a"&ROW($A4)-2)} -> maxCount: 10000 | J4: {=INDIRECT("Sheet"&J$2&"!a"&ROW($A4)-2)} -> maxCount: 10000 | K4: {=INDIRECT("Sheet"&K$2&"!a"&ROW($A4)-2)} -> maxCount: 10000 | M4: {=INDIRECT("Sheet"&M$2&"!a"&ROW($A4)-2)} -> maxCount: 10000 | N4: {=INDIRECT("Sheet"&N$2&"!a"&ROW($A4)-2)} -> maxCount: 10000 | O4: {=INDIRECT("Sheet"&O$2&"!a"&ROW($A4)-2)} -> maxCount: 10000 | P4: {=INDIRECT("Sheet"&P$2&"!a"&ROW($A4)-2)} -> maxCount: 10000 | R4: {=INDIRECT("Sheet"&R$2&"!a"&ROW($A4)-2)} -> maxCount: 10000 | T4: {=INDIRECT("Sheet"&T$2&"!a"&ROW($A4)-2)} -> maxCount: 10000 | V4: {=INDIRECT("Sheet"&V$2&"!a"&ROW($A4)-2)} -> maxCount: 10000
C5: {=INDIRECT("Sheet"&C$2&"!a"&ROW($A5)-2)} -> repeat: 1 | D5: {=INDIRECT("Sheet"&D$2&"!a"&ROW($A5)-2)} -> repeat: 1 | E5: {=INDIRECT("Sheet"&E$2&"!a"&ROW($A5)-2)} -> repeat: 1 | F5: {=INDIRECT("Sheet"&F$2&"!a"&ROW($A5)-2)} -> repeat: 1 | G5: {=INDIRECT("Sheet"&G$2&"!a"&ROW($A5)-2)} -> repeat: 1 | H5: {=INDIRECT("Sheet"&H$2&"!a"&ROW($A5)-2)} -> repeat: 1 | I5: {=INDIRECT("Sheet"&I$2&"!a"&ROW($A5)-2)} -> 0 | J5: {=INDIRECT("Sheet"&J$2&"!a"&ROW($A5)-2)} -> repeat: 1 | K5: {=INDIRECT("Sheet"&K$2&"!a"&ROW($A5)-2)} -> repeat: 1 | M5: {=INDIRECT("Sheet"&M$2&"!a"&ROW($A5)-2)} -> repeat: 1 | N5: {=INDIRECT("Sheet"&N$2&"!a"&ROW($A5)-2)} -> repeat: 1 | O5: {=INDIRECT("Sheet"&O$2&"!a"&ROW($A5)-2)} -> repeat: 1 | P5: {=INDIRECT("Sheet"&P$2&"!a"&ROW($A5)-2)} -> repeat: 1 | R5: {=INDIRECT("Sheet"&R$2&"!a"&ROW($A5)-2)} -> repeat: 1 | T5: {=INDIRECT("Sheet"&T$2&"!a"&ROW($A5)-2)} -> repeat: 1 | V5: {=INDIRECT("Sheet"&V$2&"!a"&ROW($A5)-2)} -> repeat: 1
C6: {=INDIRECT("Sheet"&C$2&"!a"&ROW($A6)-2)} -> dataset: codeTables | D6: {=INDIRECT("Sheet"&D$2&"!a"&ROW($A6)-2)} -> dataset: codeTables | E6: {=INDIRECT("Sheet"&E$2&"!a"&ROW($A6)-2)} -> dataset: codeTables | F6: {=INDIRECT("Sheet"&F$2&"!a"&ROW($A6)-2)} -> dataset: codeTables | G6: {=INDIRECT("Sheet"&G$2&"!a"&ROW($A6)-2)} -> dataset: codeTables | H6: {=INDIRECT("Sheet"&H$2&"!a"&ROW($A6)-2)} -> dataset: codeTables | I6: {=INDIRECT("Sheet"&I$2&"!a"&ROW($A6)-2)} -> dataset: codeTables | J6: {=INDIRECT("Sheet"&J$2&"!a"&ROW($A6)-2)} -> dataset: codeTables | K6: {=INDIRECT("Sheet"&K$2&"!a"&ROW($A6)-2)} -> dataset: codeTables | M6: {=INDIRECT("Sheet"&M$2&"!a"&ROW($A6)-2)} -> dataset: codeTables | N6: {=INDIRECT("Sheet"&N$2&"!a"&ROW($A6)-2)} -> dataset: codeTables | O6: {=INDIRECT("Sheet"&O$2&"!a"&ROW($A6)-2)} -> dataset: codeTables | P6: {=INDIRECT("Sheet"&P$2&"!a"&ROW($A6)-2)} -> dataset: codeTables | R6: {=INDIRECT("Sheet"&R$2&"!a"&ROW($A6)-2)} -> dataset: codeTables | T6: {=INDIRECT("Sheet"&T$2&"!a"&ROW($A6)-2)} -> dataset: codeTables | V6: {=INDIRECT("Sheet"&V$2&"!a"&ROW($A6)-2)} -> dataset: codeTables
C7: {=INDIRECT("Sheet"&C$2&"!a"&ROW($A7)-2)} -> datafile: QECC_sample.txt | D7: {=INDIRECT("Sheet"&D$2&"!a"&ROW($A7)-2)} -> datafile: QECC_sample.txt | E7: {=INDIRECT("Sheet"&E$2&"!a"&ROW($A7)-2)} -> datafile: QECC_sample.txt | F7: {=INDIRECT("Sheet"&F$2&"!a"&ROW($A7)-2)} -> datafile: QECC_sample.txt | G7: {=INDIRECT("Sheet"&G$2&"!a"&ROW($A7)-2)} -> datafile: QECC_sample.txt | H7: {=INDIRECT("Sheet"&H$2&"!a"&ROW($A7)-2)} -> datafile: QECC_sample.txt | I7: {=INDIRECT("Sheet"&I$2&"!a"&ROW($A7)-2)} -> datafile: QECC_sample.txt | J7: {=INDIRECT("Sheet"&J$2&"!a"&ROW($A7)-2)} -> datafile: QECC_sample.txt | K7: {=INDIRECT("Sheet"&K$2&"!a"&ROW($A7)-2)} -> datafile: QECC_sample.txt | M7: {=INDIRECT("Sheet"&M$2&"!a"&ROW($A7)-2)} -> datafile: QECC_sample.txt | N7: {=INDIRECT("Sheet"&N$2&"!a"&ROW($A7)-2)} -> datafile: QECC_sample.txt | O7: {=INDIRECT("Sheet"&O$2&"!a"&ROW($A7)-2)} -> datafile: QECC_sample.txt | P7: {=INDIRECT("Sheet"&P$2&"!a"&ROW($A7)-2)} -> datafile: QECC_sample.txt | R7: {=INDIRECT("Sheet"&R$2&"!a"&ROW($A7)-2)} -> datafile: QECC_sample.txt | T7: {=INDIRECT("Sheet"&T$2&"!a"&ROW($A7)-2)} -> datafile: QECC_sample.txt | V7: {=INDIRECT("Sheet"&V$2&"!a"&ROW($A7)-2)} -> datafile: QECC_sample.txt
A8: method: x | C8: {=INDIRECT("Sheet"&C$2&"!a"&ROW($A8)-2)} -> method: GurobiDist | D8: {=INDIRECT("Sheet"&D$2&"!a"&ROW($A8)-2)} -> method: GurobiDist | E8: {=INDIRECT("Sheet"&E$2&"!a"&ROW($A8)-2)} -> method: BZDistMW | F8: {=INDIRECT("Sheet"&F$2&"!a"&ROW($A8)-2)} -> method: BZDistMW | G8: {=INDIRECT("Sheet"&G$2&"!a"&ROW($A8)-2)} -> method: BZDistMW | H8: {=INDIRECT("Sheet"&H$2&"!a"&ROW($A8)-2)} -> method: dist_m4ri_CC | I8: {=INDIRECT("Sheet"&I$2&"!a"&ROW($A8)-2)} -> method: dist_m4ri_CC | J8: {=INDIRECT("Sheet"&J$2&"!a"&ROW($A8)-2)} -> method: dist_m4ri_RW | ... V8: {=INDIRECT("Sheet"&V$2&"!a"&ROW($A8)-2)} -> method: QDistRndMW
C9: {=INDIRECT("Sheet"&C$2&"!a"&ROW($A9)-2)} -> ignoreTrivialCodes: 1 | D9: {=INDIRECT("Sheet"&D$2&"!a"&ROW($A9)-2)} -> ignoreTrivialCodes: 1 | E9: {=INDIRECT("Sheet"&E$2&"!a"&ROW($A9)-2)} -> ignoreTrivialCodes: 1 | F9: {=INDIRECT("Sheet"&F$2&"!a"&ROW($A9)-2)} -> ignoreTrivialCodes: 1 | G9: {=INDIRECT("Sheet"&G$2&"!a"&ROW($A9)-2)} -> ignoreTrivialCodes: 1 | H9: {=INDIRECT("Sheet"&H$2&"!a"&ROW($A9)-2)} -> ignoreTrivialCodes: 1 | I9: {=INDIRECT("Sheet"&I$2&"!a"&ROW($A9)-2)} -> ignoreTrivialCodes: 1 | J9: {=INDIRECT("Sheet"&J$2&"!a"&ROW($A9)-2)} -> ignoreTrivialCodes: 1 | ... V9: {=INDIRECT("Sheet"&V$2&"!a"&ROW($A9)-2)} -> ignoreTrivialCodes: 1
C10: {=INDIRECT("Sheet"&C$2&"!a"&ROW($A10)-2)} -> resume: 0 | D10: {=INDIRECT("Sheet"&D$2&"!a"&ROW($A10)-2)} -> resume: 0 | E10: {=INDIRECT("Sheet"&E$2&"!a"&ROW($A10)-2)} -> resume: 0 | F10: {=INDIRECT("Sheet"&F$2&"!a"&ROW($A10)-2)} -> resume: 0 | G10: {=INDIRECT("Sheet"&G$2&"!a"&ROW($A10)-2)} -> resume: 0 | H10: {=INDIRECT("Sheet"&H$2&"!a"&ROW($A10)-2)} -> resume: 0 | I10: {=INDIRECT("Sheet"&I$2&"!a"&ROW($A10)-2)} -> resume: 0 | J10: {=INDIRECT("Sheet"&J$2&"!a"&ROW($A10)-2)} -> resume: 0 | ... V10: {=INDIRECT("Sheet"&V$2&"!a"&ROW($A10)-2)} -> resume: 0
C11: {=INDIRECT("Sheet"&C$2&"!a"&ROW($A11)-2)} -> nMin: 1 | D11: {=INDIRECT("Sheet"&D$2&"!a"&ROW($A11)-2)} -> nMin: 1 | E11: {=INDIRECT("Sheet"&E$2&"!a"&ROW($A11)-2)} -> nMin: 1 | F11: {=INDIRECT("Sheet"&F$2&"!a"&ROW($A11)-2)} -> nMin: 1 | G11: {=INDIRECT("Sheet"&G$2&"!a"&ROW($A11)-2)} -> nMin: 1 | H11: {=INDIRECT("Sheet"&H$2&"!a"&ROW($A11)-2)} -> nMin: 1 | I11: {=INDIRECT("Sheet"&I$2&"!a"&ROW($A11)-2)} -> 0 | J11: {=INDIRECT("Sheet"&J$2&"!a"&ROW($A11)-2)} -> nMin: 1 | ... V11: {=INDIRECT("Sheet"&V$2&"!a"&ROW($A11)-2)} -> nMin: 1
C12: {=INDIRECT("Sheet"&C$2&"!a"&ROW($A12)-2)} -> nMax: 100000 | D12: {=INDIRECT("Sheet"&D$2&"!a"&ROW($A12)-2)} -> nMax: 100000 | E12: {=INDIRECT("Sheet"&E$2&"!a"&ROW($A12)-2)} -> nMax: 100000 | F12: {=INDIRECT("Sheet"&F$2&"!a"&ROW($A12)-2)} -> nMax: 100000 | G12: {=INDIRECT("Sheet"&G$2&"!a"&ROW($A12)-2)} -> nMax: 100000 | H12: {=INDIRECT("Sheet"&H$2&"!a"&ROW($A12)-2)} -> nMax: 100000 | I12: {=INDIRECT("Sheet"&I$2&"!a"&ROW($A12)-2)} -> 0 | J12: {=INDIRECT("Sheet"&J$2&"!a"&ROW($A12)-2)} -> nMax: 100000 | ... V12: {=INDIRECT("Sheet"&V$2&"!a"&ROW($A12)-2)} -> nMax: 100000
C13: {=INDIRECT("Sheet"&C$2&"!a"&ROW($A13)-2)} -> iterCount: 10000 | D13: {=INDIRECT("Sheet"&D$2&"!a"&ROW($A13)-2)} -> iterCount: 10000 | E13: {=INDIRECT("Sheet"&E$2&"!a"&ROW($A13)-2)} -> iterCount: 10000 | F13: {=INDIRECT("Sheet"&F$2&"!a"&ROW($A13)-2)} -> iterCount: 10000 | G13: {=INDIRECT("Sheet"&G$2&"!a"&ROW($A13)-2)} -> iterCount: 10000 | H13: {=INDIRECT("Sheet"&H$2&"!a"&ROW($A13)-2)} -> iterCount: 10000 | I13: {=INDIRECT("Sheet"&I$2&"!a"&ROW($A13)-2)} -> iterCount: 10000 | J13: {=INDIRECT("Sheet"&J$2&"!a"&ROW($A13)-2)} -> iterCount: 10000 | ... V13: {=INDIRECT("Sheet"&V$2&"!a"&ROW($A13)-2)} -> iterCount: 10000
C14: {=INDIRECT("Sheet"&C$2&"!a"&ROW($A14)-2)} -> maxTime: 28800 | D14: {=INDIRECT("Sheet"&D$2&"!a"&ROW($A14)-2)} -> maxTime: 28800 | E14: {=INDIRECT("Sheet"&E$2&"!a"&ROW($A14)-2)} -> maxTime: 28800 | F14: {=INDIRECT("Sheet"&F$2&"!a"&ROW($A14)-2)} -> maxTime: 28800 | G14: {=INDIRECT("Sheet"&G$2&"!a"&ROW($A14)-2)} -> maxTime: 28800 | H14: {=INDIRECT("Sheet"&H$2&"!a"&ROW($A14)-2)} -> maxTime: 28800 | I14: {=INDIRECT("Sheet"&I$2&"!a"&ROW($A14)-2)} -> maxTime: 28800 | J14: {=INDIRECT("Sheet"&J$2&"!a"&ROW($A14)-2)} -> maxTime: 28800 | ... V14: {=INDIRECT("Sheet"&V$2&"!a"&ROW($A14)-2)} -> maxTime: 28800
C15: {=INDIRECT("Sheet"&C$2&"!a"&ROW($A15)-2)} -> nThreads: 1 | D15: {=INDIRECT("Sheet"&D$2&"!a"&ROW($A15)-2)} -> nThreads: 1 | E15: {=INDIRECT("Sheet"&E$2&"!a"&ROW($A15)-2)} -> nThreads: 1 | F15: {=INDIRECT("Sheet"&F$2&"!a"&ROW($A15)-2)} -> nThreads: 1 | G15: {=INDIRECT("Sheet"&G$2&"!a"&ROW($A15)-2)} -> nThreads: 1 | H15: {=INDIRECT("Sheet"&H$2&"!a"&ROW($A15)-2)} -> nThreads: 1 | I15: {=INDIRECT("Sheet"&I$2&"!a"&ROW($A15)-2)} -> nThreads: 1 | J15: {=INDIRECT("Sheet"&J$2&"!a"&ROW($A15)-2)} -> nThreads: 1 | ... V15: {=INDIRECT("Sheet"&V$2&"!a"&ROW($A15)-2)} -> nThreads: 1
C16: {=INDIRECT("Sheet"&C$2&"!a"&ROW($A16)-2)} -> verbose: False | D16: {=INDIRECT("Sheet"&D$2&"!a"&ROW($A16)-2)} -> verbose: False | E16: {=INDIRECT("Sheet"&E$2&"!a"&ROW($A16)-2)} -> verbose: False | F16: {=INDIRECT("Sheet"&F$2&"!a"&ROW($A16)-2)} -> verbose: False | G16: {=INDIRECT("Sheet"&G$2&"!a"&ROW($A16)-2)} -> verbose: False | H16: {=INDIRECT("Sheet"&H$2&"!a"&ROW($A16)-2)} -> verbose: False | I16: {=INDIRECT("Sheet"&I$2&"!a"&ROW($A16)-2)} -> verbose: False | J16: {=INDIRECT("Sheet"&J$2&"!a"&ROW($A16)-2)} -> verbose: False | ... V16: {=INDIRECT("Sheet"&V$2&"!a"&ROW($A16)-2)} -> verbose: False
C17: {=INDIRECT("Sheet"&C$2&"!a"&ROW($A17)-2)} -> maxErr: -1 | D17: {=INDIRECT("Sheet"&D$2&"!a"&ROW($A17)-2)} -> maxErr: -1 | E17: {=INDIRECT("Sheet"&E$2&"!a"&ROW($A17)-2)} -> maxErr: -1 | F17: {=INDIRECT("Sheet"&F$2&"!a"&ROW($A17)-2)} -> maxErr: -1 | G17: {=INDIRECT("Sheet"&G$2&"!a"&ROW($A17)-2)} -> maxErr: -1 | H17: {=INDIRECT("Sheet"&H$2&"!a"&ROW($A17)-2)} -> maxErr: -1 | I17: {=INDIRECT("Sheet"&I$2&"!a"&ROW($A17)-2)} -> maxErr: -1 | J17: {=INDIRECT("Sheet"&J$2&"!a"&ROW($A17)-2)} -> maxErr: -1 | ... V17: {=INDIRECT("Sheet"&V$2&"!a"&ROW($A17)-2)} -> maxErr: -1
A18: GF4blockRep: x | C18: {=INDIRECT("Sheet"&C$2&"!a"&ROW($A18)-2)} -> GF4blockRep: 2 | D18: {=INDIRECT("Sheet"&D$2&"!a"&ROW($A18)-2)} -> GF4blockRep: 3 | E18: {=INDIRECT("Sheet"&E$2&"!a"&ROW($A18)-2)} -> GF4blockRep: 2 | F18: {=INDIRECT("Sheet"&F$2&"!a"&ROW($A18)-2)} -> GF4blockRep: 3 | G18: {=INDIRECT("Sheet"&G$2&"!a"&ROW($A18)-2)} -> GF4blockRep: 4 | H18: {=INDIRECT("Sheet"&H$2&"!a"&ROW($A18)-2)} -> GF4blockRep: 3 | I18: {=INDIRECT("Sheet"&I$2&"!a"&ROW($A18)-2)} -> GF4blockRep: 4 | J18: {=INDIRECT("Sheet"&J$2&"!a"&ROW($A18)-2)} -> GF4blockRep: 3 | ... V18: {=INDIRECT("Sheet"&V$2&"!a"&ROW($A18)-2)} -> GF4blockRep: 4
A19: regroupPerm: 1 | C19: {=INDIRECT("Sheet"&C$2&"!a"&ROW($A19)-2)} -> regroupPerm: 1 | D19: {=INDIRECT("Sheet"&D$2&"!a"&ROW($A19)-2)} -> regroupPerm: 1 | E19: {=INDIRECT("Sheet"&E$2&"!a"&ROW($A19)-2)} -> regroupPerm: 1 | F19: {=INDIRECT("Sheet"&F$2&"!a"&ROW($A19)-2)} -> regroupPerm: 1 | G19: {=INDIRECT("Sheet"&G$2&"!a"&ROW($A19)-2)} -> regroupPerm: 1 | H19: {=INDIRECT("Sheet"&H$2&"!a"&ROW($A19)-2)} -> regroupPerm: 1 | I19: {=INDIRECT("Sheet"&I$2&"!a"&ROW($A19)-2)} -> 0 | J19: {=INDIRECT("Sheet"&J$2&"!a"&ROW($A19)-2)} -> regroupPerm: 1 | ... V19: {=INDIRECT("Sheet"&V$2&"!a"&ROW($A19)-2)} -> regroupPerm: 1
A20: filterCircuit: 1 | C20: {=INDIRECT("Sheet"&C$2&"!a"&ROW($A20)-2)} -> filterCircuit: 1 | D20: {=INDIRECT("Sheet"&D$2&"!a"&ROW($A20)-2)} -> filterCircuit: 1 | E20: {=INDIRECT("Sheet"&E$2&"!a"&ROW($A20)-2)} -> filterCircuit: 1 | F20: {=INDIRECT("Sheet"&F$2&"!a"&ROW($A20)-2)} -> filterCircuit: 1 | G20: {=INDIRECT("Sheet"&G$2&"!a"&ROW($A20)-2)} -> filterCircuit: 1 | H20: {=INDIRECT("Sheet"&H$2&"!a"&ROW($A20)-2)} -> filterCircuit: 1 | I20: {=INDIRECT("Sheet"&I$2&"!a"&ROW($A20)-2)} -> filterCircuit: 1 | J20: {=INDIRECT("Sheet"&J$2&"!a"&ROW($A20)-2)} -> filterCircuit: 1 | ... V20: {=INDIRECT("Sheet"&V$2&"!a"&ROW($A20)-2)} -> filterCircuit: 1
A21: HL: 0 | C21: {=INDIRECT("Sheet"&C$2&"!a"&ROW($A21)-2)} -> HL: 0 | D21: {=INDIRECT("Sheet"&D$2&"!a"&ROW($A21)-2)} -> HL: 0 | E21: {=INDIRECT("Sheet"&E$2&"!a"&ROW($A21)-2)} -> HL: 0 | F21: {=INDIRECT("Sheet"&F$2&"!a"&ROW($A21)-2)} -> HL: 0 | G21: {=INDIRECT("Sheet"&G$2&"!a"&ROW($A21)-2)} -> HL: 0 | H21: {=INDIRECT("Sheet"&H$2&"!a"&ROW($A21)-2)} -> HL: 0 | I21: {=INDIRECT("Sheet"&I$2&"!a"&ROW($A21)-2)} -> HL: 0 | J21: {=INDIRECT("Sheet"&J$2&"!a"&ROW($A21)-2)} -> HL: 0 | ... V21: {=INDIRECT("Sheet"&V$2&"!a"&ROW($A21)-2)} -> HL: 0
A22: genCount: 100 | C22: {=INDIRECT("Sheet"&C$2&"!a"&ROW($A22)-2)} -> genCount: 100 | D22: {=INDIRECT("Sheet"&D$2&"!a"&ROW($A22)-2)} -> genCount: 100 | E22: {=INDIRECT("Sheet"&E$2&"!a"&ROW($A22)-2)} -> genCount: 100 | F22: {=INDIRECT("Sheet"&F$2&"!a"&ROW($A22)-2)} -> genCount: 100 | G22: {=INDIRECT("Sheet"&G$2&"!a"&ROW($A22)-2)} -> genCount: 100 | H22: {=INDIRECT("Sheet"&H$2&"!a"&ROW($A22)-2)} -> genCount: 100 | I22: {=INDIRECT("Sheet"&I$2&"!a"&ROW($A22)-2)} -> popSize: 100 | J22: {=INDIRECT("Sheet"&J$2&"!a"&ROW($A22)-2)} -> genCount: 100 | ... V22: {=INDIRECT("Sheet"&V$2&"!a"&ROW($A22)-2)} -> genCount: 100
A23: offspring: 10 | C23: {=INDIRECT("Sheet"&C$2&"!a"&ROW($A23)-2)} -> offspring: 10 | D23: {=INDIRECT("Sheet"&D$2&"!a"&ROW($A23)-2)} -> offspring: 10 | E23: {=INDIRECT("Sheet"&E$2&"!a"&ROW($A23)-2)} -> offspring: 10 | F23: {=INDIRECT("Sheet"&F$2&"!a"&ROW($A23)-2)} -> offspring: 10 | G23: {=INDIRECT("Sheet"&G$2&"!a"&ROW($A23)-2)} -> offspring: 10 | H23: {=INDIRECT("Sheet"&H$2&"!a"&ROW($A23)-2)} -> offspring: 10 | I23: {=INDIRECT("Sheet"&I$2&"!a"&ROW($A23)-2)} -> offspring: 10 | J23: {=INDIRECT("Sheet"&J$2&"!a"&ROW($A23)-2)} -> offspring: 10 | ... V23: {=INDIRECT("Sheet"&V$2&"!a"&ROW($A23)-2)} -> offspring: 10
A24: pMut: 6.0 | C24: {=INDIRECT("Sheet"&C$2&"!a"&ROW($A24)-2)} -> pMut: 8.0 | D24: {=INDIRECT("Sheet"&D$2&"!a"&ROW($A24)-2)} -> pMut: 8.0 | E24: {=INDIRECT("Sheet"&E$2&"!a"&ROW($A24)-2)} -> pMut: 6.0 | F24: {=INDIRECT("Sheet"&F$2&"!a"&ROW($A24)-2)} -> pMut: 6.0 | G24: {=INDIRECT("Sheet"&G$2&"!a"&ROW($A24)-2)} -> pMut: 6.0 | H24: {=INDIRECT("Sheet"&H$2&"!a"&ROW($A24)-2)} -> pMut: 2.0 | I24: {=INDIRECT("Sheet"&I$2&"!a"&ROW($A24)-2)} -> 0 | J24: {=INDIRECT("Sheet"&J$2&"!a"&ROW($A24)-2)} -> pMut: 8.0 | ... V24: {=INDIRECT("Sheet"&V$2&"!a"&ROW($A24)-2)} -> pMut: 6.0
A25: sMut: 0.2 | C25: {=INDIRECT("Sheet"&C$2&"!a"&ROW($A25)-2)} -> sMut: 0.2 | D25: {=INDIRECT("Sheet"&D$2&"!a"&ROW($A25)-2)} -> sMut: 0.2 | E25: {=INDIRECT("Sheet"&E$2&"!a"&ROW($A25)-2)} -> sMut: 0.2 | F25: {=INDIRECT("Sheet"&F$2&"!a"&ROW($A25)-2)} -> sMut: 0.2 | G25: {=INDIRECT("Sheet"&G$2&"!a"&ROW($A25)-2)} -> sMut: 0.2 | H25: {=INDIRECT("Sheet"&H$2&"!a"&ROW($A25)-2)} -> sMut: 1.0 | I25: {=INDIRECT("Sheet"&I$2&"!a"&ROW($A25)-2)} -> 0 | J25: {=INDIRECT("Sheet"&J$2&"!a"&ROW($A25)-2)} -> sMut: 0.2 | ... V25: {=INDIRECT("Sheet"&V$2&"!a"&ROW($A25)-2)} -> sMut: 0.2
A26: tabuLength: 0 | C26: {=INDIRECT("Sheet"&C$2&"!a"&ROW($A26)-2)} -> tabuLength: 0 | D26: {=INDIRECT("Sheet"&D$2&"!a"&ROW($A26)-2)} -> tabuLength: 0 | E26: {=INDIRECT("Sheet"&E$2&"!a"&ROW($A26)-2)} -> tabuLength: 0 | F26: {=INDIRECT("Sheet"&F$2&"!a"&ROW($A26)-2)} -> tabuLength: 0 | G26: {=INDIRECT("Sheet"&G$2&"!a"&ROW($A26)-2)} -> tabuLength: 0 | H26: {=INDIRECT("Sheet"&H$2&"!a"&ROW($A26)-2)} -> CCstart: -1 | I26: {=INDIRECT("Sheet"&I$2&"!a"&ROW($A26)-2)} -> 0 | J26: {=INDIRECT("Sheet"&J$2&"!a"&ROW($A26)-2)} -> tabuLength: 0 | ... V26: {=INDIRECT("Sheet"&V$2&"!a"&ROW($A26)-2)} -> tabuLength: 0
A27: swapPivot: 1 | C27: {=INDIRECT("Sheet"&C$2&"!a"&ROW($A27)-2)} -> swapPivot: 1 | D27: {=INDIRECT("Sheet"&D$2&"!a"&ROW($A27)-2)} -> swapPivot: 1 | E27: {=INDIRECT("Sheet"&E$2&"!a"&ROW($A27)-2)} -> swapPivot: 1 | F27: {=INDIRECT("Sheet"&F$2&"!a"&ROW($A27)-2)} -> swapPivot: 1 | G27: {=INDIRECT("Sheet"&G$2&"!a"&ROW($A27)-2)} -> swapPivot: 1 | H27: {=INDIRECT("Sheet"&H$2&"!a"&ROW($A27)-2)} -> addStabs: 0 | I27: {=INDIRECT("Sheet"&I$2&"!a"&ROW($A27)-2)} -> 0 | J27: {=INDIRECT("Sheet"&J$2&"!a"&ROW($A27)-2)} -> swapPivot: 1 | ... V27: {=INDIRECT("Sheet"&V$2&"!a"&ROW($A27)-2)} -> swapPivot: 1
C28: {=INDIRECT("Sheet"&C$2&"!a"&ROW($A28)-2)} -> swapBlockorder: 0 | D28: {=INDIRECT("Sheet"&D$2&"!a"&ROW($A28)-2)} -> swapBlockorder: 0 | E28: {=INDIRECT("Sheet"&E$2&"!a"&ROW($A28)-2)} -> swapBlockorder: 0 | F28: {=INDIRECT("Sheet"&F$2&"!a"&ROW($A28)-2)} -> swapBlockorder: 0 | G28: {=INDIRECT("Sheet"&G$2&"!a"&ROW($A28)-2)} -> swapBlockorder: 0 | H28: {=INDIRECT("Sheet"&H$2&"!a"&ROW($A28)-2)} -> outfile: /home/ucapmwe/dist-benchmark/results/codeTables-QECC_sample.txt-dist_m4ri_CC-20260203_135026.787691_85062422.txt | I28: {=INDIRECT("Sheet"&I$2&"!a"&ROW($A28)-2)} -> outfile: /home/ucapmwe/dist-benchmark/results/codeTables-QECC_sample.txt-dist_m4ri_CC-20260107_140325.395673_85062422.txt | J28: {=INDIRECT("Sheet"&J$2&"!a"&ROW($A28)-2)} -> swapBlockorder: 0 | ... V28: {=INDIRECT("Sheet"&V$2&"!a"&ROW($A28)-2)} -> swapBlockorder: 0
C29: {=INDIRECT("Sheet"&C$2&"!a"&ROW($A29)-2)} -> CCstart: -1 | D29: {=INDIRECT("Sheet"&D$2&"!a"&ROW($A29)-2)} -> CCstart: -1 | E29: {=INDIRECT("Sheet"&E$2&"!a"&ROW($A29)-2)} -> CCstart: -1 | F29: {=INDIRECT("Sheet"&F$2&"!a"&ROW($A29)-2)} -> CCstart: -1 | G29: {=INDIRECT("Sheet"&G$2&"!a"&ROW($A29)-2)} -> CCstart: -1 | H29: {=INDIRECT("Sheet"&H$2&"!a"&ROW($A29)-2)} -> ######################################### | I29: {=INDIRECT("Sheet"&I$2&"!a"&ROW($A29)-2)} -> ######################################### | J29: {=INDIRECT("Sheet"&J$2&"!a"&ROW($A29)-2)} -> CCstart: -1 | ... V29: {=INDIRECT("Sheet"&V$2&"!a"&ROW($A29)-2)} -> CCstart: -1
A31: =LEFT(A8,FIND(":",A8)) -> method: | B31: =LEN(A31)+1 -> 8 | C31: =IF(C8=$A8,"",RIGHT(C8,LEN(C8)-$B31)) -> GurobiDist | D31: =IF(D8=$A8,"",RIGHT(D8,LEN(D8)-$B31)) -> GurobiDist | E31: =IF(E8=$A8,"",RIGHT(E8,LEN(E8)-$B31)) -> BZDistMW | F31: =IF(F8=$A8,"",RIGHT(F8,LEN(F8)-$B31)) -> BZDistMW | G31: =IF(G8=$A8,"",RIGHT(G8,LEN(G8)-$B31)) -> BZDistMW | H31: =IF(H8=$A8,"",RIGHT(H8,LEN(H8)-$B31)) -> dist_m4ri_CC | I31: =IF(I8=$A8,"",RIGHT(I8,LEN(I8)-$B31)) -> dist_m4ri_CC | J31: =IF(J8=$A8,"",RIGHT(J8,LEN(J8)-$B31)) -> dist_m4ri_RW | ... V31: =IF(V8=$A8,"",RIGHT(V8,LEN(V8)-$B31)) -> QDistRndMW
A32: =LEFT(A18,FIND(":",A18)) -> GF4blockRep: | B32: =LEN(A32)+1 -> 13 | C32: =IF(C18=$A18,"",RIGHT(C18,LEN(C18)-$B32)*1) -> 2 | D32: =IF(D18=$A18,"",RIGHT(D18,LEN(D18)-$B32)*1) -> 3 | E32: =IF(E18=$A18,"",RIGHT(E18,LEN(E18)-$B32)*1) -> 2 | F32: =IF(F18=$A18,"",RIGHT(F18,LEN(F18)-$B32)*1) -> 3 | G32: =IF(G18=$A18,"",RIGHT(G18,LEN(G18)-$B32)*1) -> 4 | H32: =IF(H18=$A18,"",RIGHT(H18,LEN(H18)-$B32)*1) -> 3 | I32: =IF(I18=$A18,"",RIGHT(I18,LEN(I18)-$B32)*1) -> 4 | J32: =IF(J18=$A18,"",RIGHT(J18,LEN(J18)-$B32)*1) -> 3 | ... V32: =IF(V18=$A18,"",RIGHT(V18,LEN(V18)-$B32)*1) -> 4
A33: =LEFT(A19,FIND(":",A19)) -> regroupPerm: | B33: =LEN(A33)+1 -> 13 | C33: =IF(C19=$A19,"",RIGHT(C19,LEN(C19)-$B33)*1) | D33: =IF(D19=$A19,"",RIGHT(D19,LEN(D19)-$B33)*1) | E33: =IF(E19=$A19,"",RIGHT(E19,LEN(E19)-$B33)*1) | F33: =IF(F19=$A19,"",RIGHT(F19,LEN(F19)-$B33)*1) | G33: =IF(G19=$A19,"",RIGHT(G19,LEN(G19)-$B33)*1) | J33: =IF(J19=$A19,"",RIGHT(J19,LEN(J19)-$B33)*1) | K33: =IF(K19=$A19,"",RIGHT(K19,LEN(K19)-$B33)*1) | L33: =IF(L19=$A19,"",RIGHT(L19,LEN(L19)-$B33)*1) | M33: =IF(M19=$A19,"",RIGHT(M19,LEN(M19)-$B33)*1) | N33: =IF(N19=$A19,"",RIGHT(N19,LEN(N19)-$B33)*1) | O33: =IF(O19=$A19,"",RIGHT(O19,LEN(O19)-$B33)*1) | P33: =IF(P19=$A19,"",RIGHT(P19,LEN(P19)-$B33)*1) | Q33: =IF(Q19=$A19,"",RIGHT(Q19,LEN(Q19)-$B33)*1) -> 0 | ... V33: =IF(V19=$A19,"",RIGHT(V19,LEN(V19)-$B33)*1)
A34: count | C34: =COUNTIF(O49:O169,">0") -> 51 | D34: =COUNTIF(P49:P169,">0") -> 43 | E34: =COUNTIF(H49:H169,">0") -> 44 | F34: =COUNTIF(I49:I169,">0") -> 49 | G34: =COUNTIF(J49:J169,">0") -> 49 | H34: =COUNTIF(K49:K169,">0") -> 33 | I34: =COUNTIF(L49:L169,">0") -> 14 | J34: =COUNTIF(M49:M169,">0") -> 121 | K34: =COUNTIF(C49:C169,">0") -> 121 | L34: =COUNTIF(D49:D169,">0") -> 121 | M34: =COUNTIF(N49:N169,">0") -> 121 | N34: =COUNTIF(Q49:Q169,">0") -> 121 | O34: =COUNTIF(R49:R169,">0") -> 121 | P34: =COUNTIF(S49:S169,">0") -> 121 | Q34: =COUNTIF(T49:T169,">0") -> 121 | R34: =COUNTIF(U49:U169,">0") -> 121 | S34: =COUNTIF(V49:V169,">0") -> 121 | T34: =COUNTIF(W49:W169,">0") -> 121 | U34: =COUNTIF(X49:X169,">0") -> 121 | V34: =COUNTIF(Y49:Y169,">0") -> 121
A35: dTot | C35: =SUM(O49:O169) -> 331 | D35: =SUM(P49:P169) -> 257 | E35: =SUM(H49:H169) -> 266 | F35: =SUM(I49:I169) -> 309 | G35: =SUM(J49:J169) -> 310 | H35: =SUM(K49:K169) -> 163 | I35: =SUM(L49:L169) -> 48 | J35: =SUM(M49:M169) -> 1505 | K35: =SUM(C49:C169) -> 1511 | L35: =SUM(D49:D169) -> 1513 | M35: =SUM(N49:N169) -> 1493 | N35: =SUM(Q49:Q169) -> 1481 | O35: =SUM(R49:R169) -> 1480 | P35: =SUM(S49:S169) -> 1480 | Q35: =SUM(T49:T169) -> 1508 | R35: =SUM(U49:U169) -> 1474 | S35: =SUM(V49:V169) -> 1503 | T35: =SUM(W49:W169) -> 1481 | U35: =SUM(X49:X169) -> 1499 | V35: =SUM(Y49:Y169) -> 1472
A36: dTot Actual | C36: =SUMIF(O$49:O$169,">0",$F$49:$F$169) -> 331 | D36: =SUMIF(P$49:P$169,">0",$F$49:$F$169) -> 257 | E36: =SUMIF(H$49:H$169,">0",$F$49:$F$169) -> 266 | F36: =SUMIF(I$49:I$169,">0",$F$49:$F$169) -> 309 | G36: =SUMIF(J$49:J$169,">0",$F$49:$F$169) -> 309 | H36: =SUMIF(K$49:K$169,">0",$F$49:$F$169) -> 163 | I36: =SUMIF(L$49:L$169,">0",$F$49:$F$169) -> 48 | J36: =SUMIF(M$49:M$169,">0",$F$49:$F$169) -> 1466 | K36: =SUMIF(C$49:C$169,">0",$F$49:$F$169) -> 1466 | L36: =SUMIF(D$49:D$169,">0",$F$49:$F$169) -> 1466 | M36: =SUMIF(N$49:N$169,">0",$F$49:$F$169) -> 1466 | N36: =SUMIF(Q$49:Q$169,">0",$F$49:$F$169) -> 1466 | O36: =SUMIF(R$49:R$169,">0",$F$49:$F$169) -> 1466 | P36: =SUMIF(S$49:S$169,">0",$F$49:$F$169) -> 1466 | Q36: =SUMIF(T$49:T$169,">0",$F$49:$F$169) -> 1466 | R36: =SUMIF(U$49:U$169,">0",$F$49:$F$169) -> 1466 | S36: =SUMIF(V$49:V$169,">0",$F$49:$F$169) -> 1466 | T36: =SUMIF(W$49:W$169,">0",$F$49:$F$169) -> 1466 | U36: =SUMIF(X$49:X$169,">0",$F$49:$F$169) -> 1466 | V36: =SUMIF(Y$49:Y$169,">0",$F$49:$F$169) -> 1466
A37: delta d | C37: =(C35-C36) -> 0 | D37: =(D35-D36) -> 0 | E37: =(E35-E36) -> 0 | F37: =(F35-F36) -> 0 | G37: =(G35-G36) -> 1 | H37: =(H35-H36) -> 0 | I37: =(I35-I36) -> 0 | J37: =(J35-J36) -> 39 | ... V37: =(V35-V36) -> 6
A38: delta d Avg | C38: =C37/C36 -> 0 | D38: =D37/D36 -> 0 | E38: =E37/E36 -> 0 | F38: =F37/F36 -> 0 | G38: =G37/G36 -> 0.003236246 | H38: =H37/H36 -> 0 | I38: =I37/I36 -> 0 | J38: =J37/J36 -> 0.026603001 | ... V38: =V37/V36 -> 0.0040927694
A39: processing time | C39: =SUM(AK49:AK169) -> 143552.61 | D39: =SUM(AL49:AL169) -> 90319.877 | E39: =SUM(AB49:AB169) -> 94506.103 | F39: =SUM(AC49:AC169) -> 32630.694 | G39: =SUM(AD49:AD169) -> 47862.477 | H39: =SUM(AE49:AE169) -> 1325022 | I39: =SUM(AF49:AF169) -> 1850176.3 | J39: =SUM(AG49:AG169) -> 146.6416 | K39: =SUM(AH49:AH169) -> 129.90131 | L39: =SUM(AI49:AI169) -> 129.85665 | M39: =SUM(AJ49:AJ169) -> 208.53508 | N39: =SUM(AM49:AM169) -> 1438.3752 | O39: =SUM(AN49:AN169) -> 2584.8158 | P39: =SUM(AO49:AO169) -> 4151.2178 | Q39: =SUM(AP49:AP169) -> 1006.473 | R39: =SUM(AQ49:AQ169) -> 1306.9914 | S39: =SUM(AR49:AR169) -> 2365.5888 | T39: =SUM(AS49:AS169) -> 2452.3667 | U39: =SUM(AT49:AT169) -> 3572.9461 | V39: =SUM(AU49:AU169) -> 3926.8898
B48: n | E48: k | F48: dActual | G48: offset | H48: dMin | AB48: time | AX48: R
A49: =Sheet3!A33 -> [[3,1,1]] | B49: 3 | C49: {=OFFSET(INDIRECT("Sheet"&K$2&"!d1"),$G49-1,)} -> 1 | D49: {=OFFSET(INDIRECT("Sheet"&L$2&"!d1"),$G49-1,)} -> 1 | E49: 1 | F49: 1 | G49: 33 | H49: {=OFFSET(INDIRECT("Sheet"&E$2&"!d1"),$G49-1,)} -> 1 | I49: {=OFFSET(INDIRECT("Sheet"&F$2&"!d1"),$G49-1,)} -> 1 | J49: {=OFFSET(INDIRECT("Sheet"&G$2&"!d1"),$G49-1,)} -> 1 | K49: {=OFFSET(INDIRECT("Sheet"&H$2&"!d1"),$G49-1,)} -> 1 | L49: {=OFFSET(INDIRECT("Sheet"&I$2&"!d1"),$G49-1,)} -> 1 | M49: {=OFFSET(INDIRECT("Sheet"&J$2&"!d1"),$G49-1,)} -> 1 | N49: {=OFFSET(INDIRECT("Sheet"&M$2&"!d1"),$G49-1,)} -> 1 | O49: {=OFFSET(INDIRECT("Sheet"&C$2&"!d1"),$G49-1,)} -> 1 | P49: {=OFFSET(INDIRECT("Sheet"&D$2&"!d1"),$G49-1,)} -> 1 | Q49: {=OFFSET(INDIRECT("Sheet"&N$2&"!d1"),$G49-1,)} -> 1 | R49: {=OFFSET(INDIRECT("Sheet"&O$2&"!d1"),$G49-1,)} -> 1 | S49: {=OFFSET(INDIRECT("Sheet"&P$2&"!d1"),$G49-1,)} -> 1 | T49: {=OFFSET(INDIRECT("Sheet"&Q$2&"!d1"),$G49-1,)} -> 1 | U49: {=OFFSET(INDIRECT("Sheet"&R$2&"!d1"),$G49-1,)} -> 1 | V49: {=OFFSET(INDIRECT("Sheet"&S$2&"!d1"),$G49-1,)} -> 1 | W49: {=OFFSET(INDIRECT("Sheet"&T$2&"!d1"),$G49-1,)} -> 1 | X49: {=OFFSET(INDIRECT("Sheet"&U$2&"!d1"),$G49-1,)} -> 1 | Y49: {=OFFSET(INDIRECT("Sheet"&V$2&"!d1"),$G49-1,)} -> 1 | AB49: {=OFFSET(INDIRECT("Sheet"&E$2&"!f1"),$G49-1,)} -> 0.0023525115 | AC49: {=OFFSET(INDIRECT("Sheet"&F$2&"!f1"),$G49-1,)} -> 0.0020386642 | AD49: {=OFFSET(INDIRECT("Sheet"&G$2&"!f1"),$G49-1,)} -> 0.0021212352 | AE49: {=OFFSET(INDIRECT("Sheet"&H$2&"!f1"),$G49-1,)} -> 0.020189436 | AF49: {=OFFSET(INDIRECT("Sheet"&I$2&"!f1"),$G49-1,)} -> 0.12274851 | AG49: {=OFFSET(INDIRECT("Sheet"&J$2&"!f1"),$G49-1,)} -> 0.14657406 | AH49: {=OFFSET(INDIRECT("Sheet"&K$2&"!f1"),$G49-1,)} -> 0.23518173 | AI49: {=OFFSET(INDIRECT("Sheet"&L$2&"!f1"),$G49-1,)} -> 0.23527895 | AJ49: {=OFFSET(INDIRECT("Sheet"&M$2&"!f1"),$G49-1,)} -> 0.15588869 | AK49: {=OFFSET(INDIRECT("Sheet"&C$2&"!f1"),$G49-1,)} -> 0.39045962 | AL49: {=OFFSET(INDIRECT("Sheet"&D$2&"!f1"),$G49-1,)} -> 0.21553472 | AM49: {=OFFSET(INDIRECT("Sheet"&N$2&"!f1"),$G49-1,)} -> 1.8435296 | AN49: {=OFFSET(INDIRECT("Sheet"&O$2&"!f1"),$G49-1,)} -> 1.601399 | AO49: {=OFFSET(INDIRECT("Sheet"&P$2&"!f1"),$G49-1,)} -> 1.779852 | AP49: {=OFFSET(INDIRECT("Sheet"&Q$2&"!f1"),$G49-1,)} -> 0.65199387 | AQ49: {=OFFSET(INDIRECT("Sheet"&R$2&"!f1"),$G49-1,)} -> 0.9625604 | AR49: {=OFFSET(INDIRECT("Sheet"&S$2&"!f1"),$G49-1,)} -> 0.70681783 | AS49: {=OFFSET(INDIRECT("Sheet"&T$2&"!f1"),$G49-1,)} -> 1.0375478 | AT49: {=OFFSET(INDIRECT("Sheet"&U$2&"!f1"),$G49-1,)} -> 0.75857067 | AU49: {=OFFSET(INDIRECT("Sheet"&V$2&"!f1"),$G49-1,)} -> 1.1251608 | AX49: =IF(H49=$F49,1,0) -> 1 | AY49: =IF(I49=$F49,1,0) -> 1 | AZ49: =IF(J49=$F49,1,0) -> 1 | BA49: =IF(K49=$F49,1,0) -> 1 | BB49: =IF(L49=$F49,1,0) -> 1 | BC49: =IF(M49=$F49,1,0) -> 1 | BD49: =IF(C49=$F49,1,0) -> 1 | BE49: =IF(D49=$F49,1,0) -> 1 | BF49: =IF(N49=$F49,1,0) -> 1 | BG49: =IF(O49=$F49,1,0) -> 1 | BH49: =IF(P49=$F49,1,0) -> 1 | BI49: =IF(Q49=$F49,1,0) -> 1 | BJ49: =IF(R49=$F49,1,0) -> 1 | BK49: =IF(S49=$F49,1,0) -> 1 | BL49: =IF(T49=$F49,1,0) -> 1 | BM49: =IF(U49=$F49,1,0) -> 1 | ... BQ49: =IF(Y49=$F49,1,0) -> 1
A50: =Sheet3!A34 -> [[4,1,2]] | B50: 4 | C50: {=OFFSET(INDIRECT("Sheet"&K$2&"!d1"),$G50-1,)} -> 2 | D50: {=OFFSET(INDIRECT("Sheet"&L$2&"!d1"),$G50-1,)} -> 2 | E50: 1 | F50: 2 | G50: =G49+1 -> 34 | H50: {=OFFSET(INDIRECT("Sheet"&E$2&"!d1"),$G50-1,)} -> 2 | I50: {=OFFSET(INDIRECT("Sheet"&F$2&"!d1"),$G50-1,)} -> 2 | J50: {=OFFSET(INDIRECT("Sheet"&G$2&"!d1"),$G50-1,)} -> 2 | K50: {=OFFSET(INDIRECT("Sheet"&H$2&"!d1"),$G50-1,)} -> 2 | L50: {=OFFSET(INDIRECT("Sheet"&I$2&"!d1"),$G50-1,)} -> 2 | M50: {=OFFSET(INDIRECT("Sheet"&J$2&"!d1"),$G50-1,)} -> 2 | N50: {=OFFSET(INDIRECT("Sheet"&M$2&"!d1"),$G50-1,)} -> 2 | O50: {=OFFSET(INDIRECT("Sheet"&C$2&"!d1"),$G50-1,)} -> 2 | P50: {=OFFSET(INDIRECT("Sheet"&D$2&"!d1"),$G50-1,)} -> 2 | Q50: {=OFFSET(INDIRECT("Sheet"&N$2&"!d1"),$G50-1,)} -> 2 | R50: {=OFFSET(INDIRECT("Sheet"&O$2&"!d1"),$G50-1,)} -> 2 | S50: {=OFFSET(INDIRECT("Sheet"&P$2&"!d1"),$G50-1,)} -> 2 | T50: {=OFFSET(INDIRECT("Sheet"&Q$2&"!d1"),$G50-1,)} -> 2 | U50: {=OFFSET(INDIRECT("Sheet"&R$2&"!d1"),$G50-1,)} -> 2 | V50: {=OFFSET(INDIRECT("Sheet"&S$2&"!d1"),$G50-1,)} -> 2 | W50: {=OFFSET(INDIRECT("Sheet"&T$2&"!d1"),$G50-1,)} -> 2 | X50: {=OFFSET(INDIRECT("Sheet"&U$2&"!d1"),$G50-1,)} -> 2 | Y50: {=OFFSET(INDIRECT("Sheet"&V$2&"!d1"),$G50-1,)} -> 2 | AB50: {=OFFSET(INDIRECT("Sheet"&E$2&"!f1"),$G50-1,)} -> 0.0022834716 | AC50: {=OFFSET(INDIRECT("Sheet"&F$2&"!f1"),$G50-1,)} -> 0.0024125641 | AD50: {=OFFSET(INDIRECT("Sheet"&G$2&"!f1"),$G50-1,)} -> 0.0024783537 | AE50: {=OFFSET(INDIRECT("Sheet"&H$2&"!f1"),$G50-1,)} -> 0.014716212 | AF50: {=OFFSET(INDIRECT("Sheet"&I$2&"!f1"),$G50-1,)} -> 0.076097789 | AG50: {=OFFSET(INDIRECT("Sheet"&J$2&"!f1"),$G50-1,)} -> 0.022678964 | AH50: {=OFFSET(INDIRECT("Sheet"&K$2&"!f1"),$G50-1,)} -> 0.021372838 | AI50: {=OFFSET(INDIRECT("Sheet"&L$2&"!f1"),$G50-1,)} -> 0.021631127 | AJ50: {=OFFSET(INDIRECT("Sheet"&M$2&"!f1"),$G50-1,)} -> 0.024490772 | AK50: {=OFFSET(INDIRECT("Sheet"&C$2&"!f1"),$G50-1,)} -> 0.023931606 | AL50: {=OFFSET(INDIRECT("Sheet"&D$2&"!f1"),$G50-1,)} -> 0.024412269 | AM50: {=OFFSET(INDIRECT("Sheet"&N$2&"!f1"),$G50-1,)} -> 1.9342992 | AN50: {=OFFSET(INDIRECT("Sheet"&O$2&"!f1"),$G50-1,)} -> 1.730892 | AO50: {=OFFSET(INDIRECT("Sheet"&P$2&"!f1"),$G50-1,)} -> 1.9598941 | AP50: {=OFFSET(INDIRECT("Sheet"&Q$2&"!f1"),$G50-1,)} -> 0.70980944 | AQ50: {=OFFSET(INDIRECT("Sheet"&R$2&"!f1"),$G50-1,)} -> 1.0637384 | AR50: {=OFFSET(INDIRECT("Sheet"&S$2&"!f1"),$G50-1,)} -> 0.78430194 | AS50: {=OFFSET(INDIRECT("Sheet"&T$2&"!f1"),$G50-1,)} -> 1.1694715 | AT50: {=OFFSET(INDIRECT("Sheet"&U$2&"!f1"),$G50-1,)} -> 0.88872979 | AU50: {=OFFSET(INDIRECT("Sheet"&V$2&"!f1"),$G50-1,)} -> 1.3240071 | AX50: =IF(H50=$F50,1,0) -> 1 | AY50: =IF(I50=$F50,1,0) -> 1 | AZ50: =IF(J50=$F50,1,0) -> 1 | BA50: =IF(K50=$F50,1,0) -> 1 | BB50: =IF(L50=$F50,1,0) -> 1 | BC50: =IF(M50=$F50,1,0) -> 1 | BD50: =IF(C50=$F50,1,0) -> 1 | BE50: =IF(D50=$F50,1,0) -> 1 | BF50: =IF(N50=$F50,1,0) -> 1 | BG50: =IF(O50=$F50,1,0) -> 1 | BH50: =IF(P50=$F50,1,0) -> 1 | BI50: =IF(Q50=$F50,1,0) -> 1 | BJ50: =IF(R50=$F50,1,0) -> 1 | BK50: =IF(S50=$F50,1,0) -> 1 | BL50: =IF(T50=$F50,1,0) -> 1 | BM50: =IF(U50=$F50,1,0) -> 1 | ... BQ50: =IF(Y50=$F50,1,0) -> 1
A51: =Sheet3!A35 -> [[5,1,3]] | B51: 5 | C51: {=OFFSET(INDIRECT("Sheet"&K$2&"!d1"),$G51-1,)} -> 3 | D51: {=OFFSET(INDIRECT("Sheet"&L$2&"!d1"),$G51-1,)} -> 3 | E51: 1 | F51: 3 | G51: =G50+1 -> 35 | H51: {=OFFSET(INDIRECT("Sheet"&E$2&"!d1"),$G51-1,)} -> 3 | I51: {=OFFSET(INDIRECT("Sheet"&F$2&"!d1"),$G51-1,)} -> 3 | J51: {=OFFSET(INDIRECT("Sheet"&G$2&"!d1"),$G51-1,)} -> 3 | K51: {=OFFSET(INDIRECT("Sheet"&H$2&"!d1"),$G51-1,)} -> 3 | L51: {=OFFSET(INDIRECT("Sheet"&I$2&"!d1"),$G51-1,)} -> 3 | M51: {=OFFSET(INDIRECT("Sheet"&J$2&"!d1"),$G51-1,)} -> 3 | N51: {=OFFSET(INDIRECT("Sheet"&M$2&"!d1"),$G51-1,)} -> 3 | O51: {=OFFSET(INDIRECT("Sheet"&C$2&"!d1"),$G51-1,)} -> 3 | P51: {=OFFSET(INDIRECT("Sheet"&D$2&"!d1"),$G51-1,)} -> 3 | Q51: {=OFFSET(INDIRECT("Sheet"&N$2&"!d1"),$G51-1,)} -> 3 | R51: {=OFFSET(INDIRECT("Sheet"&O$2&"!d1"),$G51-1,)} -> 3 | S51: {=OFFSET(INDIRECT("Sheet"&P$2&"!d1"),$G51-1,)} -> 3 | T51: {=OFFSET(INDIRECT("Sheet"&Q$2&"!d1"),$G51-1,)} -> 3 | U51: {=OFFSET(INDIRECT("Sheet"&R$2&"!d1"),$G51-1,)} -> 3 | V51: {=OFFSET(INDIRECT("Sheet"&S$2&"!d1"),$G51-1,)} -> 3 | W51: {=OFFSET(INDIRECT("Sheet"&T$2&"!d1"),$G51-1,)} -> 3 | X51: {=OFFSET(INDIRECT("Sheet"&U$2&"!d1"),$G51-1,)} -> 3 | Y51: {=OFFSET(INDIRECT("Sheet"&V$2&"!d1"),$G51-1,)} -> 3 | AB51: {=OFFSET(INDIRECT("Sheet"&E$2&"!f1"),$G51-1,)} -> 0.0027798004 | AC51: {=OFFSET(INDIRECT("Sheet"&F$2&"!f1"),$G51-1,)} -> 0.0025062477 | AD51: {=OFFSET(INDIRECT("Sheet"&G$2&"!f1"),$G51-1,)} -> 0.0027241353 | AE51: {=OFFSET(INDIRECT("Sheet"&H$2&"!f1"),$G51-1,)} -> 0.016103351 | AF51: {=OFFSET(INDIRECT("Sheet"&I$2&"!f1"),$G51-1,)} -> 0.077310103 | AG51: {=OFFSET(INDIRECT("Sheet"&J$2&"!f1"),$G51-1,)} -> 0.02664157 | AH51: {=OFFSET(INDIRECT("Sheet"&K$2&"!f1"),$G51-1,)} -> 0.024612031 | AI51: {=OFFSET(INDIRECT("Sheet"&L$2&"!f1"),$G51-1,)} -> 0.025353595 | AJ51: {=OFFSET(INDIRECT("Sheet"&M$2&"!f1"),$G51-1,)} -> 0.031393998 | AK51: {=OFFSET(INDIRECT("Sheet"&C$2&"!f1"),$G51-1,)} -> 0.043407256 | AL51: {=OFFSET(INDIRECT("Sheet"&D$2&"!f1"),$G51-1,)} -> 0.044245872 | AM51: {=OFFSET(INDIRECT("Sheet"&N$2&"!f1"),$G51-1,)} -> 2.0525573 | AN51: {=OFFSET(INDIRECT("Sheet"&O$2&"!f1"),$G51-1,)} -> 1.8779129 | AO51: {=OFFSET(INDIRECT("Sheet"&P$2&"!f1"),$G51-1,)} -> 2.190594 | AP51: {=OFFSET(INDIRECT("Sheet"&Q$2&"!f1"),$G51-1,)} -> 0.77438802 | AQ51: {=OFFSET(INDIRECT("Sheet"&R$2&"!f1"),$G51-1,)} -> 1.1891566 | AR51: {=OFFSET(INDIRECT("Sheet"&S$2&"!f1"),$G51-1,)} -> 0.87861565 | AS51: {=OFFSET(INDIRECT("Sheet"&T$2&"!f1"),$G51-1,)} -> 1.3306079 | AT51: {=OFFSET(INDIRECT("Sheet"&U$2&"!f1"),$G51-1,)} -> 1.0443387 | AU51: {=OFFSET(INDIRECT("Sheet"&V$2&"!f1"),$G51-1,)} -> 1.549168 | AX51: =IF(H51=$F51,1,0) -> 1 | AY51: =IF(I51=$F51,1,0) -> 1 | AZ51: =IF(J51=$F51,1,0) -> 1 | BA51: =IF(K51=$F51,1,0) -> 1 | BB51: =IF(L51=$F51,1,0) -> 1 | BC51: =IF(M51=$F51,1,0) -> 1 | BD51: =IF(C51=$F51,1,0) -> 1 | BE51: =IF(D51=$F51,1,0) -> 1 | BF51: =IF(N51=$F51,1,0) -> 1 | BG51: =IF(O51=$F51,1,0) -> 1 | BH51: =IF(P51=$F51,1,0) -> 1 | BI51: =IF(Q51=$F51,1,0) -> 1 | BJ51: =IF(R51=$F51,1,0) -> 1 | BK51: =IF(S51=$F51,1,0) -> 1 | BL51: =IF(T51=$F51,1,0) -> 1 | BM51: =IF(U51=$F51,1,0) -> 1 | ... BQ51: =IF(Y51=$F51,1,0) -> 1
A52: =Sheet3!A36 -> [[6,1,3]] | B52: 6 | C52: {=OFFSET(INDIRECT("Sheet"&K$2&"!d1"),$G52-1,)} -> 3 | D52: {=OFFSET(INDIRECT("Sheet"&L$2&"!d1"),$G52-1,)} -> 3 | E52: 1 | F52: 3 | G52: =G51+1 -> 36 | H52: {=OFFSET(INDIRECT("Sheet"&E$2&"!d1"),$G52-1,)} -> 3 | I52: {=OFFSET(INDIRECT("Sheet"&F$2&"!d1"),$G52-1,)} -> 3 | J52: {=OFFSET(INDIRECT("Sheet"&G$2&"!d1"),$G52-1,)} -> 3 | K52: {=OFFSET(INDIRECT("Sheet"&H$2&"!d1"),$G52-1,)} -> 3 | L52: {=OFFSET(INDIRECT("Sheet"&I$2&"!d1"),$G52-1,)} -> 3 | M52: {=OFFSET(INDIRECT("Sheet"&J$2&"!d1"),$G52-1,)} -> 3 | N52: {=OFFSET(INDIRECT("Sheet"&M$2&"!d1"),$G52-1,)} -> 3 | O52: {=OFFSET(INDIRECT("Sheet"&C$2&"!d1"),$G52-1,)} -> 3 | P52: {=OFFSET(INDIRECT("Sheet"&D$2&"!d1"),$G52-1,)} -> 3 | Q52: {=OFFSET(INDIRECT("Sheet"&N$2&"!d1"),$G52-1,)} -> 3 | R52: {=OFFSET(INDIRECT("Sheet"&O$2&"!d1"),$G52-1,)} -> 3 | S52: {=OFFSET(INDIRECT("Sheet"&P$2&"!d1"),$G52-1,)} -> 3 | T52: {=OFFSET(INDIRECT("Sheet"&Q$2&"!d1"),$G52-1,)} -> 3 | U52: {=OFFSET(INDIRECT("Sheet"&R$2&"!d1"),$G52-1,)} -> 3 | V52: {=OFFSET(INDIRECT("Sheet"&S$2&"!d1"),$G52-1,)} -> 3 | W52: {=OFFSET(INDIRECT("Sheet"&T$2&"!d1"),$G52-1,)} -> 3 | X52: {=OFFSET(INDIRECT("Sheet"&U$2&"!d1"),$G52-1,)} -> 3 | Y52: {=OFFSET(INDIRECT("Sheet"&V$2&"!d1"),$G52-1,)} -> 3 | AB52: {=OFFSET(INDIRECT("Sheet"&E$2&"!f1"),$G52-1,)} -> 0.0029675681 | AC52: {=OFFSET(INDIRECT("Sheet"&F$2&"!f1"),$G52-1,)} -> 0.0027871896 | AD52: {=OFFSET(INDIRECT("Sheet"&G$2&"!f1"),$G52-1,)} -> 0.0028956905 | AE52: {=OFFSET(INDIRECT("Sheet"&H$2&"!f1"),$G52-1,)} -> 0.014352234 | AF52: {=OFFSET(INDIRECT("Sheet"&I$2&"!f1"),$G52-1,)} -> 0.064857103 | AG52: {=OFFSET(INDIRECT("Sheet"&J$2&"!f1"),$G52-1,)} -> 0.031461618 | AH52: {=OFFSET(INDIRECT("Sheet"&K$2&"!f1"),$G52-1,)} -> 0.030893069 | AI52: {=OFFSET(INDIRECT("Sheet"&L$2&"!f1"),$G52-1,)} -> 0.03145092 | AJ52: {=OFFSET(INDIRECT("Sheet"&M$2&"!f1"),$G52-1,)} -> 0.0363236 | AK52: {=OFFSET(INDIRECT("Sheet"&C$2&"!f1"),$G52-1,)} -> 0.033346392 | AL52: {=OFFSET(INDIRECT("Sheet"&D$2&"!f1"),$G52-1,)} -> 0.034327878 | AM52: {=OFFSET(INDIRECT("Sheet"&N$2&"!f1"),$G52-1,)} -> 2.0908897 | AN52: {=OFFSET(INDIRECT("Sheet"&O$2&"!f1"),$G52-1,)} -> 1.940768 | AO52: {=OFFSET(INDIRECT("Sheet"&P$2&"!f1"),$G52-1,)} -> 2.2893541 | AP52: {=OFFSET(INDIRECT("Sheet"&Q$2&"!f1"),$G52-1,)} -> 0.80920891 | AQ52: {=OFFSET(INDIRECT("Sheet"&R$2&"!f1"),$G52-1,)} -> 1.2430309 | AR52: {=OFFSET(INDIRECT("Sheet"&S$2&"!f1"),$G52-1,)} -> 0.92599055 | AS52: {=OFFSET(INDIRECT("Sheet"&T$2&"!f1"),$G52-1,)} -> 1.4047484 | AT52: {=OFFSET(INDIRECT("Sheet"&U$2&"!f1"),$G52-1,)} -> 1.1292516 | AU52: {=OFFSET(INDIRECT("Sheet"&V$2&"!f1"),$G52-1,)} -> 1.6744138 | AX52: =IF(H52=$F52,1,0) -> 1 | AY52: =IF(I52=$F52,1,0) -> 1 | AZ52: =IF(J52=$F52,1,0) -> 1 | BA52: =IF(K52=$F52,1,0) -> 1 | BB52: =IF(L52=$F52,1,0) -> 1 | BC52: =IF(M52=$F52,1,0) -> 1 | BD52: =IF(C52=$F52,1,0) -> 1 | BE52: =IF(D52=$F52,1,0) -> 1 | BF52: =IF(N52=$F52,1,0) -> 1 | BG52: =IF(O52=$F52,1,0) -> 1 | BH52: =IF(P52=$F52,1,0) -> 1 | BI52: =IF(Q52=$F52,1,0) -> 1 | BJ52: =IF(R52=$F52,1,0) -> 1 | BK52: =IF(S52=$F52,1,0) -> 1 | BL52: =IF(T52=$F52,1,0) -> 1 | BM52: =IF(U52=$F52,1,0) -> 1 | ... BQ52: =IF(Y52=$F52,1,0) -> 1
A53: =Sheet3!A37 -> [[7,1,3]] | B53: 7 | C53: {=OFFSET(INDIRECT("Sheet"&K$2&"!d1"),$G53-1,)} -> 3 | D53: {=OFFSET(INDIRECT("Sheet"&L$2&"!d1"),$G53-1,)} -> 3 | E53: 1 | F53: 3 | G53: =G52+1 -> 37 | H53: {=OFFSET(INDIRECT("Sheet"&E$2&"!d1"),$G53-1,)} -> 3 | I53: {=OFFSET(INDIRECT("Sheet"&F$2&"!d1"),$G53-1,)} -> 3 | J53: {=OFFSET(INDIRECT("Sheet"&G$2&"!d1"),$G53-1,)} -> 3 | K53: {=OFFSET(INDIRECT("Sheet"&H$2&"!d1"),$G53-1,)} -> 3 | L53: {=OFFSET(INDIRECT("Sheet"&I$2&"!d1"),$G53-1,)} -> 3 | M53: {=OFFSET(INDIRECT("Sheet"&J$2&"!d1"),$G53-1,)} -> 3 | N53: {=OFFSET(INDIRECT("Sheet"&M$2&"!d1"),$G53-1,)} -> 3 | O53: {=OFFSET(INDIRECT("Sheet"&C$2&"!d1"),$G53-1,)} -> 3 | P53: {=OFFSET(INDIRECT("Sheet"&D$2&"!d1"),$G53-1,)} -> 3 | Q53: {=OFFSET(INDIRECT("Sheet"&N$2&"!d1"),$G53-1,)} -> 3 | R53: {=OFFSET(INDIRECT("Sheet"&O$2&"!d1"),$G53-1,)} -> 3 | S53: {=OFFSET(INDIRECT("Sheet"&P$2&"!d1"),$G53-1,)} -> 3 | T53: {=OFFSET(INDIRECT("Sheet"&Q$2&"!d1"),$G53-1,)} -> 3 | U53: {=OFFSET(INDIRECT("Sheet"&R$2&"!d1"),$G53-1,)} -> 3 | V53: {=OFFSET(INDIRECT("Sheet"&S$2&"!d1"),$G53-1,)} -> 3 | W53: {=OFFSET(INDIRECT("Sheet"&T$2&"!d1"),$G53-1,)} -> 3 | X53: {=OFFSET(INDIRECT("Sheet"&U$2&"!d1"),$G53-1,)} -> 3 | Y53: {=OFFSET(INDIRECT("Sheet"&V$2&"!d1"),$G53-1,)} -> 3 | AB53: {=OFFSET(INDIRECT("Sheet"&E$2&"!f1"),$G53-1,)} -> 0.0030723251 | AC53: {=OFFSET(INDIRECT("Sheet"&F$2&"!f1"),$G53-1,)} -> 0.0031640138 | AD53: {=OFFSET(INDIRECT("Sheet"&G$2&"!f1"),$G53-1,)} -> 0.0032005841 | AE53: {=OFFSET(INDIRECT("Sheet"&H$2&"!f1"),$G53-1,)} -> 0.017970439 | AF53: {=OFFSET(INDIRECT("Sheet"&I$2&"!f1"),$G53-1,)} -> 0.042328706 | AG53: {=OFFSET(INDIRECT("Sheet"&J$2&"!f1"),$G53-1,)} -> 0.041968804 | AH53: {=OFFSET(INDIRECT("Sheet"&K$2&"!f1"),$G53-1,)} -> 0.033567819 | AI53: {=OFFSET(INDIRECT("Sheet"&L$2&"!f1"),$G53-1,)} -> 0.033117001 | AJ53: {=OFFSET(INDIRECT("Sheet"&M$2&"!f1"),$G53-1,)} -> 0.042451309 | AK53: {=OFFSET(INDIRECT("Sheet"&C$2&"!f1"),$G53-1,)} -> 0.033478545 | AL53: {=OFFSET(INDIRECT("Sheet"&D$2&"!f1"),$G53-1,)} -> 0.033910339 | AM53: {=OFFSET(INDIRECT("Sheet"&N$2&"!f1"),$G53-1,)} -> 2.1323369 | AN53: {=OFFSET(INDIRECT("Sheet"&O$2&"!f1"),$G53-1,)} -> 2.0118329 | AO53: {=OFFSET(INDIRECT("Sheet"&P$2&"!f1"),$G53-1,)} -> 2.3819387 | AP53: {=OFFSET(INDIRECT("Sheet"&Q$2&"!f1"),$G53-1,)} -> 0.84276724 | AQ53: {=OFFSET(INDIRECT("Sheet"&R$2&"!f1"),$G53-1,)} -> 1.2747547 | AR53: {=OFFSET(INDIRECT("Sheet"&S$2&"!f1"),$G53-1,)} -> 0.96644267 | AS53: {=OFFSET(INDIRECT("Sheet"&T$2&"!f1"),$G53-1,)} -> 1.4939156 | AT53: {=OFFSET(INDIRECT("Sheet"&U$2&"!f1"),$G53-1,)} -> 1.175917 | AU53: {=OFFSET(INDIRECT("Sheet"&V$2&"!f1"),$G53-1,)} -> 1.7845194 | AX53: =IF(H53=$F53,1,0) -> 1 | AY53: =IF(I53=$F53,1,0) -> 1 | AZ53: =IF(J53=$F53,1,0) -> 1 | BA53: =IF(K53=$F53,1,0) -> 1 | BB53: =IF(L53=$F53,1,0) -> 1 | BC53: =IF(M53=$F53,1,0) -> 1 | BD53: =IF(C53=$F53,1,0) -> 1 | BE53: =IF(D53=$F53,1,0) -> 1 | BF53: =IF(N53=$F53,1,0) -> 1 | BG53: =IF(O53=$F53,1,0) -> 1 | BH53: =IF(P53=$F53,1,0) -> 1 | BI53: =IF(Q53=$F53,1,0) -> 1 | BJ53: =IF(R53=$F53,1,0) -> 1 | BK53: =IF(S53=$F53,1,0) -> 1 | BL53: =IF(T53=$F53,1,0) -> 1 | BM53: =IF(U53=$F53,1,0) -> 1 | ... BQ53: =IF(Y53=$F53,1,0) -> 1
A54: =Sheet3!A38 -> [[8,1,3]] | B54: 8 | C54: {=OFFSET(INDIRECT("Sheet"&K$2&"!d1"),$G54-1,)} -> 3 | D54: {=OFFSET(INDIRECT("Sheet"&L$2&"!d1"),$G54-1,)} -> 3 | E54: 1 | F54: 3 | G54: =G53+1 -> 38 | H54: {=OFFSET(INDIRECT("Sheet"&E$2&"!d1"),$G54-1,)} -> 3 | I54: {=OFFSET(INDIRECT("Sheet"&F$2&"!d1"),$G54-1,)} -> 3 | J54: {=OFFSET(INDIRECT("Sheet"&G$2&"!d1"),$G54-1,)} -> 3 | K54: {=OFFSET(INDIRECT("Sheet"&H$2&"!d1"),$G54-1,)} -> 3 | L54: {=OFFSET(INDIRECT("Sheet"&I$2&"!d1"),$G54-1,)} -> 3 | M54: {=OFFSET(INDIRECT("Sheet"&J$2&"!d1"),$G54-1,)} -> 3 | N54: {=OFFSET(INDIRECT("Sheet"&M$2&"!d1"),$G54-1,)} -> 3 | O54: {=OFFSET(INDIRECT("Sheet"&C$2&"!d1"),$G54-1,)} -> 3 | P54: {=OFFSET(INDIRECT("Sheet"&D$2&"!d1"),$G54-1,)} -> 3 | Q54: {=OFFSET(INDIRECT("Sheet"&N$2&"!d1"),$G54-1,)} -> 3 | R54: {=OFFSET(INDIRECT("Sheet"&O$2&"!d1"),$G54-1,)} -> 3 | S54: {=OFFSET(INDIRECT("Sheet"&P$2&"!d1"),$G54-1,)} -> 3 | T54: {=OFFSET(INDIRECT("Sheet"&Q$2&"!d1"),$G54-1,)} -> 3 | U54: {=OFFSET(INDIRECT("Sheet"&R$2&"!d1"),$G54-1,)} -> 3 | V54: {=OFFSET(INDIRECT("Sheet"&S$2&"!d1"),$G54-1,)} -> 3 | W54: {=OFFSET(INDIRECT("Sheet"&T$2&"!d1"),$G54-1,)} -> 3 | X54: {=OFFSET(INDIRECT("Sheet"&U$2&"!d1"),$G54-1,)} -> 3 | Y54: {=OFFSET(INDIRECT("Sheet"&V$2&"!d1"),$G54-1,)} -> 3 | AB54: {=OFFSET(INDIRECT("Sheet"&E$2&"!f1"),$G54-1,)} -> 0.0031412924 | AC54: {=OFFSET(INDIRECT("Sheet"&F$2&"!f1"),$G54-1,)} -> 0.0031682951 | AD54: {=OFFSET(INDIRECT("Sheet"&G$2&"!f1"),$G54-1,)} -> 0.0035904888 | AE54: {=OFFSET(INDIRECT("Sheet"&H$2&"!f1"),$G54-1,)} -> 0.07468291 | AF54: {=OFFSET(INDIRECT("Sheet"&I$2&"!f1"),$G54-1,)} -> 0.022826961 | AG54: {=OFFSET(INDIRECT("Sheet"&J$2&"!f1"),$G54-1,)} -> 0.038902052 | AH54: {=OFFSET(INDIRECT("Sheet"&K$2&"!f1"),$G54-1,)} -> 0.035097514 | AI54: {=OFFSET(INDIRECT("Sheet"&L$2&"!f1"),$G54-1,)} -> 0.034902093 | AJ54: {=OFFSET(INDIRECT("Sheet"&M$2&"!f1"),$G54-1,)} -> 0.045867452 | AK54: {=OFFSET(INDIRECT("Sheet"&C$2&"!f1"),$G54-1,)} -> 0.033332959 | AL54: {=OFFSET(INDIRECT("Sheet"&D$2&"!f1"),$G54-1,)} -> 0.034905137 | AM54: {=OFFSET(INDIRECT("Sheet"&N$2&"!f1"),$G54-1,)} -> 2.1653751 | AN54: {=OFFSET(INDIRECT("Sheet"&O$2&"!f1"),$G54-1,)} -> 2.0705328 | AO54: {=OFFSET(INDIRECT("Sheet"&P$2&"!f1"),$G54-1,)} -> 2.4677077 | AP54: {=OFFSET(INDIRECT("Sheet"&Q$2&"!f1"),$G54-1,)} -> 0.85140954 | AQ54: {=OFFSET(INDIRECT("Sheet"&R$2&"!f1"),$G54-1,)} -> 1.3156986 | AR54: {=OFFSET(INDIRECT("Sheet"&S$2&"!f1"),$G54-1,)} -> 1.0120806 | AS54: {=OFFSET(INDIRECT("Sheet"&T$2&"!f1"),$G54-1,)} -> 1.5532897 | AT54: {=OFFSET(INDIRECT("Sheet"&U$2&"!f1"),$G54-1,)} -> 1.244983 | AU54: {=OFFSET(INDIRECT("Sheet"&V$2&"!f1"),$G54-1,)} -> 1.8824893 | AX54: =IF(H54=$F54,1,0) -> 1 | AY54: =IF(I54=$F54,1,0) -> 1 | AZ54: =IF(J54=$F54,1,0) -> 1 | BA54: =IF(K54=$F54,1,0) -> 1 | BB54: =IF(L54=$F54,1,0) -> 1 | BC54: =IF(M54=$F54,1,0) -> 1 | BD54: =IF(C54=$F54,1,0) -> 1 | BE54: =IF(D54=$F54,1,0) -> 1 | BF54: =IF(N54=$F54,1,0) -> 1 | BG54: =IF(O54=$F54,1,0) -> 1 | BH54: =IF(P54=$F54,1,0) -> 1 | BI54: =IF(Q54=$F54,1,0) -> 1 | BJ54: =IF(R54=$F54,1,0) -> 1 | BK54: =IF(S54=$F54,1,0) -> 1 | BL54: =IF(T54=$F54,1,0) -> 1 | BM54: =IF(U54=$F54,1,0) -> 1 | ... BQ54: =IF(Y54=$F54,1,0) -> 1
A55: =Sheet3!A39 -> [[9,1,3]] | B55: 9 | C55: {=OFFSET(INDIRECT("Sheet"&K$2&"!d1"),$G55-1,)} -> 3 | D55: {=OFFSET(INDIRECT("Sheet"&L$2&"!d1"),$G55-1,)} -> 3 | E55: 1 | F55: 3 | G55: =G54+1 -> 39 | H55: {=OFFSET(INDIRECT("Sheet"&E$2&"!d1"),$G55-1,)} -> 3 | I55: {=OFFSET(INDIRECT("Sheet"&F$2&"!d1"),$G55-1,)} -> 3 | J55: {=OFFSET(INDIRECT("Sheet"&G$2&"!d1"),$G55-1,)} -> 3 | K55: {=OFFSET(INDIRECT("Sheet"&H$2&"!d1"),$G55-1,)} -> 3 | L55: {=OFFSET(INDIRECT("Sheet"&I$2&"!d1"),$G55-1,)} -> 3 | M55: {=OFFSET(INDIRECT("Sheet"&J$2&"!d1"),$G55-1,)} -> 3 | N55: {=OFFSET(INDIRECT("Sheet"&M$2&"!d1"),$G55-1,)} -> 3 | O55: {=OFFSET(INDIRECT("Sheet"&C$2&"!d1"),$G55-1,)} -> 3 | P55: {=OFFSET(INDIRECT("Sheet"&D$2&"!d1"),$G55-1,)} -> 3 | Q55: {=OFFSET(INDIRECT("Sheet"&N$2&"!d1"),$G55-1,)} -> 3 | R55: {=OFFSET(INDIRECT("Sheet"&O$2&"!d1"),$G55-1,)} -> 3 | S55: {=OFFSET(INDIRECT("Sheet"&P$2&"!d1"),$G55-1,)} -> 3 | T55: {=OFFSET(INDIRECT("Sheet"&Q$2&"!d1"),$G55-1,)} -> 3 | U55: {=OFFSET(INDIRECT("Sheet"&R$2&"!d1"),$G55-1,)} -> 3 | V55: {=OFFSET(INDIRECT("Sheet"&S$2&"!d1"),$G55-1,)} -> 3 | W55: {=OFFSET(INDIRECT("Sheet"&T$2&"!d1"),$G55-1,)} -> 3 | X55: {=OFFSET(INDIRECT("Sheet"&U$2&"!d1"),$G55-1,)} -> 3 | Y55: {=OFFSET(INDIRECT("Sheet"&V$2&"!d1"),$G55-1,)} -> 3 | AB55: {=OFFSET(INDIRECT("Sheet"&E$2&"!f1"),$G55-1,)} -> 0.0033542551 | AC55: {=OFFSET(INDIRECT("Sheet"&F$2&"!f1"),$G55-1,)} -> 0.0033251988 | AD55: {=OFFSET(INDIRECT("Sheet"&G$2&"!f1"),$G55-1,)} -> 0.0035833623 | AE55: {=OFFSET(INDIRECT("Sheet"&H$2&"!f1"),$G55-1,)} -> 0.013759532 | AF55: {=OFFSET(INDIRECT("Sheet"&I$2&"!f1"),$G55-1,)} -> 0.025137001 | AG55: {=OFFSET(INDIRECT("Sheet"&J$2&"!f1"),$G55-1,)} -> 0.042237495 | AH55: {=OFFSET(INDIRECT("Sheet"&K$2&"!f1"),$G55-1,)} -> 0.039095927 | AI55: {=OFFSET(INDIRECT("Sheet"&L$2&"!f1"),$G55-1,)} -> 0.039092812 | AJ55: {=OFFSET(INDIRECT("Sheet"&M$2&"!f1"),$G55-1,)} -> 0.052039035 | AK55: {=OFFSET(INDIRECT("Sheet"&C$2&"!f1"),$G55-1,)} -> 0.033219593 | AL55: {=OFFSET(INDIRECT("Sheet"&D$2&"!f1"),$G55-1,)} -> 0.034337542 | AM55: {=OFFSET(INDIRECT("Sheet"&N$2&"!f1"),$G55-1,)} -> 2.1980822 | AN55: {=OFFSET(INDIRECT("Sheet"&O$2&"!f1"),$G55-1,)} -> 2.135682 | AO55: {=OFFSET(INDIRECT("Sheet"&P$2&"!f1"),$G55-1,)} -> 2.5834248 | AP55: {=OFFSET(INDIRECT("Sheet"&Q$2&"!f1"),$G55-1,)} -> 0.87966546 | AQ55: {=OFFSET(INDIRECT("Sheet"&R$2&"!f1"),$G55-1,)} -> 1.3873983 | AR55: {=OFFSET(INDIRECT("Sheet"&S$2&"!f1"),$G55-1,)} -> 1.0604301 | AS55: {=OFFSET(INDIRECT("Sheet"&T$2&"!f1"),$G55-1,)} -> 1.6326953 | AT55: {=OFFSET(INDIRECT("Sheet"&U$2&"!f1"),$G55-1,)} -> 1.3492577 | AU55: {=OFFSET(INDIRECT("Sheet"&V$2&"!f1"),$G55-1,)} -> 2.0092638 | AX55: =IF(H55=$F55,1,0) -> 1 | AY55: =IF(I55=$F55,1,0) -> 1 | AZ55: =IF(J55=$F55,1,0) -> 1 | BA55: =IF(K55=$F55,1,0) -> 1 | BB55: =IF(L55=$F55,1,0) -> 1 | BC55: =IF(M55=$F55,1,0) -> 1 | BD55: =IF(C55=$F55,1,0) -> 1 | BE55: =IF(D55=$F55,1,0) -> 1 | BF55: =IF(N55=$F55,1,0) -> 1 | BG55: =IF(O55=$F55,1,0) -> 1 | BH55: =IF(P55=$F55,1,0) -> 1 | BI55: =IF(Q55=$F55,1,0) -> 1 | BJ55: =IF(R55=$F55,1,0) -> 1 | BK55: =IF(S55=$F55,1,0) -> 1 | BL55: =IF(T55=$F55,1,0) -> 1 | BM55: =IF(U55=$F55,1,0) -> 1 | ... BQ55: =IF(Y55=$F55,1,0) -> 1
A56: =Sheet3!A40 -> [[10,1,4]] | B56: 10 | C56: {=OFFSET(INDIRECT("Sheet"&K$2&"!d1"),$G56-1,)} -> 4 | D56: {=OFFSET(INDIRECT("Sheet"&L$2&"!d1"),$G56-1,)} -> 4 | E56: 1 | F56: 4 | G56: =G55+1 -> 40 | H56: {=OFFSET(INDIRECT("Sheet"&E$2&"!d1"),$G56-1,)} -> 4 | I56: {=OFFSET(INDIRECT("Sheet"&F$2&"!d1"),$G56-1,)} -> 4 | J56: {=OFFSET(INDIRECT("Sheet"&G$2&"!d1"),$G56-1,)} -> 4 | K56: {=OFFSET(INDIRECT("Sheet"&H$2&"!d1"),$G56-1,)} -> 4 | L56: {=OFFSET(INDIRECT("Sheet"&I$2&"!d1"),$G56-1,)} -> 4 | M56: {=OFFSET(INDIRECT("Sheet"&J$2&"!d1"),$G56-1,)} -> 4 | N56: {=OFFSET(INDIRECT("Sheet"&M$2&"!d1"),$G56-1,)} -> 4 | O56: {=OFFSET(INDIRECT("Sheet"&C$2&"!d1"),$G56-1,)} -> 4 | P56: {=OFFSET(INDIRECT("Sheet"&D$2&"!d1"),$G56-1,)} -> 4 | Q56: {=OFFSET(INDIRECT("Sheet"&N$2&"!d1"),$G56-1,)} -> 4 | R56: {=OFFSET(INDIRECT("Sheet"&O$2&"!d1"),$G56-1,)} -> 4 | S56: {=OFFSET(INDIRECT("Sheet"&P$2&"!d1"),$G56-1,)} -> 4 | T56: {=OFFSET(INDIRECT("Sheet"&Q$2&"!d1"),$G56-1,)} -> 4 | U56: {=OFFSET(INDIRECT("Sheet"&R$2&"!d1"),$G56-1,)} -> 4 | V56: {=OFFSET(INDIRECT("Sheet"&S$2&"!d1"),$G56-1,)} -> 4 | W56: {=OFFSET(INDIRECT("Sheet"&T$2&"!d1"),$G56-1,)} -> 4 | X56: {=OFFSET(INDIRECT("Sheet"&U$2&"!d1"),$G56-1,)} -> 4 | Y56: {=OFFSET(INDIRECT("Sheet"&V$2&"!d1"),$G56-1,)} -> 4 | AB56: {=OFFSET(INDIRECT("Sheet"&E$2&"!f1"),$G56-1,)} -> 0.0040917462 | AC56: {=OFFSET(INDIRECT("Sheet"&F$2&"!f1"),$G56-1,)} -> 0.0043107951 | AD56: {=OFFSET(INDIRECT("Sheet"&G$2&"!f1"),$G56-1,)} -> 0.0045743091 | AE56: {=OFFSET(INDIRECT("Sheet"&H$2&"!f1"),$G56-1,)} -> 0.014279019 | AF56: {=OFFSET(INDIRECT("Sheet"&I$2&"!f1"),$G56-1,)} -> 1.2007472 | AG56: {=OFFSET(INDIRECT("Sheet"&J$2&"!f1"),$G56-1,)} -> 0.052330172 | AH56: {=OFFSET(INDIRECT("Sheet"&K$2&"!f1"),$G56-1,)} -> 0.047048443 | AI56: {=OFFSET(INDIRECT("Sheet"&L$2&"!f1"),$G56-1,)} -> 0.047230274 | AJ56: {=OFFSET(INDIRECT("Sheet"&M$2&"!f1"),$G56-1,)} -> 0.074420775 | AK56: {=OFFSET(INDIRECT("Sheet"&C$2&"!f1"),$G56-1,)} -> 0.063495385 | AL56: {=OFFSET(INDIRECT("Sheet"&D$2&"!f1"),$G56-1,)} -> 0.064393464 | AM56: {=OFFSET(INDIRECT("Sheet"&N$2&"!f1"),$G56-1,)} -> 2.1802529 | AN56: {=OFFSET(INDIRECT("Sheet"&O$2&"!f1"),$G56-1,)} -> 2.1757163 | AO56: {=OFFSET(INDIRECT("Sheet"&P$2&"!f1"),$G56-1,)} -> 2.5527049 | AP56: {=OFFSET(INDIRECT("Sheet"&Q$2&"!f1"),$G56-1,)} -> 0.84939964 | AQ56: {=OFFSET(INDIRECT("Sheet"&R$2&"!f1"),$G56-1,)} -> 1.3377247 | AR56: {=OFFSET(INDIRECT("Sheet"&S$2&"!f1"),$G56-1,)} -> 1.1061187 | AS56: {=OFFSET(INDIRECT("Sheet"&T$2&"!f1"),$G56-1,)} -> 1.670501 | AT56: {=OFFSET(INDIRECT("Sheet"&U$2&"!f1"),$G56-1,)} -> 1.3009775 | AU56: {=OFFSET(INDIRECT("Sheet"&V$2&"!f1"),$G56-1,)} -> 1.9879079 | AX56: =IF(H56=$F56,1,0) -> 1 | AY56: =IF(I56=$F56,1,0) -> 1 | AZ56: =IF(J56=$F56,1,0) -> 1 | BA56: =IF(K56=$F56,1,0) -> 1 | BB56: =IF(L56=$F56,1,0) -> 1 | BC56: =IF(M56=$F56,1,0) -> 1 | BD56: =IF(C56=$F56,1,0) -> 1 | BE56: =IF(D56=$F56,1,0) -> 1 | BF56: =IF(N56=$F56,1,0) -> 1 | BG56: =IF(O56=$F56,1,0) -> 1 | BH56: =IF(P56=$F56,1,0) -> 1 | BI56: =IF(Q56=$F56,1,0) -> 1 | BJ56: =IF(R56=$F56,1,0) -> 1 | BK56: =IF(S56=$F56,1,0) -> 1 | BL56: =IF(T56=$F56,1,0) -> 1 | BM56: =IF(U56=$F56,1,0) -> 1 | ... BQ56: =IF(Y56=$F56,1,0) -> 1
A57: =Sheet3!A41 -> [[11,1,5]] | B57: 11 | C57: {=OFFSET(INDIRECT("Sheet"&K$2&"!d1"),$G57-1,)} -> 5 | D57: {=OFFSET(INDIRECT("Sheet"&L$2&"!d1"),$G57-1,)} -> 5 | E57: 1 | F57: 5 | G57: =G56+1 -> 41 | H57: {=OFFSET(INDIRECT("Sheet"&E$2&"!d1"),$G57-1,)} -> 5 | I57: {=OFFSET(INDIRECT("Sheet"&F$2&"!d1"),$G57-1,)} -> 5 | J57: {=OFFSET(INDIRECT("Sheet"&G$2&"!d1"),$G57-1,)} -> 5 | K57: {=OFFSET(INDIRECT("Sheet"&H$2&"!d1"),$G57-1,)} -> 5 | L57: {=OFFSET(INDIRECT("Sheet"&I$2&"!d1"),$G57-1,)} -> 5 | M57: {=OFFSET(INDIRECT("Sheet"&J$2&"!d1"),$G57-1,)} -> 5 | N57: {=OFFSET(INDIRECT("Sheet"&M$2&"!d1"),$G57-1,)} -> 5 | O57: {=OFFSET(INDIRECT("Sheet"&C$2&"!d1"),$G57-1,)} -> 5 | P57: {=OFFSET(INDIRECT("Sheet"&D$2&"!d1"),$G57-1,)} -> 5 | Q57: {=OFFSET(INDIRECT("Sheet"&N$2&"!d1"),$G57-1,)} -> 5 | R57: {=OFFSET(INDIRECT("Sheet"&O$2&"!d1"),$G57-1,)} -> 5 | S57: {=OFFSET(INDIRECT("Sheet"&P$2&"!d1"),$G57-1,)} -> 5 | T57: {=OFFSET(INDIRECT("Sheet"&Q$2&"!d1"),$G57-1,)} -> 5 | U57: {=OFFSET(INDIRECT("Sheet"&R$2&"!d1"),$G57-1,)} -> 5 | V57: {=OFFSET(INDIRECT("Sheet"&S$2&"!d1"),$G57-1,)} -> 5 | W57: {=OFFSET(INDIRECT("Sheet"&T$2&"!d1"),$G57-1,)} -> 5 | X57: {=OFFSET(INDIRECT("Sheet"&U$2&"!d1"),$G57-1,)} -> 5 | Y57: {=OFFSET(INDIRECT("Sheet"&V$2&"!d1"),$G57-1,)} -> 5 | AB57: {=OFFSET(INDIRECT("Sheet"&E$2&"!f1"),$G57-1,)} -> 0.0043507665 | AC57: {=OFFSET(INDIRECT("Sheet"&F$2&"!f1"),$G57-1,)} -> 0.0048825424 | AD57: {=OFFSET(INDIRECT("Sheet"&G$2&"!f1"),$G57-1,)} -> 0.0050013242 | AE57: {=OFFSET(INDIRECT("Sheet"&H$2&"!f1"),$G57-1,)} -> 0.01594353 | AF57: {=OFFSET(INDIRECT("Sheet"&I$2&"!f1"),$G57-1,)} -> 109.5644 | AG57: {=OFFSET(INDIRECT("Sheet"&J$2&"!f1"),$G57-1,)} -> 0.061735244 | AH57: {=OFFSET(INDIRECT("Sheet"&K$2&"!f1"),$G57-1,)} -> 0.055647211 | AI57: {=OFFSET(INDIRECT("Sheet"&L$2&"!f1"),$G57-1,)} -> 0.059523458 | AJ57: {=OFFSET(INDIRECT("Sheet"&M$2&"!f1"),$G57-1,)} -> 0.073163796 | AK57: {=OFFSET(INDIRECT("Sheet"&C$2&"!f1"),$G57-1,)} -> 0.095066388 | AL57: {=OFFSET(INDIRECT("Sheet"&D$2&"!f1"),$G57-1,)} -> 0.11473478 | AM57: {=OFFSET(INDIRECT("Sheet"&N$2&"!f1"),$G57-1,)} -> 2.4791638 | AN57: {=OFFSET(INDIRECT("Sheet"&O$2&"!f1"),$G57-1,)} -> 2.5735537 | AO57: {=OFFSET(INDIRECT("Sheet"&P$2&"!f1"),$G57-1,)} -> 3.3378282 | AP57: {=OFFSET(INDIRECT("Sheet"&Q$2&"!f1"),$G57-1,)} -> 1.0396353 | AQ57: {=OFFSET(INDIRECT("Sheet"&R$2&"!f1"),$G57-1,)} -> 1.6512811 | AR57: {=OFFSET(INDIRECT("Sheet"&S$2&"!f1"),$G57-1,)} -> 1.3509653 | AS57: {=OFFSET(INDIRECT("Sheet"&T$2&"!f1"),$G57-1,)} -> 2.0704076 | AT57: {=OFFSET(INDIRECT("Sheet"&U$2&"!f1"),$G57-1,)} -> 1.7889357 | AU57: {=OFFSET(INDIRECT("Sheet"&V$2&"!f1"),$G57-1,)} -> 2.8030571 | AX57: =IF(H57=$F57,1,0) -> 1 | AY57: =IF(I57=$F57,1,0) -> 1 | AZ57: =IF(J57=$F57,1,0) -> 1 | BA57: =IF(K57=$F57,1,0) -> 1 | BB57: =IF(L57=$F57,1,0) -> 1 | BC57: =IF(M57=$F57,1,0) -> 1 | BD57: =IF(C57=$F57,1,0) -> 1 | BE57: =IF(D57=$F57,1,0) -> 1 | BF57: =IF(N57=$F57,1,0) -> 1 | BG57: =IF(O57=$F57,1,0) -> 1 | BH57: =IF(P57=$F57,1,0) -> 1 | BI57: =IF(Q57=$F57,1,0) -> 1 | BJ57: =IF(R57=$F57,1,0) -> 1 | BK57: =IF(S57=$F57,1,0) -> 1 | BL57: =IF(T57=$F57,1,0) -> 1 | BM57: =IF(U57=$F57,1,0) -> 1 | ... BQ57: =IF(Y57=$F57,1,0) -> 1
A58: =Sheet3!A42 -> [[12,6,3]] | B58: 12 | C58: {=OFFSET(INDIRECT("Sheet"&K$2&"!d1"),$G58-1,)} -> 3 | D58: {=OFFSET(INDIRECT("Sheet"&L$2&"!d1"),$G58-1,)} -> 3 | E58: 6 | F58: 3 | G58: =G57+1 -> 42 | H58: {=OFFSET(INDIRECT("Sheet"&E$2&"!d1"),$G58-1,)} -> 3 | I58: {=OFFSET(INDIRECT("Sheet"&F$2&"!d1"),$G58-1,)} -> 3 | J58: {=OFFSET(INDIRECT("Sheet"&G$2&"!d1"),$G58-1,)} -> 3 | K58: {=OFFSET(INDIRECT("Sheet"&H$2&"!d1"),$G58-1,)} -> 3 | L58: {=OFFSET(INDIRECT("Sheet"&I$2&"!d1"),$G58-1,)} -> 3 | M58: {=OFFSET(INDIRECT("Sheet"&J$2&"!d1"),$G58-1,)} -> 3 | N58: {=OFFSET(INDIRECT("Sheet"&M$2&"!d1"),$G58-1,)} -> 3 | O58: {=OFFSET(INDIRECT("Sheet"&C$2&"!d1"),$G58-1,)} -> 3 | P58: {=OFFSET(INDIRECT("Sheet"&D$2&"!d1"),$G58-1,)} -> 3 | Q58: {=OFFSET(INDIRECT("Sheet"&N$2&"!d1"),$G58-1,)} -> 3 | R58: {=OFFSET(INDIRECT("Sheet"&O$2&"!d1"),$G58-1,)} -> 3 | S58: {=OFFSET(INDIRECT("Sheet"&P$2&"!d1"),$G58-1,)} -> 3 | T58: {=OFFSET(INDIRECT("Sheet"&Q$2&"!d1"),$G58-1,)} -> 3 | U58: {=OFFSET(INDIRECT("Sheet"&R$2&"!d1"),$G58-1,)} -> 3 | V58: {=OFFSET(INDIRECT("Sheet"&S$2&"!d1"),$G58-1,)} -> 3 | W58: {=OFFSET(INDIRECT("Sheet"&T$2&"!d1"),$G58-1,)} -> 3 | X58: {=OFFSET(INDIRECT("Sheet"&U$2&"!d1"),$G58-1,)} -> 3 | Y58: {=OFFSET(INDIRECT("Sheet"&V$2&"!d1"),$G58-1,)} -> 3 | AB58: {=OFFSET(INDIRECT("Sheet"&E$2&"!f1"),$G58-1,)} -> 0.0054580048 | AC58: {=OFFSET(INDIRECT("Sheet"&F$2&"!f1"),$G58-1,)} -> 0.0063266307 | AD58: {=OFFSET(INDIRECT("Sheet"&G$2&"!f1"),$G58-1,)} -> 0.0061778883 | AE58: {=OFFSET(INDIRECT("Sheet"&H$2&"!f1"),$G58-1,)} -> 0.013633458 | AF58: {=OFFSET(INDIRECT("Sheet"&I$2&"!f1"),$G58-1,)} -> 0.10105666 | AG58: {=OFFSET(INDIRECT("Sheet"&J$2&"!f1"),$G58-1,)} -> 0.053688268 | AH58: {=OFFSET(INDIRECT("Sheet"&K$2&"!f1"),$G58-1,)} -> 0.050218445 | AI58: {=OFFSET(INDIRECT("Sheet"&L$2&"!f1"),$G58-1,)} -> 0.049273032 | AJ58: {=OFFSET(INDIRECT("Sheet"&M$2&"!f1"),$G58-1,)} -> 0.063535203 | AK58: {=OFFSET(INDIRECT("Sheet"&C$2&"!f1"),$G58-1,)} -> 0.06354958 | AL58: {=OFFSET(INDIRECT("Sheet"&D$2&"!f1"),$G58-1,)} -> 0.05448499 | AM58: {=OFFSET(INDIRECT("Sheet"&N$2&"!f1"),$G58-1,)} -> 2.5592377 | AN58: {=OFFSET(INDIRECT("Sheet"&O$2&"!f1"),$G58-1,)} -> 2.6932167 | AO58: {=OFFSET(INDIRECT("Sheet"&P$2&"!f1"),$G58-1,)} -> 3.5970659 | AP58: {=OFFSET(INDIRECT("Sheet"&Q$2&"!f1"),$G58-1,)} -> 1.0511007 | AQ58: {=OFFSET(INDIRECT("Sheet"&R$2&"!f1"),$G58-1,)} -> 1.7443859 | AR58: {=OFFSET(INDIRECT("Sheet"&S$2&"!f1"),$G58-1,)} -> 1.3909804 | AS58: {=OFFSET(INDIRECT("Sheet"&T$2&"!f1"),$G58-1,)} -> 2.2152745 | AT58: {=OFFSET(INDIRECT("Sheet"&U$2&"!f1"),$G58-1,)} -> 1.9401358 | AU58: {=OFFSET(INDIRECT("Sheet"&V$2&"!f1"),$G58-1,)} -> 3.0778215 | AX58: =IF(H58=$F58,1,0) -> 1 | AY58: =IF(I58=$F58,1,0) -> 1 | AZ58: =IF(J58=$F58,1,0) -> 1 | BA58: =IF(K58=$F58,1,0) -> 1 | BB58: =IF(L58=$F58,1,0) -> 1 | BC58: =IF(M58=$F58,1,0) -> 1 | BD58: =IF(C58=$F58,1,0) -> 1 | BE58: =IF(D58=$F58,1,0) -> 1 | BF58: =IF(N58=$F58,1,0) -> 1 | BG58: =IF(O58=$F58,1,0) -> 1 | BH58: =IF(P58=$F58,1,0) -> 1 | BI58: =IF(Q58=$F58,1,0) -> 1 | BJ58: =IF(R58=$F58,1,0) -> 1 | BK58: =IF(S58=$F58,1,0) -> 1 | BL58: =IF(T58=$F58,1,0) -> 1 | BM58: =IF(U58=$F58,1,0) -> 1 | ... BQ58: =IF(Y58=$F58,1,0) -> 1
A59: =Sheet3!A43 -> [[13,6,3]] | B59: 13 | C59: {=OFFSET(INDIRECT("Sheet"&K$2&"!d1"),$G59-1,)} -> 3 | D59: {=OFFSET(INDIRECT("Sheet"&L$2&"!d1"),$G59-1,)} -> 3 | E59: 6 | F59: 3 | G59: =G58+1 -> 43 | H59: {=OFFSET(INDIRECT("Sheet"&E$2&"!d1"),$G59-1,)} -> 3 | I59: {=OFFSET(INDIRECT("Sheet"&F$2&"!d1"),$G59-1,)} -> 3 | J59: {=OFFSET(INDIRECT("Sheet"&G$2&"!d1"),$G59-1,)} -> 3 | K59: {=OFFSET(INDIRECT("Sheet"&H$2&"!d1"),$G59-1,)} -> 3 | L59: {=OFFSET(INDIRECT("Sheet"&I$2&"!d1"),$G59-1,)} -> 3 | M59: {=OFFSET(INDIRECT("Sheet"&J$2&"!d1"),$G59-1,)} -> 3 | N59: {=OFFSET(INDIRECT("Sheet"&M$2&"!d1"),$G59-1,)} -> 3 | O59: {=OFFSET(INDIRECT("Sheet"&C$2&"!d1"),$G59-1,)} -> 3 | P59: {=OFFSET(INDIRECT("Sheet"&D$2&"!d1"),$G59-1,)} -> 3 | Q59: {=OFFSET(INDIRECT("Sheet"&N$2&"!d1"),$G59-1,)} -> 3 | R59: {=OFFSET(INDIRECT("Sheet"&O$2&"!d1"),$G59-1,)} -> 3 | S59: {=OFFSET(INDIRECT("Sheet"&P$2&"!d1"),$G59-1,)} -> 3 | T59: {=OFFSET(INDIRECT("Sheet"&Q$2&"!d1"),$G59-1,)} -> 3 | U59: {=OFFSET(INDIRECT("Sheet"&R$2&"!d1"),$G59-1,)} -> 3 | V59: {=OFFSET(INDIRECT("Sheet"&S$2&"!d1"),$G59-1,)} -> 3 | W59: {=OFFSET(INDIRECT("Sheet"&T$2&"!d1"),$G59-1,)} -> 3 | X59: {=OFFSET(INDIRECT("Sheet"&U$2&"!d1"),$G59-1,)} -> 3 | Y59: {=OFFSET(INDIRECT("Sheet"&V$2&"!d1"),$G59-1,)} -> 3 | AB59: {=OFFSET(INDIRECT("Sheet"&E$2&"!f1"),$G59-1,)} -> 0.0057930769 | AC59: {=OFFSET(INDIRECT("Sheet"&F$2&"!f1"),$G59-1,)} -> 0.0055834502 | AD59: {=OFFSET(INDIRECT("Sheet"&G$2&"!f1"),$G59-1,)} -> 0.0066611217 | AE59: {=OFFSET(INDIRECT("Sheet"&H$2&"!f1"),$G59-1,)} -> 0.013476771 | AF59: {=OFFSET(INDIRECT("Sheet"&I$2&"!f1"),$G59-1,)} -> 0.10254574 | AG59: {=OFFSET(INDIRECT("Sheet"&J$2&"!f1"),$G59-1,)} -> 0.058465625 | AH59: {=OFFSET(INDIRECT("Sheet"&K$2&"!f1"),$G59-1,)} -> 0.05283972 | AI59: {=OFFSET(INDIRECT("Sheet"&L$2&"!f1"),$G59-1,)} -> 0.055612525 | AJ59: {=OFFSET(INDIRECT("Sheet"&M$2&"!f1"),$G59-1,)} -> 0.081499826 | AK59: {=OFFSET(INDIRECT("Sheet"&C$2&"!f1"),$G59-1,)} -> 0.053781667 | AL59: {=OFFSET(INDIRECT("Sheet"&D$2&"!f1"),$G59-1,)} -> 0.075968705 | AM59: {=OFFSET(INDIRECT("Sheet"&N$2&"!f1"),$G59-1,)} -> 2.6300305 | AN59: {=OFFSET(INDIRECT("Sheet"&O$2&"!f1"),$G59-1,)} -> 2.7950439 | AO59: {=OFFSET(INDIRECT("Sheet"&P$2&"!f1"),$G59-1,)} -> 3.8059175 | AP59: {=OFFSET(INDIRECT("Sheet"&Q$2&"!f1"),$G59-1,)} -> 1.0822267 | AQ59: {=OFFSET(INDIRECT("Sheet"&R$2&"!f1"),$G59-1,)} -> 1.82581 | AR59: {=OFFSET(INDIRECT("Sheet"&S$2&"!f1"),$G59-1,)} -> 1.4636223 | AS59: {=OFFSET(INDIRECT("Sheet"&T$2&"!f1"),$G59-1,)} -> 2.3305168 | AT59: {=OFFSET(INDIRECT("Sheet"&U$2&"!f1"),$G59-1,)} -> 2.063655 | AU59: {=OFFSET(INDIRECT("Sheet"&V$2&"!f1"),$G59-1,)} -> 3.2818405 | AX59: =IF(H59=$F59,1,0) -> 1 | AY59: =IF(I59=$F59,1,0) -> 1 | AZ59: =IF(J59=$F59,1,0) -> 1 | BA59: =IF(K59=$F59,1,0) -> 1 | BB59: =IF(L59=$F59,1,0) -> 1 | BC59: =IF(M59=$F59,1,0) -> 1 | BD59: =IF(C59=$F59,1,0) -> 1 | BE59: =IF(D59=$F59,1,0) -> 1 | BF59: =IF(N59=$F59,1,0) -> 1 | BG59: =IF(O59=$F59,1,0) -> 1 | BH59: =IF(P59=$F59,1,0) -> 1 | BI59: =IF(Q59=$F59,1,0) -> 1 | BJ59: =IF(R59=$F59,1,0) -> 1 | BK59: =IF(S59=$F59,1,0) -> 1 | BL59: =IF(T59=$F59,1,0) -> 1 | BM59: =IF(U59=$F59,1,0) -> 1 | ... BQ59: =IF(Y59=$F59,1,0) -> 1
A60: =Sheet3!A44 -> [[14,2,5]] | B60: 14 | C60: {=OFFSET(INDIRECT("Sheet"&K$2&"!d1"),$G60-1,)} -> 5 | D60: {=OFFSET(INDIRECT("Sheet"&L$2&"!d1"),$G60-1,)} -> 5 | E60: 2 | F60: 5 | G60: =G59+1 -> 44 | H60: {=OFFSET(INDIRECT("Sheet"&E$2&"!d1"),$G60-1,)} -> 5 | I60: {=OFFSET(INDIRECT("Sheet"&F$2&"!d1"),$G60-1,)} -> 5 | J60: {=OFFSET(INDIRECT("Sheet"&G$2&"!d1"),$G60-1,)} -> 5 | K60: {=OFFSET(INDIRECT("Sheet"&H$2&"!d1"),$G60-1,)} -> 5 | L60: {=OFFSET(INDIRECT("Sheet"&I$2&"!d1"),$G60-1,)} -> 5 | M60: {=OFFSET(INDIRECT("Sheet"&J$2&"!d1"),$G60-1,)} -> 5 | N60: {=OFFSET(INDIRECT("Sheet"&M$2&"!d1"),$G60-1,)} -> 5 | O60: {=OFFSET(INDIRECT("Sheet"&C$2&"!d1"),$G60-1,)} -> 5 | P60: {=OFFSET(INDIRECT("Sheet"&D$2&"!d1"),$G60-1,)} -> 5 | Q60: {=OFFSET(INDIRECT("Sheet"&N$2&"!d1"),$G60-1,)} -> 5 | R60: {=OFFSET(INDIRECT("Sheet"&O$2&"!d1"),$G60-1,)} -> 5 | S60: {=OFFSET(INDIRECT("Sheet"&P$2&"!d1"),$G60-1,)} -> 5 | T60: {=OFFSET(INDIRECT("Sheet"&Q$2&"!d1"),$G60-1,)} -> 5 | U60: {=OFFSET(INDIRECT("Sheet"&R$2&"!d1"),$G60-1,)} -> 5 | V60: {=OFFSET(INDIRECT("Sheet"&S$2&"!d1"),$G60-1,)} -> 5 | W60: {=OFFSET(INDIRECT("Sheet"&T$2&"!d1"),$G60-1,)} -> 5 | X60: {=OFFSET(INDIRECT("Sheet"&U$2&"!d1"),$G60-1,)} -> 5 | Y60: {=OFFSET(INDIRECT("Sheet"&V$2&"!d1"),$G60-1,)} -> 5 | AB60: {=OFFSET(INDIRECT("Sheet"&E$2&"!f1"),$G60-1,)} -> 0.0049773864 | AC60: {=OFFSET(INDIRECT("Sheet"&F$2&"!f1"),$G60-1,)} -> 0.007937409 | AD60: {=OFFSET(INDIRECT("Sheet"&G$2&"!f1"),$G60-1,)} -> 0.0085715689 | AE60: {=OFFSET(INDIRECT("Sheet"&H$2&"!f1"),$G60-1,)} -> 0.020579899 | AF60: {=OFFSET(INDIRECT("Sheet"&I$2&"!f1"),$G60-1,)} -> 1785.6139 | AG60: {=OFFSET(INDIRECT("Sheet"&J$2&"!f1"),$G60-1,)} -> 0.078545485 | AH60: {=OFFSET(INDIRECT("Sheet"&K$2&"!f1"),$G60-1,)} -> 0.074795711 | AI60: {=OFFSET(INDIRECT("Sheet"&L$2&"!f1"),$G60-1,)} -> 0.074061897 | AJ60: {=OFFSET(INDIRECT("Sheet"&M$2&"!f1"),$G60-1,)} -> 0.095016394 | AK60: {=OFFSET(INDIRECT("Sheet"&C$2&"!f1"),$G60-1,)} -> 0.11395475 | AL60: {=OFFSET(INDIRECT("Sheet"&D$2&"!f1"),$G60-1,)} -> 0.18532494 | AM60: {=OFFSET(INDIRECT("Sheet"&N$2&"!f1"),$G60-1,)} -> 2.4533397 | AN60: {=OFFSET(INDIRECT("Sheet"&O$2&"!f1"),$G60-1,)} -> 2.6661665 | AO60: {=OFFSET(INDIRECT("Sheet"&P$2&"!f1"),$G60-1,)} -> 3.3369292 | AP60: {=OFFSET(INDIRECT("Sheet"&Q$2&"!f1"),$G60-1,)} -> 1.0216682 | AQ60: {=OFFSET(INDIRECT("Sheet"&R$2&"!f1"),$G60-1,)} -> 1.645911 | AR60: {=OFFSET(INDIRECT("Sheet"&S$2&"!f1"),$G60-1,)} -> 1.4150657 | AS60: {=OFFSET(INDIRECT("Sheet"&T$2&"!f1"),$G60-1,)} -> 2.1937729 | AT60: {=OFFSET(INDIRECT("Sheet"&U$2&"!f1"),$G60-1,)} -> 1.7457981 | AU60: {=OFFSET(INDIRECT("Sheet"&V$2&"!f1"),$G60-1,)} -> 2.8272356 | AX60: =IF(H60=$F60,1,0) -> 1 | AY60: =IF(I60=$F60,1,0) -> 1 | AZ60: =IF(J60=$F60,1,0) -> 1 | BA60: =IF(K60=$F60,1,0) -> 1 | BB60: =IF(L60=$F60,1,0) -> 1 | BC60: =IF(M60=$F60,1,0) -> 1 | BD60: =IF(C60=$F60,1,0) -> 1 | BE60: =IF(D60=$F60,1,0) -> 1 | BF60: =IF(N60=$F60,1,0) -> 1 | BG60: =IF(O60=$F60,1,0) -> 1 | BH60: =IF(P60=$F60,1,0) -> 1 | BI60: =IF(Q60=$F60,1,0) -> 1 | BJ60: =IF(R60=$F60,1,0) -> 1 | BK60: =IF(S60=$F60,1,0) -> 1 | BL60: =IF(T60=$F60,1,0) -> 1 | BM60: =IF(U60=$F60,1,0) -> 1 | ... BQ60: =IF(Y60=$F60,1,0) -> 1
A61: =Sheet3!A45 -> [[15,2,5]] | B61: 15 | C61: {=OFFSET(INDIRECT("Sheet"&K$2&"!d1"),$G61-1,)} -> 5 | D61: {=OFFSET(INDIRECT("Sheet"&L$2&"!d1"),$G61-1,)} -> 5 | E61: 2 | F61: 5 | G61: =G60+1 -> 45 | H61: {=OFFSET(INDIRECT("Sheet"&E$2&"!d1"),$G61-1,)} -> 5 | I61: {=OFFSET(INDIRECT("Sheet"&F$2&"!d1"),$G61-1,)} -> 5 | J61: {=OFFSET(INDIRECT("Sheet"&G$2&"!d1"),$G61-1,)} -> 5 | K61: {=OFFSET(INDIRECT("Sheet"&H$2&"!d1"),$G61-1,)} -> 5 | L61: {=OFFSET(INDIRECT("Sheet"&I$2&"!d1"),$G61-1,)} -> 5 | M61: {=OFFSET(INDIRECT("Sheet"&J$2&"!d1"),$G61-1,)} -> 5 | N61: {=OFFSET(INDIRECT("Sheet"&M$2&"!d1"),$G61-1,)} -> 5 | O61: {=OFFSET(INDIRECT("Sheet"&C$2&"!d1"),$G61-1,)} -> 5 | P61: {=OFFSET(INDIRECT("Sheet"&D$2&"!d1"),$G61-1,)} -> 5 | Q61: {=OFFSET(INDIRECT("Sheet"&N$2&"!d1"),$G61-1,)} -> 5 | R61: {=OFFSET(INDIRECT("Sheet"&O$2&"!d1"),$G61-1,)} -> 5 | S61: {=OFFSET(INDIRECT("Sheet"&P$2&"!d1"),$G61-1,)} -> 5 | T61: {=OFFSET(INDIRECT("Sheet"&Q$2&"!d1"),$G61-1,)} -> 5 | U61: {=OFFSET(INDIRECT("Sheet"&R$2&"!d1"),$G61-1,)} -> 5 | V61: {=OFFSET(INDIRECT("Sheet"&S$2&"!d1"),$G61-1,)} -> 5 | W61: {=OFFSET(INDIRECT("Sheet"&T$2&"!d1"),$G61-1,)} -> 5 | X61: {=OFFSET(INDIRECT("Sheet"&U$2&"!d1"),$G61-1,)} -> 5 | Y61: {=OFFSET(INDIRECT("Sheet"&V$2&"!d1"),$G61-1,)} -> 5 | AB61: {=OFFSET(INDIRECT("Sheet"&E$2&"!f1"),$G61-1,)} -> 0.0099171409 | AC61: {=OFFSET(INDIRECT("Sheet"&F$2&"!f1"),$G61-1,)} -> 0.0091155618 | AD61: {=OFFSET(INDIRECT("Sheet"&G$2&"!f1"),$G61-1,)} -> 0.0095178755 | AE61: {=OFFSET(INDIRECT("Sheet"&H$2&"!f1"),$G61-1,)} -> 0.020313364 | AF61: {=OFFSET(INDIRECT("Sheet"&I$2&"!f1"),$G61-1,)} -> 1771.1571 | AG61: {=OFFSET(INDIRECT("Sheet"&J$2&"!f1"),$G61-1,)} -> 0.083003557 | AH61: {=OFFSET(INDIRECT("Sheet"&K$2&"!f1"),$G61-1,)} -> 0.077596024 | AI61: {=OFFSET(INDIRECT("Sheet"&L$2&"!f1"),$G61-1,)} -> 0.076948402 | AJ61: {=OFFSET(INDIRECT("Sheet"&M$2&"!f1"),$G61-1,)} -> 0.10134344 | AK61: {=OFFSET(INDIRECT("Sheet"&C$2&"!f1"),$G61-1,)} -> 0.12610618 | AL61: {=OFFSET(INDIRECT("Sheet"&D$2&"!f1"),$G61-1,)} -> 0.16520771 | AM61: {=OFFSET(INDIRECT("Sheet"&N$2&"!f1"),$G61-1,)} -> 2.490131 | AN61: {=OFFSET(INDIRECT("Sheet"&O$2&"!f1"),$G61-1,)} -> 2.7560618 | AO61: {=OFFSET(INDIRECT("Sheet"&P$2&"!f1"),$G61-1,)} -> 3.4914829 | AP61: {=OFFSET(INDIRECT("Sheet"&Q$2&"!f1"),$G61-1,)} -> 1.0503207 | AQ61: {=OFFSET(INDIRECT("Sheet"&R$2&"!f1"),$G61-1,)} -> 1.7019761 | AR61: {=OFFSET(INDIRECT("Sheet"&S$2&"!f1"),$G61-1,)} -> 1.4701292 | AS61: {=OFFSET(INDIRECT("Sheet"&T$2&"!f1"),$G61-1,)} -> 2.2840281 | AT61: {=OFFSET(INDIRECT("Sheet"&U$2&"!f1"),$G61-1,)} -> 1.8441734 | AU61: {=OFFSET(INDIRECT("Sheet"&V$2&"!f1"),$G61-1,)} -> 2.9518382 | AX61: =IF(H61=$F61,1,0) -> 1 | AY61: =IF(I61=$F61,1,0) -> 1 | AZ61: =IF(J61=$F61,1,0) -> 1 | BA61: =IF(K61=$F61,1,0) -> 1 | BB61: =IF(L61=$F61,1,0) -> 1 | BC61: =IF(M61=$F61,1,0) -> 1 | BD61: =IF(C61=$F61,1,0) -> 1 | BE61: =IF(D61=$F61,1,0) -> 1 | BF61: =IF(N61=$F61,1,0) -> 1 | BG61: =IF(O61=$F61,1,0) -> 1 | BH61: =IF(P61=$F61,1,0) -> 1 | BI61: =IF(Q61=$F61,1,0) -> 1 | BJ61: =IF(R61=$F61,1,0) -> 1 | BK61: =IF(S61=$F61,1,0) -> 1 | BL61: =IF(T61=$F61,1,0) -> 1 | BM61: =IF(U61=$F61,1,0) -> 1 | ... BQ61: =IF(Y61=$F61,1,0) -> 1
... A169: =Sheet3!A153 -> [[123,38,15]] | B169: 123 | C169: {=OFFSET(INDIRECT("Sheet"&K$2&"!d1"),$G169-1,)} -> 18 | D169: {=OFFSET(INDIRECT("Sheet"&L$2&"!d1"),$G169-1,)} -> 18 | E169: 38 | F169: 15 | G169: =G168+1 -> 153 | H169: {=OFFSET(INDIRECT("Sheet"&E$2&"!d1"),$G169-1,)} -> 0 | I169: {=OFFSET(INDIRECT("Sheet"&F$2&"!d1"),$G169-1,)} -> 0 | J169: {=OFFSET(INDIRECT("Sheet"&G$2&"!d1"),$G169-1,)} -> 0 | K169: {=OFFSET(INDIRECT("Sheet"&H$2&"!d1"),$G169-1,)} -> 0 | L169: {=OFFSET(INDIRECT("Sheet"&I$2&"!d1"),$G169-1,)} -> 0 | M169: {=OFFSET(INDIRECT("Sheet"&J$2&"!d1"),$G169-1,)} -> 18 | N169: {=OFFSET(INDIRECT("Sheet"&M$2&"!d1"),$G169-1,)} -> 16 | O169: {=OFFSET(INDIRECT("Sheet"&C$2&"!d1"),$G169-1,)} -> 0 | P169: {=OFFSET(INDIRECT("Sheet"&D$2&"!d1"),$G169-1,)} -> 0 | Q169: {=OFFSET(INDIRECT("Sheet"&N$2&"!d1"),$G169-1,)} -> 17 | R169: {=OFFSET(INDIRECT("Sheet"&O$2&"!d1"),$G169-1,)} -> 16 | S169: {=OFFSET(INDIRECT("Sheet"&P$2&"!d1"),$G169-1,)} -> 17 | T169: {=OFFSET(INDIRECT("Sheet"&Q$2&"!d1"),$G169-1,)} -> 17 | U169: {=OFFSET(INDIRECT("Sheet"&R$2&"!d1"),$G169-1,)} -> 16 | V169: {=OFFSET(INDIRECT("Sheet"&S$2&"!d1"),$G169-1,)} -> 18 | W169: {=OFFSET(INDIRECT("Sheet"&T$2&"!d1"),$G169-1,)} -> 17 | X169: {=OFFSET(INDIRECT("Sheet"&U$2&"!d1"),$G169-1,)} -> 18 | Y169: {=OFFSET(INDIRECT("Sheet"&V$2&"!d1"),$G169-1,)} -> 16 | AB169: {=OFFSET(INDIRECT("Sheet"&E$2&"!f1"),$G169-1,)} -> 0 | AC169: {=OFFSET(INDIRECT("Sheet"&F$2&"!f1"),$G169-1,)} -> 0 | AD169: {=OFFSET(INDIRECT("Sheet"&G$2&"!f1"),$G169-1,)} -> 0 | AE169: {=OFFSET(INDIRECT("Sheet"&H$2&"!f1"),$G169-1,)} -> 0 | AF169: {=OFFSET(INDIRECT("Sheet"&I$2&"!f1"),$G169-1,)} -> 0 | AG169: {=OFFSET(INDIRECT("Sheet"&J$2&"!f1"),$G169-1,)} -> 3.0466952 | AH169: {=OFFSET(INDIRECT("Sheet"&K$2&"!f1"),$G169-1,)} -> 2.6962275 | AI169: {=OFFSET(INDIRECT("Sheet"&L$2&"!f1"),$G169-1,)} -> 2.6845027 | AJ169: {=OFFSET(INDIRECT("Sheet"&M$2&"!f1"),$G169-1,)} -> 5.0923431 | AK169: {=OFFSET(INDIRECT("Sheet"&C$2&"!f1"),$G169-1,)} -> 0 | AL169: {=OFFSET(INDIRECT("Sheet"&D$2&"!f1"),$G169-1,)} -> 0 | AM169: {=OFFSET(INDIRECT("Sheet"&N$2&"!f1"),$G169-1,)} -> 58.155159 | AN169: {=OFFSET(INDIRECT("Sheet"&O$2&"!f1"),$G169-1,)} -> 94.89779 | AO169: {=OFFSET(INDIRECT("Sheet"&P$2&"!f1"),$G169-1,)} -> 174.0395 | AP169: {=OFFSET(INDIRECT("Sheet"&Q$2&"!f1"),$G169-1,)} -> 43.689891 | AQ169: {=OFFSET(INDIRECT("Sheet"&R$2&"!f1"),$G169-1,)} -> 50.306997 | AR169: {=OFFSET(INDIRECT("Sheet"&S$2&"!f1"),$G169-1,)} -> 86.826321 | AS169: {=OFFSET(INDIRECT("Sheet"&T$2&"!f1"),$G169-1,)} -> 88.658143 | AT169: {=OFFSET(INDIRECT("Sheet"&U$2&"!f1"),$G169-1,)} -> 159.92759 | AU169: {=OFFSET(INDIRECT("Sheet"&V$2&"!f1"),$G169-1,)} -> 171.18898 | AX169: =IF(H169=$F169,1,0) -> 0 | AY169: =IF(I169=$F169,1,0) -> 0 | AZ169: =IF(J169=$F169,1,0) -> 0 | BA169: =IF(K169=$F169,1,0) -> 0 | BB169: =IF(L169=$F169,1,0) -> 0 | BC169: =IF(M169=$F169,1,0) -> 0 | BD169: =IF(C169=$F169,1,0) -> 0 | BE169: =IF(D169=$F169,1,0) -> 0 | BF169: =IF(N169=$F169,1,0) -> 0 | BG169: =IF(O169=$F169,1,0) -> 0 | BH169: =IF(P169=$F169,1,0) -> 0 | BI169: =IF(Q169=$F169,1,0) -> 0 | BJ169: =IF(R169=$F169,1,0) -> 0 | BK169: =IF(S169=$F169,1,0) -> 0 | BL169: =IF(T169=$F169,1,0) -> 0 | BM169: =IF(U169=$F169,1,0) -> 0 | ... BQ169: =IF(Y169=$F169,1,0) -> 0

Sheet charts
B1: Match | K1: Time | U1: Time Adj
A2: Sheet | B2: 1 | C2: 2 | D2: 9 | E2: 11 | F2: 10 | G2: 13 | H2: 12
A3: Method | B3: GurobiDist | C3: GurobiDist | D3: BZDistMW | E3: BZDistMW | F3: BZDistMW | G3: dist_m4ri_CC | H3: dist_m4ri_CC | I3: Magma | K3: GurobiDist | L3: GurobiDist | M3: BZDistMW | N3: BZDistMW | O3: BZDistMW | P3: dist_m4ri_CC | Q3: dist_m4ri_CC | R3: Magma | AD3: Gurobi
A4: GF4BlockEncoding | B4: 2 | C4: 3 | D4: 2 | E4: 3 | F4: 4 | G4: 3 | H4: 4 | I4: 2 | T4: n | U4: =B3&" "&B4&" Block" -> GurobiDist 2 Block | V4: =C3&" "&C4&" Block" -> GurobiDist 3 Block | W4: =D3&" "&D4&" Block" -> BZDistMW 2 Block | X4: =E3&" "&E4&" Block" -> BZDistMW 3 Block | Y4: =F3&" "&F4&" Block" -> BZDistMW 4 Block | Z4: =G3&" "&G4&" Block" -> dist_m4ri_CC 3 Block | AA4: =H3&" "&H4&" Block" -> dist_m4ri_CC 4 Block | AB4: =I3&" "&I4&" Block" -> Magma 2 Block
A5: =Sheet1!A33 -> [[3,1,1]] | B5: =MATCH($A5,INDIRECT("Sheet"&B$2&"!A:A"),) -> 33 | C5: =MATCH($A5,INDIRECT("Sheet"&C$2&"!A:A"),) -> 33 | D5: =MATCH($A5,INDIRECT("Sheet"&D$2&"!A:A"),) -> 33 | E5: =MATCH($A5,INDIRECT("Sheet"&E$2&"!A:A"),) -> 33 | F5: =MATCH($A5,INDIRECT("Sheet"&F$2&"!A:A"),) -> 33 | G5: =MATCH($A5,INDIRECT("Sheet"&G$2&"!A:A"),) -> 33 | H5: =MATCH($A5,INDIRECT("Sheet"&H$2&"!A:A"),) -> 33 | I5: =MATCH($A5,magma!A:A,) -> 28 | K5: {=OFFSET(INDIRECT("Sheet"&B$2&"!f1"),B5-1,)} -> 0.39045962 | L5: {=OFFSET(INDIRECT("Sheet"&C$2&"!f1"),C5-1,)} -> 0.21553472 | M5: {=OFFSET(INDIRECT("Sheet"&D$2&"!f1"),D5-1,)} -> 0.0023525115 | N5: {=OFFSET(INDIRECT("Sheet"&E$2&"!f1"),E5-1,)} -> 0.0020386642 | O5: {=OFFSET(INDIRECT("Sheet"&F$2&"!f1"),F5-1,)} -> 0.0021212352 | P5: {=OFFSET(INDIRECT("Sheet"&G$2&"!f1"),G5-1,)} -> 0.020189436 | Q5: {=OFFSET(INDIRECT("Sheet"&H$2&"!f1"),H5-1,)} -> 0.12274851 | R5: =OFFSET(magma!$F$1,I5-1,)*1 -> 0.86791575 | T5: =Sheet1!B33 -> 3 | U5: =IF(AND(K5>0,K5<28800),K5,NA()) -> 0.39045962 | V5: =IF(AND(L5>0,L5<28800),L5,NA()) -> 0.21553472 | W5: =IF(AND(M5>0,M5<28800),M5,NA()) -> 0.0023525115 | X5: =IF(AND(N5>0,N5<28800),N5,NA()) -> 0.0020386642 | Y5: =IF(AND(O5>0,O5<28800),O5,NA()) -> 0.0021212352 | Z5: =IF(AND(P5>0,P5<28800),P5,NA()) -> 0.020189436 | AA5: =IF(AND(Q5>0,Q5<28800),Q5,NA()) -> 0.12274851 | AB5: =IF(AND(R5>0,R5<28800),R5,NA()) -> 0.86791575
A6: =Sheet1!A34 -> [[4,1,2]] | B6: =MATCH($A6,INDIRECT("Sheet"&B$2&"!A:A"),) -> 34 | C6: =MATCH($A6,INDIRECT("Sheet"&C$2&"!A:A"),) -> 34 | D6: =MATCH($A6,INDIRECT("Sheet"&D$2&"!A:A"),) -> 34 | E6: =MATCH($A6,INDIRECT("Sheet"&E$2&"!A:A"),) -> 34 | F6: =MATCH($A6,INDIRECT("Sheet"&F$2&"!A:A"),) -> 34 | G6: =MATCH($A6,INDIRECT("Sheet"&G$2&"!A:A"),) -> 34 | H6: =MATCH($A6,INDIRECT("Sheet"&H$2&"!A:A"),) -> 34 | I6: =MATCH($A6,magma!A:A,) -> 29 | K6: {=OFFSET(INDIRECT("Sheet"&B$2&"!f1"),B6-1,)} -> 0.023931606 | L6: {=OFFSET(INDIRECT("Sheet"&C$2&"!f1"),C6-1,)} -> 0.024412269 | M6: {=OFFSET(INDIRECT("Sheet"&D$2&"!f1"),D6-1,)} -> 0.0022834716 | N6: {=OFFSET(INDIRECT("Sheet"&E$2&"!f1"),E6-1,)} -> 0.0024125641 | O6: {=OFFSET(INDIRECT("Sheet"&F$2&"!f1"),F6-1,)} -> 0.0024783537 | P6: {=OFFSET(INDIRECT("Sheet"&G$2&"!f1"),G6-1,)} -> 0.014716212 | Q6: {=OFFSET(INDIRECT("Sheet"&H$2&"!f1"),H6-1,)} -> 0.076097789 | R6: =OFFSET(magma!$F$1,I6-1,)*1 -> 0.057046084 | T6: =Sheet1!B34 -> 4 | U6: =IF(AND(K6>0,K6<28800),K6,NA()) -> 0.023931606 | V6: =IF(AND(L6>0,L6<28800),L6,NA()) -> 0.024412269 | W6: =IF(AND(M6>0,M6<28800),M6,NA()) -> 0.0022834716 | X6: =IF(AND(N6>0,N6<28800),N6,NA()) -> 0.0024125641 | Y6: =IF(AND(O6>0,O6<28800),O6,NA()) -> 0.0024783537 | Z6: =IF(AND(P6>0,P6<28800),P6,NA()) -> 0.014716212 | AA6: =IF(AND(Q6>0,Q6<28800),Q6,NA()) -> 0.076097789 | AB6: =IF(AND(R6>0,R6<28800),R6,NA()) -> 0.057046084
A7: =Sheet1!A35 -> [[5,1,3]] | B7: =MATCH($A7,INDIRECT("Sheet"&B$2&"!A:A"),) -> 35 | C7: =MATCH($A7,INDIRECT("Sheet"&C$2&"!A:A"),) -> 35 | D7: =MATCH($A7,INDIRECT("Sheet"&D$2&"!A:A"),) -> 35 | E7: =MATCH($A7,INDIRECT("Sheet"&E$2&"!A:A"),) -> 35 | F7: =MATCH($A7,INDIRECT("Sheet"&F$2&"!A:A"),) -> 35 | G7: =MATCH($A7,INDIRECT("Sheet"&G$2&"!A:A"),) -> 35 | H7: =MATCH($A7,INDIRECT("Sheet"&H$2&"!A:A"),) -> 35 | I7: =MATCH($A7,magma!A:A,) -> 30 | K7: {=OFFSET(INDIRECT("Sheet"&B$2&"!f1"),B7-1,)} -> 0.043407256 | L7: {=OFFSET(INDIRECT("Sheet"&C$2&"!f1"),C7-1,)} -> 0.044245872 | M7: {=OFFSET(INDIRECT("Sheet"&D$2&"!f1"),D7-1,)} -> 0.0027798004 | N7: {=OFFSET(INDIRECT("Sheet"&E$2&"!f1"),E7-1,)} -> 0.0025062477 | O7: {=OFFSET(INDIRECT("Sheet"&F$2&"!f1"),F7-1,)} -> 0.0027241353 | P7: {=OFFSET(INDIRECT("Sheet"&G$2&"!f1"),G7-1,)} -> 0.016103351 | Q7: {=OFFSET(INDIRECT("Sheet"&H$2&"!f1"),H7-1,)} -> 0.077310103 | R7: =OFFSET(magma!$F$1,I7-1,)*1 -> 0.057239333 | T7: =Sheet1!B35 -> 5 | U7: =IF(AND(K7>0,K7<28800),K7,NA()) -> 0.043407256 | V7: =IF(AND(L7>0,L7<28800),L7,NA()) -> 0.044245872 | W7: =IF(AND(M7>0,M7<28800),M7,NA()) -> 0.0027798004 | X7: =IF(AND(N7>0,N7<28800),N7,NA()) -> 0.0025062477 | Y7: =IF(AND(O7>0,O7<28800),O7,NA()) -> 0.0027241353 | Z7: =IF(AND(P7>0,P7<28800),P7,NA()) -> 0.016103351 | AA7: =IF(AND(Q7>0,Q7<28800),Q7,NA()) -> 0.077310103 | AB7: =IF(AND(R7>0,R7<28800),R7,NA()) -> 0.057239333
A8: =Sheet1!A36 -> [[6,1,3]] | B8: =MATCH($A8,INDIRECT("Sheet"&B$2&"!A:A"),) -> 36 | C8: =MATCH($A8,INDIRECT("Sheet"&C$2&"!A:A"),) -> 36 | D8: =MATCH($A8,INDIRECT("Sheet"&D$2&"!A:A"),) -> 36 | E8: =MATCH($A8,INDIRECT("Sheet"&E$2&"!A:A"),) -> 36 | F8: =MATCH($A8,INDIRECT("Sheet"&F$2&"!A:A"),) -> 36 | G8: =MATCH($A8,INDIRECT("Sheet"&G$2&"!A:A"),) -> 36 | H8: =MATCH($A8,INDIRECT("Sheet"&H$2&"!A:A"),) -> 36 | I8: =MATCH($A8,magma!A:A,) -> 31 | K8: {=OFFSET(INDIRECT("Sheet"&B$2&"!f1"),B8-1,)} -> 0.033346392 | L8: {=OFFSET(INDIRECT("Sheet"&C$2&"!f1"),C8-1,)} -> 0.034327878 | M8: {=OFFSET(INDIRECT("Sheet"&D$2&"!f1"),D8-1,)} -> 0.0029675681 | N8: {=OFFSET(INDIRECT("Sheet"&E$2&"!f1"),E8-1,)} -> 0.0027871896 | O8: {=OFFSET(INDIRECT("Sheet"&F$2&"!f1"),F8-1,)} -> 0.0028956905 | P8: {=OFFSET(INDIRECT("Sheet"&G$2&"!f1"),G8-1,)} -> 0.014352234 | Q8: {=OFFSET(INDIRECT("Sheet"&H$2&"!f1"),H8-1,)} -> 0.064857103 | R8: =OFFSET(magma!$F$1,I8-1,)*1 -> 0.057163917 | T8: =Sheet1!B36 -> 6 | U8: =IF(AND(K8>0,K8<28800),K8,NA()) -> 0.033346392 | V8: =IF(AND(L8>0,L8<28800),L8,NA()) -> 0.034327878 | W8: =IF(AND(M8>0,M8<28800),M8,NA()) -> 0.0029675681 | X8: =IF(AND(N8>0,N8<28800),N8,NA()) -> 0.0027871896 | Y8: =IF(AND(O8>0,O8<28800),O8,NA()) -> 0.0028956905 | Z8: =IF(AND(P8>0,P8<28800),P8,NA()) -> 0.014352234 | AA8: =IF(AND(Q8>0,Q8<28800),Q8,NA()) -> 0.064857103 | AB8: =IF(AND(R8>0,R8<28800),R8,NA()) -> 0.057163917
A9: =Sheet1!A37 -> [[7,1,3]] | B9: =MATCH($A9,INDIRECT("Sheet"&B$2&"!A:A"),) -> 37 | C9: =MATCH($A9,INDIRECT("Sheet"&C$2&"!A:A"),) -> 37 | D9: =MATCH($A9,INDIRECT("Sheet"&D$2&"!A:A"),) -> 37 | E9: =MATCH($A9,INDIRECT("Sheet"&E$2&"!A:A"),) -> 37 | F9: =MATCH($A9,INDIRECT("Sheet"&F$2&"!A:A"),) -> 37 | G9: =MATCH($A9,INDIRECT("Sheet"&G$2&"!A:A"),) -> 37 | H9: =MATCH($A9,INDIRECT("Sheet"&H$2&"!A:A"),) -> 37 | I9: =MATCH($A9,magma!A:A,) -> 32 | K9: {=OFFSET(INDIRECT("Sheet"&B$2&"!f1"),B9-1,)} -> 0.033478545 | L9: {=OFFSET(INDIRECT("Sheet"&C$2&"!f1"),C9-1,)} -> 0.033910339 | M9: {=OFFSET(INDIRECT("Sheet"&D$2&"!f1"),D9-1,)} -> 0.0030723251 | N9: {=OFFSET(INDIRECT("Sheet"&E$2&"!f1"),E9-1,)} -> 0.0031640138 | O9: {=OFFSET(INDIRECT("Sheet"&F$2&"!f1"),F9-1,)} -> 0.0032005841 | P9: {=OFFSET(INDIRECT("Sheet"&G$2&"!f1"),G9-1,)} -> 0.017970439 | Q9: {=OFFSET(INDIRECT("Sheet"&H$2&"!f1"),H9-1,)} -> 0.042328706 | R9: =OFFSET(magma!$F$1,I9-1,)*1 -> 0.055149333 | T9: =Sheet1!B37 -> 7 | U9: =IF(AND(K9>0,K9<28800),K9,NA()) -> 0.033478545 | V9: =IF(AND(L9>0,L9<28800),L9,NA()) -> 0.033910339 | W9: =IF(AND(M9>0,M9<28800),M9,NA()) -> 0.0030723251 | X9: =IF(AND(N9>0,N9<28800),N9,NA()) -> 0.0031640138 | Y9: =IF(AND(O9>0,O9<28800),O9,NA()) -> 0.0032005841 | Z9: =IF(AND(P9>0,P9<28800),P9,NA()) -> 0.017970439 | AA9: =IF(AND(Q9>0,Q9<28800),Q9,NA()) -> 0.042328706 | AB9: =IF(AND(R9>0,R9<28800),R9,NA()) -> 0.055149333
A10: =Sheet1!A38 -> [[8,1,3]] | B10: =MATCH($A10,INDIRECT("Sheet"&B$2&"!A:A"),) -> 38 | C10: =MATCH($A10,INDIRECT("Sheet"&C$2&"!A:A"),) -> 38 | D10: =MATCH($A10,INDIRECT("Sheet"&D$2&"!A:A"),) -> 38 | E10: =MATCH($A10,INDIRECT("Sheet"&E$2&"!A:A"),) -> 38 | F10: =MATCH($A10,INDIRECT("Sheet"&F$2&"!A:A"),) -> 38 | G10: =MATCH($A10,INDIRECT("Sheet"&G$2&"!A:A"),) -> 38 | H10: =MATCH($A10,INDIRECT("Sheet"&H$2&"!A:A"),) -> 38 | I10: =MATCH($A10,magma!A:A,) -> 33 | K10: {=OFFSET(INDIRECT("Sheet"&B$2&"!f1"),B10-1,)} -> 0.033332959 | L10: {=OFFSET(INDIRECT("Sheet"&C$2&"!f1"),C10-1,)} -> 0.034905137 | M10: {=OFFSET(INDIRECT("Sheet"&D$2&"!f1"),D10-1,)} -> 0.0031412924 | N10: {=OFFSET(INDIRECT("Sheet"&E$2&"!f1"),E10-1,)} -> 0.0031682951 | O10: {=OFFSET(INDIRECT("Sheet"&F$2&"!f1"),F10-1,)} -> 0.0035904888 | P10: {=OFFSET(INDIRECT("Sheet"&G$2&"!f1"),G10-1,)} -> 0.07468291 | Q10: {=OFFSET(INDIRECT("Sheet"&H$2&"!f1"),H10-1,)} -> 0.022826961 | R10: =OFFSET(magma!$F$1,I10-1,)*1 -> 0.0527205 | T10: =Sheet1!B38 -> 8 | U10: =IF(AND(K10>0,K10<28800),K10,NA()) -> 0.033332959 | V10: =IF(AND(L10>0,L10<28800),L10,NA()) -> 0.034905137 | W10: =IF(AND(M10>0,M10<28800),M10,NA()) -> 0.0031412924 | X10: =IF(AND(N10>0,N10<28800),N10,NA()) -> 0.0031682951 | Y10: =IF(AND(O10>0,O10<28800),O10,NA()) -> 0.0035904888 | Z10: =IF(AND(P10>0,P10<28800),P10,NA()) -> 0.07468291 | AA10: =IF(AND(Q10>0,Q10<28800),Q10,NA()) -> 0.022826961 | AB10: =IF(AND(R10>0,R10<28800),R10,NA()) -> 0.0527205
A11: =Sheet1!A39 -> [[9,1,3]] | B11: =MATCH($A11,INDIRECT("Sheet"&B$2&"!A:A"),) -> 39 | C11: =MATCH($A11,INDIRECT("Sheet"&C$2&"!A:A"),) -> 39 | D11: =MATCH($A11,INDIRECT("Sheet"&D$2&"!A:A"),) -> 39 | E11: =MATCH($A11,INDIRECT("Sheet"&E$2&"!A:A"),) -> 39 | F11: =MATCH($A11,INDIRECT("Sheet"&F$2&"!A:A"),) -> 39 | G11: =MATCH($A11,INDIRECT("Sheet"&G$2&"!A:A"),) -> 39 | H11: =MATCH($A11,INDIRECT("Sheet"&H$2&"!A:A"),) -> 39 | I11: =MATCH($A11,magma!A:A,) -> 34 | K11: {=OFFSET(INDIRECT("Sheet"&B$2&"!f1"),B11-1,)} -> 0.033219593 | L11: {=OFFSET(INDIRECT("Sheet"&C$2&"!f1"),C11-1,)} -> 0.034337542 | M11: {=OFFSET(INDIRECT("Sheet"&D$2&"!f1"),D11-1,)} -> 0.0033542551 | N11: {=OFFSET(INDIRECT("Sheet"&E$2&"!f1"),E11-1,)} -> 0.0033251988 | O11: {=OFFSET(INDIRECT("Sheet"&F$2&"!f1"),F11-1,)} -> 0.0035833623 | P11: {=OFFSET(INDIRECT("Sheet"&G$2&"!f1"),G11-1,)} -> 0.013759532 | Q11: {=OFFSET(INDIRECT("Sheet"&H$2&"!f1"),H11-1,)} -> 0.025137001 | R11: =OFFSET(magma!$F$1,I11-1,)*1 -> 0.052406625 | T11: =Sheet1!B39 -> 9 | U11: =IF(AND(K11>0,K11<28800),K11,NA()) -> 0.033219593 | V11: =IF(AND(L11>0,L11<28800),L11,NA()) -> 0.034337542 | W11: =IF(AND(M11>0,M11<28800),M11,NA()) -> 0.0033542551 | X11: =IF(AND(N11>0,N11<28800),N11,NA()) -> 0.0033251988 | Y11: =IF(AND(O11>0,O11<28800),O11,NA()) -> 0.0035833623 | Z11: =IF(AND(P11>0,P11<28800),P11,NA()) -> 0.013759532 | AA11: =IF(AND(Q11>0,Q11<28800),Q11,NA()) -> 0.025137001 | AB11: =IF(AND(R11>0,R11<28800),R11,NA()) -> 0.052406625
A12: =Sheet1!A40 -> [[10,1,4]] | B12: =MATCH($A12,INDIRECT("Sheet"&B$2&"!A:A"),) -> 40 | C12: =MATCH($A12,INDIRECT("Sheet"&C$2&"!A:A"),) -> 40 | D12: =MATCH($A12,INDIRECT("Sheet"&D$2&"!A:A"),) -> 40 | E12: =MATCH($A12,INDIRECT("Sheet"&E$2&"!A:A"),) -> 40 | F12: =MATCH($A12,INDIRECT("Sheet"&F$2&"!A:A"),) -> 40 | G12: =MATCH($A12,INDIRECT("Sheet"&G$2&"!A:A"),) -> 40 | H12: =MATCH($A12,INDIRECT("Sheet"&H$2&"!A:A"),) -> 40 | I12: =MATCH($A12,magma!A:A,) -> 35 | K12: {=OFFSET(INDIRECT("Sheet"&B$2&"!f1"),B12-1,)} -> 0.063495385 | L12: {=OFFSET(INDIRECT("Sheet"&C$2&"!f1"),C12-1,)} -> 0.064393464 | M12: {=OFFSET(INDIRECT("Sheet"&D$2&"!f1"),D12-1,)} -> 0.0040917462 | N12: {=OFFSET(INDIRECT("Sheet"&E$2&"!f1"),E12-1,)} -> 0.0043107951 | O12: {=OFFSET(INDIRECT("Sheet"&F$2&"!f1"),F12-1,)} -> 0.0045743091 | P12: {=OFFSET(INDIRECT("Sheet"&G$2&"!f1"),G12-1,)} -> 0.014279019 | Q12: {=OFFSET(INDIRECT("Sheet"&H$2&"!f1"),H12-1,)} -> 1.2007472 | R12: =OFFSET(magma!$F$1,I12-1,)*1 -> 0.052589167 | T12: =Sheet1!B40 -> 10 | U12: =IF(AND(K12>0,K12<28800),K12,NA()) -> 0.063495385 | V12: =IF(AND(L12>0,L12<28800),L12,NA()) -> 0.064393464 | W12: =IF(AND(M12>0,M12<28800),M12,NA()) -> 0.0040917462 | X12: =IF(AND(N12>0,N12<28800),N12,NA()) -> 0.0043107951 | Y12: =IF(AND(O12>0,O12<28800),O12,NA()) -> 0.0045743091 | Z12: =IF(AND(P12>0,P12<28800),P12,NA()) -> 0.014279019 | AA12: =IF(AND(Q12>0,Q12<28800),Q12,NA()) -> 1.2007472 | AB12: =IF(AND(R12>0,R12<28800),R12,NA()) -> 0.052589167
A13: =Sheet1!A41 -> [[11,1,5]] | B13: =MATCH($A13,INDIRECT("Sheet"&B$2&"!A:A"),) -> 41 | C13: =MATCH($A13,INDIRECT("Sheet"&C$2&"!A:A"),) -> 41 | D13: =MATCH($A13,INDIRECT("Sheet"&D$2&"!A:A"),) -> 41 | E13: =MATCH($A13,INDIRECT("Sheet"&E$2&"!A:A"),) -> 41 | F13: =MATCH($A13,INDIRECT("Sheet"&F$2&"!A:A"),) -> 41 | G13: =MATCH($A13,INDIRECT("Sheet"&G$2&"!A:A"),) -> 41 | H13: =MATCH($A13,INDIRECT("Sheet"&H$2&"!A:A"),) -> 41 | I13: =MATCH($A13,magma!A:A,) -> 36 | K13: {=OFFSET(INDIRECT("Sheet"&B$2&"!f1"),B13-1,)} -> 0.095066388 | L13: {=OFFSET(INDIRECT("Sheet"&C$2&"!f1"),C13-1,)} -> 0.11473478 | M13: {=OFFSET(INDIRECT("Sheet"&D$2&"!f1"),D13-1,)} -> 0.0043507665 | N13: {=OFFSET(INDIRECT("Sheet"&E$2&"!f1"),E13-1,)} -> 0.0048825424 | O13: {=OFFSET(INDIRECT("Sheet"&F$2&"!f1"),F13-1,)} -> 0.0050013242 | P13: {=OFFSET(INDIRECT("Sheet"&G$2&"!f1"),G13-1,)} -> 0.01594353 | Q13: {=OFFSET(INDIRECT("Sheet"&H$2&"!f1"),H13-1,)} -> 109.5644 | R13: =OFFSET(magma!$F$1,I13-1,)*1 -> 0.052994916 | T13: =Sheet1!B41 -> 11 | U13: =IF(AND(K13>0,K13<28800),K13,NA()) -> 0.095066388 | V13: =IF(AND(L13>0,L13<28800),L13,NA()) -> 0.11473478 | W13: =IF(AND(M13>0,M13<28800),M13,NA()) -> 0.0043507665 | X13: =IF(AND(N13>0,N13<28800),N13,NA()) -> 0.0048825424 | Y13: =IF(AND(O13>0,O13<28800),O13,NA()) -> 0.0050013242 | Z13: =IF(AND(P13>0,P13<28800),P13,NA()) -> 0.01594353 | AA13: =IF(AND(Q13>0,Q13<28800),Q13,NA()) -> 109.5644 | AB13: =IF(AND(R13>0,R13<28800),R13,NA()) -> 0.052994916
A14: =Sheet1!A42 -> [[12,6,3]] | B14: =MATCH($A14,INDIRECT("Sheet"&B$2&"!A:A"),) -> 42 | C14: =MATCH($A14,INDIRECT("Sheet"&C$2&"!A:A"),) -> 42 | D14: =MATCH($A14,INDIRECT("Sheet"&D$2&"!A:A"),) -> 42 | E14: =MATCH($A14,INDIRECT("Sheet"&E$2&"!A:A"),) -> 42 | F14: =MATCH($A14,INDIRECT("Sheet"&F$2&"!A:A"),) -> 42 | G14: =MATCH($A14,INDIRECT("Sheet"&G$2&"!A:A"),) -> 42 | H14: =MATCH($A14,INDIRECT("Sheet"&H$2&"!A:A"),) -> 42 | I14: =MATCH($A14,magma!A:A,) -> 37 | K14: {=OFFSET(INDIRECT("Sheet"&B$2&"!f1"),B14-1,)} -> 0.06354958 | L14: {=OFFSET(INDIRECT("Sheet"&C$2&"!f1"),C14-1,)} -> 0.05448499 | M14: {=OFFSET(INDIRECT("Sheet"&D$2&"!f1"),D14-1,)} -> 0.0054580048 | N14: {=OFFSET(INDIRECT("Sheet"&E$2&"!f1"),E14-1,)} -> 0.0063266307 | O14: {=OFFSET(INDIRECT("Sheet"&F$2&"!f1"),F14-1,)} -> 0.0061778883 | P14: {=OFFSET(INDIRECT("Sheet"&G$2&"!f1"),G14-1,)} -> 0.013633458 | Q14: {=OFFSET(INDIRECT("Sheet"&H$2&"!f1"),H14-1,)} -> 0.10105666 | R14: =OFFSET(magma!$F$1,I14-1,)*1 -> 0.052198792 | T14: =Sheet1!B42 -> 12 | U14: =IF(AND(K14>0,K14<28800),K14,NA()) -> 0.06354958 | V14: =IF(AND(L14>0,L14<28800),L14,NA()) -> 0.05448499 | W14: =IF(AND(M14>0,M14<28800),M14,NA()) -> 0.0054580048 | X14: =IF(AND(N14>0,N14<28800),N14,NA()) -> 0.0063266307 | Y14: =IF(AND(O14>0,O14<28800),O14,NA()) -> 0.0061778883 | Z14: =IF(AND(P14>0,P14<28800),P14,NA()) -> 0.013633458 | AA14: =IF(AND(Q14>0,Q14<28800),Q14,NA()) -> 0.10105666 | AB14: =IF(AND(R14>0,R14<28800),R14,NA()) -> 0.052198792
A15: =Sheet1!A43 -> [[13,6,3]] | B15: =MATCH($A15,INDIRECT("Sheet"&B$2&"!A:A"),) -> 43 | C15: =MATCH($A15,INDIRECT("Sheet"&C$2&"!A:A"),) -> 43 | D15: =MATCH($A15,INDIRECT("Sheet"&D$2&"!A:A"),) -> 43 | E15: =MATCH($A15,INDIRECT("Sheet"&E$2&"!A:A"),) -> 43 | F15: =MATCH($A15,INDIRECT("Sheet"&F$2&"!A:A"),) -> 43 | G15: =MATCH($A15,INDIRECT("Sheet"&G$2&"!A:A"),) -> 43 | H15: =MATCH($A15,INDIRECT("Sheet"&H$2&"!A:A"),) -> 43 | I15: =MATCH($A15,magma!A:A,) -> 38 | K15: {=OFFSET(INDIRECT("Sheet"&B$2&"!f1"),B15-1,)} -> 0.053781667 | L15: {=OFFSET(INDIRECT("Sheet"&C$2&"!f1"),C15-1,)} -> 0.075968705 | M15: {=OFFSET(INDIRECT("Sheet"&D$2&"!f1"),D15-1,)} -> 0.0057930769 | N15: {=OFFSET(INDIRECT("Sheet"&E$2&"!f1"),E15-1,)} -> 0.0055834502 | O15: {=OFFSET(INDIRECT("Sheet"&F$2&"!f1"),F15-1,)} -> 0.0066611217 | P15: {=OFFSET(INDIRECT("Sheet"&G$2&"!f1"),G15-1,)} -> 0.013476771 | Q15: {=OFFSET(INDIRECT("Sheet"&H$2&"!f1"),H15-1,)} -> 0.10254574 | R15: =OFFSET(magma!$F$1,I15-1,)*1 -> 0.053350833 | T15: =Sheet1!B43 -> 13 | U15: =IF(AND(K15>0,K15<28800),K15,NA()) -> 0.053781667 | V15: =IF(AND(L15>0,L15<28800),L15,NA()) -> 0.075968705 | W15: =IF(AND(M15>0,M15<28800),M15,NA()) -> 0.0057930769 | X15: =IF(AND(N15>0,N15<28800),N15,NA()) -> 0.0055834502 | Y15: =IF(AND(O15>0,O15<28800),O15,NA()) -> 0.0066611217 | Z15: =IF(AND(P15>0,P15<28800),P15,NA()) -> 0.013476771 | AA15: =IF(AND(Q15>0,Q15<28800),Q15,NA()) -> 0.10254574 | AB15: =IF(AND(R15>0,R15<28800),R15,NA()) -> 0.053350833
A16: =Sheet1!A44 -> [[14,2,5]] | B16: =MATCH($A16,INDIRECT("Sheet"&B$2&"!A:A"),) -> 44 | C16: =MATCH($A16,INDIRECT("Sheet"&C$2&"!A:A"),) -> 44 | D16: =MATCH($A16,INDIRECT("Sheet"&D$2&"!A:A"),) -> 44 | E16: =MATCH($A16,INDIRECT("Sheet"&E$2&"!A:A"),) -> 44 | F16: =MATCH($A16,INDIRECT("Sheet"&F$2&"!A:A"),) -> 44 | G16: =MATCH($A16,INDIRECT("Sheet"&G$2&"!A:A"),) -> 44 | H16: =MATCH($A16,INDIRECT("Sheet"&H$2&"!A:A"),) -> 44 | I16: =MATCH($A16,magma!A:A,) -> 39 | K16: {=OFFSET(INDIRECT("Sheet"&B$2&"!f1"),B16-1,)} -> 0.11395475 | L16: {=OFFSET(INDIRECT("Sheet"&C$2&"!f1"),C16-1,)} -> 0.18532494 | M16: {=OFFSET(INDIRECT("Sheet"&D$2&"!f1"),D16-1,)} -> 0.0049773864 | N16: {=OFFSET(INDIRECT("Sheet"&E$2&"!f1"),E16-1,)} -> 0.007937409 | O16: {=OFFSET(INDIRECT("Sheet"&F$2&"!f1"),F16-1,)} -> 0.0085715689 | P16: {=OFFSET(INDIRECT("Sheet"&G$2&"!f1"),G16-1,)} -> 0.020579899 | Q16: {=OFFSET(INDIRECT("Sheet"&H$2&"!f1"),H16-1,)} -> 1785.6139 | R16: =OFFSET(magma!$F$1,I16-1,)*1 -> 0.053272625 | T16: =Sheet1!B44 -> 14 | U16: =IF(AND(K16>0,K16<28800),K16,NA()) -> 0.11395475 | V16: =IF(AND(L16>0,L16<28800),L16,NA()) -> 0.18532494 | W16: =IF(AND(M16>0,M16<28800),M16,NA()) -> 0.0049773864 | X16: =IF(AND(N16>0,N16<28800),N16,NA()) -> 0.007937409 | Y16: =IF(AND(O16>0,O16<28800),O16,NA()) -> 0.0085715689 | Z16: =IF(AND(P16>0,P16<28800),P16,NA()) -> 0.020579899 | AA16: =IF(AND(Q16>0,Q16<28800),Q16,NA()) -> 1785.6139 | AB16: =IF(AND(R16>0,R16<28800),R16,NA()) -> 0.053272625
... A23: =Sheet1!A51 -> [[21,3,6]] | B23: =MATCH($A23,INDIRECT("Sheet"&B$2&"!A:A"),) -> 51 | C23: =MATCH($A23,INDIRECT("Sheet"&C$2&"!A:A"),) -> 51 | D23: =MATCH($A23,INDIRECT("Sheet"&D$2&"!A:A"),) -> 51 | E23: =MATCH($A23,INDIRECT("Sheet"&E$2&"!A:A"),) -> 51 | F23: =MATCH($A23,INDIRECT("Sheet"&F$2&"!A:A"),) -> 51 | G23: =MATCH($A23,INDIRECT("Sheet"&G$2&"!A:A"),) -> 51 | H23: =MATCH($A23,INDIRECT("Sheet"&H$2&"!A:A"),) -> 51 | I23: =MATCH($A23,magma!A:A,) -> 46 | K23: {=OFFSET(INDIRECT("Sheet"&B$2&"!f1"),B23-1,)} -> 1.7838281 | L23: {=OFFSET(INDIRECT("Sheet"&C$2&"!f1"),C23-1,)} -> 1.1712529 | M23: {=OFFSET(INDIRECT("Sheet"&D$2&"!f1"),D23-1,)} -> 0.5710855 | N23: {=OFFSET(INDIRECT("Sheet"&E$2&"!f1"),E23-1,)} -> 0.06370308 | O23: {=OFFSET(INDIRECT("Sheet"&F$2&"!f1"),F23-1,)} -> 0.069716023 | P23: {=OFFSET(INDIRECT("Sheet"&G$2&"!f1"),G23-1,)} -> 0.44258954 | Q23: {=OFFSET(INDIRECT("Sheet"&H$2&"!f1"),H23-1,)} -> 28800.162 | R23: =OFFSET(magma!$F$1,I23-1,)*1 -> 0.083966417 | T23: =Sheet1!B51 -> 21 | U23: =IF(AND(K23>0,K23<28800),K23,NA()) -> 1.7838281 | V23: =IF(AND(L23>0,L23<28800),L23,NA()) -> 1.1712529 | W23: =IF(AND(M23>0,M23<28800),M23,NA()) -> 0.5710855 | X23: =IF(AND(N23>0,N23<28800),N23,NA()) -> 0.06370308 | Y23: =IF(AND(O23>0,O23<28800),O23,NA()) -> 0.069716023 | Z23: =IF(AND(P23>0,P23<28800),P23,NA()) -> 0.44258954 | AA23: =IF(AND(Q23>0,Q23<28800),Q23,NA()) -> #N/A | AB23: =IF(AND(R23>0,R23<28800),R23,NA()) -> 0.083966417
A24: =Sheet1!A52 -> [[22,7,5]] | B24: =MATCH($A24,INDIRECT("Sheet"&B$2&"!A:A"),) -> 52 | C24: =MATCH($A24,INDIRECT("Sheet"&C$2&"!A:A"),) -> 52 | D24: =MATCH($A24,INDIRECT("Sheet"&D$2&"!A:A"),) -> 52 | E24: =MATCH($A24,INDIRECT("Sheet"&E$2&"!A:A"),) -> 52 | F24: =MATCH($A24,INDIRECT("Sheet"&F$2&"!A:A"),) -> 52 | G24: =MATCH($A24,INDIRECT("Sheet"&G$2&"!A:A"),) -> 52 | H24: =MATCH($A24,INDIRECT("Sheet"&H$2&"!A:A"),) -> 52 | I24: =MATCH($A24,magma!A:A,) -> 47 | K24: {=OFFSET(INDIRECT("Sheet"&B$2&"!f1"),B24-1,)} -> 1.1300711 | L24: {=OFFSET(INDIRECT("Sheet"&C$2&"!f1"),C24-1,)} -> 0.57773448 | M24: {=OFFSET(INDIRECT("Sheet"&D$2&"!f1"),D24-1,)} -> 0.32848217 | N24: {=OFFSET(INDIRECT("Sheet"&E$2&"!f1"),E24-1,)} -> 0.050369615 | O24: {=OFFSET(INDIRECT("Sheet"&F$2&"!f1"),F24-1,)} -> 0.058332029 | P24: {=OFFSET(INDIRECT("Sheet"&G$2&"!f1"),G24-1,)} -> 0.053945272 | Q24: {=OFFSET(INDIRECT("Sheet"&H$2&"!f1"),H24-1,)} -> 28803.429 | R24: =OFFSET(magma!$F$1,I24-1,)*1 -> 0.058356875 | T24: =Sheet1!B52 -> 22 | U24: =IF(AND(K24>0,K24<28800),K24,NA()) -> 1.1300711 | V24: =IF(AND(L24>0,L24<28800),L24,NA()) -> 0.57773448 | W24: =IF(AND(M24>0,M24<28800),M24,NA()) -> 0.32848217 | X24: =IF(AND(N24>0,N24<28800),N24,NA()) -> 0.050369615 | Y24: =IF(AND(O24>0,O24<28800),O24,NA()) -> 0.058332029 | Z24: =IF(AND(P24>0,P24<28800),P24,NA()) -> 0.053945272 | AA24: =IF(AND(Q24>0,Q24<28800),Q24,NA()) -> #N/A | AB24: =IF(AND(R24>0,R24<28800),R24,NA()) -> 0.058356875 | AD24: BZDist
A25: =Sheet1!A53 -> [[23,2,7]] | B25: =MATCH($A25,INDIRECT("Sheet"&B$2&"!A:A"),) -> 53 | C25: =MATCH($A25,INDIRECT("Sheet"&C$2&"!A:A"),) -> 53 | D25: =MATCH($A25,INDIRECT("Sheet"&D$2&"!A:A"),) -> 53 | E25: =MATCH($A25,INDIRECT("Sheet"&E$2&"!A:A"),) -> 53 | F25: =MATCH($A25,INDIRECT("Sheet"&F$2&"!A:A"),) -> 53 | G25: =MATCH($A25,INDIRECT("Sheet"&G$2&"!A:A"),) -> 53 | H25: =MATCH($A25,INDIRECT("Sheet"&H$2&"!A:A"),) -> 53 | I25: =MATCH($A25,magma!A:A,) -> 48 | K25: {=OFFSET(INDIRECT("Sheet"&B$2&"!f1"),B25-1,)} -> 4.318391 | L25: {=OFFSET(INDIRECT("Sheet"&C$2&"!f1"),C25-1,)} -> 8.7959128 | M25: {=OFFSET(INDIRECT("Sheet"&D$2&"!f1"),D25-1,)} -> 0.16740688 | N25: {=OFFSET(INDIRECT("Sheet"&E$2&"!f1"),E25-1,)} -> 0.22472984 | O25: {=OFFSET(INDIRECT("Sheet"&F$2&"!f1"),F25-1,)} -> 0.037588599 | P25: {=OFFSET(INDIRECT("Sheet"&G$2&"!f1"),G25-1,)} -> 25.449987 | Q25: {=OFFSET(INDIRECT("Sheet"&H$2&"!f1"),H25-1,)} -> 28800.111 | R25: =OFFSET(magma!$F$1,I25-1,)*1 -> 0.055515542 | T25: =Sheet1!B53 -> 23 | U25: =IF(AND(K25>0,K25<28800),K25,NA()) -> 4.318391 | V25: =IF(AND(L25>0,L25<28800),L25,NA()) -> 8.7959128 | W25: =IF(AND(M25>0,M25<28800),M25,NA()) -> 0.16740688 | X25: =IF(AND(N25>0,N25<28800),N25,NA()) -> 0.22472984 | Y25: =IF(AND(O25>0,O25<28800),O25,NA()) -> 0.037588599 | Z25: =IF(AND(P25>0,P25<28800),P25,NA()) -> 25.449987 | AA25: =IF(AND(Q25>0,Q25<28800),Q25,NA()) -> #N/A | AB25: =IF(AND(R25>0,R25<28800),R25,NA()) -> 0.055515542
A26: =Sheet1!A54 -> [[24,8,5]] | B26: =MATCH($A26,INDIRECT("Sheet"&B$2&"!A:A"),) -> 54 | C26: =MATCH($A26,INDIRECT("Sheet"&C$2&"!A:A"),) -> 54 | D26: =MATCH($A26,INDIRECT("Sheet"&D$2&"!A:A"),) -> 54 | E26: =MATCH($A26,INDIRECT("Sheet"&E$2&"!A:A"),) -> 54 | F26: =MATCH($A26,INDIRECT("Sheet"&F$2&"!A:A"),) -> 54 | G26: =MATCH($A26,INDIRECT("Sheet"&G$2&"!A:A"),) -> 54 | H26: =MATCH($A26,INDIRECT("Sheet"&H$2&"!A:A"),) -> 54 | I26: =MATCH($A26,magma!A:A,) -> 49 | K26: {=OFFSET(INDIRECT("Sheet"&B$2&"!f1"),B26-1,)} -> 1.6631247 | L26: {=OFFSET(INDIRECT("Sheet"&C$2&"!f1"),C26-1,)} -> 0.92048697 | M26: {=OFFSET(INDIRECT("Sheet"&D$2&"!f1"),D26-1,)} -> 0.56945125 | N26: {=OFFSET(INDIRECT("Sheet"&E$2&"!f1"),E26-1,)} -> 0.08409851 | O26: {=OFFSET(INDIRECT("Sheet"&F$2&"!f1"),F26-1,)} -> 0.089682543 | P26: {=OFFSET(INDIRECT("Sheet"&G$2&"!f1"),G26-1,)} -> 0.065455301 | Q26: {=OFFSET(INDIRECT("Sheet"&H$2&"!f1"),H26-1,)} -> 28800.112 | R26: =OFFSET(magma!$F$1,I26-1,)*1 -> 0.055191625 | T26: =Sheet1!B54 -> 24 | U26: =IF(AND(K26>0,K26<28800),K26,NA()) -> 1.6631247 | V26: =IF(AND(L26>0,L26<28800),L26,NA()) -> 0.92048697 | W26: =IF(AND(M26>0,M26<28800),M26,NA()) -> 0.56945125 | X26: =IF(AND(N26>0,N26<28800),N26,NA()) -> 0.08409851 | Y26: =IF(AND(O26>0,O26<28800),O26,NA()) -> 0.089682543 | Z26: =IF(AND(P26>0,P26<28800),P26,NA()) -> 0.065455301 | AA26: =IF(AND(Q26>0,Q26<28800),Q26,NA()) -> #N/A | AB26: =IF(AND(R26>0,R26<28800),R26,NA()) -> 0.055191625
A27: =Sheet1!A55 -> [[25,8,5]] | B27: =MATCH($A27,INDIRECT("Sheet"&B$2&"!A:A"),) -> 55 | C27: =MATCH($A27,INDIRECT("Sheet"&C$2&"!A:A"),) -> 55 | D27: =MATCH($A27,INDIRECT("Sheet"&D$2&"!A:A"),) -> 55 | E27: =MATCH($A27,INDIRECT("Sheet"&E$2&"!A:A"),) -> 55 | F27: =MATCH($A27,INDIRECT("Sheet"&F$2&"!A:A"),) -> 55 | G27: =MATCH($A27,INDIRECT("Sheet"&G$2&"!A:A"),) -> 55 | H27: =MATCH($A27,INDIRECT("Sheet"&H$2&"!A:A"),) -> 55 | I27: =MATCH($A27,magma!A:A,) -> 50 | K27: {=OFFSET(INDIRECT("Sheet"&B$2&"!f1"),B27-1,)} -> 1.9549418 | L27: {=OFFSET(INDIRECT("Sheet"&C$2&"!f1"),C27-1,)} -> 0.85945142 | M27: {=OFFSET(INDIRECT("Sheet"&D$2&"!f1"),D27-1,)} -> 0.64561058 | N27: {=OFFSET(INDIRECT("Sheet"&E$2&"!f1"),E27-1,)} -> 0.10301293 | O27: {=OFFSET(INDIRECT("Sheet"&F$2&"!f1"),F27-1,)} -> 0.10717582 | P27: {=OFFSET(INDIRECT("Sheet"&G$2&"!f1"),G27-1,)} -> 0.064647969 | Q27: {=OFFSET(INDIRECT("Sheet"&H$2&"!f1"),H27-1,)} -> 28800.114 | R27: =OFFSET(magma!$F$1,I27-1,)*1 -> 0.055713708 | T27: =Sheet1!B55 -> 25 | U27: =IF(AND(K27>0,K27<28800),K27,NA()) -> 1.9549418 | V27: =IF(AND(L27>0,L27<28800),L27,NA()) -> 0.85945142 | W27: =IF(AND(M27>0,M27<28800),M27,NA()) -> 0.64561058 | X27: =IF(AND(N27>0,N27<28800),N27,NA()) -> 0.10301293 | Y27: =IF(AND(O27>0,O27<28800),O27,NA()) -> 0.10717582 | Z27: =IF(AND(P27>0,P27<28800),P27,NA()) -> 0.064647969 | AA27: =IF(AND(Q27>0,Q27<28800),Q27,NA()) -> #N/A | AB27: =IF(AND(R27>0,R27<28800),R27,NA()) -> 0.055713708
A28: =Sheet1!A56 -> [[26,6,6]] | B28: =MATCH($A28,INDIRECT("Sheet"&B$2&"!A:A"),) -> 56 | C28: =MATCH($A28,INDIRECT("Sheet"&C$2&"!A:A"),) -> 56 | D28: =MATCH($A28,INDIRECT("Sheet"&D$2&"!A:A"),) -> 56 | E28: =MATCH($A28,INDIRECT("Sheet"&E$2&"!A:A"),) -> 56 | F28: =MATCH($A28,INDIRECT("Sheet"&F$2&"!A:A"),) -> 56 | G28: =MATCH($A28,INDIRECT("Sheet"&G$2&"!A:A"),) -> 56 | H28: =MATCH($A28,INDIRECT("Sheet"&H$2&"!A:A"),) -> 56 | I28: =MATCH($A28,magma!A:A,) -> 51 | K28: {=OFFSET(INDIRECT("Sheet"&B$2&"!f1"),B28-1,)} -> 4.8920487 | L28: {=OFFSET(INDIRECT("Sheet"&C$2&"!f1"),C28-1,)} -> 3.4845666 | M28: {=OFFSET(INDIRECT("Sheet"&D$2&"!f1"),D28-1,)} -> 3.6392468 | N28: {=OFFSET(INDIRECT("Sheet"&E$2&"!f1"),E28-1,)} -> 0.36420888 | O28: {=OFFSET(INDIRECT("Sheet"&F$2&"!f1"),F28-1,)} -> 0.40039759 | P28: {=OFFSET(INDIRECT("Sheet"&G$2&"!f1"),G28-1,)} -> 2.2800811 | Q28: {=OFFSET(INDIRECT("Sheet"&H$2&"!f1"),H28-1,)} -> 28802.74 | R28: =OFFSET(magma!$F$1,I28-1,)*1 -> 0.06090825 | T28: =Sheet1!B56 -> 26 | U28: =IF(AND(K28>0,K28<28800),K28,NA()) -> 4.8920487 | V28: =IF(AND(L28>0,L28<28800),L28,NA()) -> 3.4845666 | W28: =IF(AND(M28>0,M28<28800),M28,NA()) -> 3.6392468 | X28: =IF(AND(N28>0,N28<28800),N28,NA()) -> 0.36420888 | Y28: =IF(AND(O28>0,O28<28800),O28,NA()) -> 0.40039759 | Z28: =IF(AND(P28>0,P28<28800),P28,NA()) -> 2.2800811 | AA28: =IF(AND(Q28>0,Q28<28800),Q28,NA()) -> #N/A | AB28: =IF(AND(R28>0,R28<28800),R28,NA()) -> 0.06090825
A29: =Sheet1!A57 -> [[27,6,6]] | B29: =MATCH($A29,INDIRECT("Sheet"&B$2&"!A:A"),) -> 57 | C29: =MATCH($A29,INDIRECT("Sheet"&C$2&"!A:A"),) -> 57 | D29: =MATCH($A29,INDIRECT("Sheet"&D$2&"!A:A"),) -> 57 | E29: =MATCH($A29,INDIRECT("Sheet"&E$2&"!A:A"),) -> 57 | F29: =MATCH($A29,INDIRECT("Sheet"&F$2&"!A:A"),) -> 57 | G29: =MATCH($A29,INDIRECT("Sheet"&G$2&"!A:A"),) -> 57 | H29: =MATCH($A29,INDIRECT("Sheet"&H$2&"!A:A"),) -> 57 | I29: =MATCH($A29,magma!A:A,) -> 52 | K29: {=OFFSET(INDIRECT("Sheet"&B$2&"!f1"),B29-1,)} -> 4.7106815 | L29: {=OFFSET(INDIRECT("Sheet"&C$2&"!f1"),C29-1,)} -> 3.4948352 | M29: {=OFFSET(INDIRECT("Sheet"&D$2&"!f1"),D29-1,)} -> 4.2119374 | N29: {=OFFSET(INDIRECT("Sheet"&E$2&"!f1"),E29-1,)} -> 0.43110879 | O29: {=OFFSET(INDIRECT("Sheet"&F$2&"!f1"),F29-1,)} -> 0.48181313 | P29: {=OFFSET(INDIRECT("Sheet"&G$2&"!f1"),G29-1,)} -> 2.2713823 | Q29: {=OFFSET(INDIRECT("Sheet"&H$2&"!f1"),H29-1,)} -> 28800.109 | R29: =OFFSET(magma!$F$1,I29-1,)*1 -> 0.063612167 | T29: =Sheet1!B57 -> 27 | U29: =IF(AND(K29>0,K29<28800),K29,NA()) -> 4.7106815 | V29: =IF(AND(L29>0,L29<28800),L29,NA()) -> 3.4948352 | W29: =IF(AND(M29>0,M29<28800),M29,NA()) -> 4.2119374 | X29: =IF(AND(N29>0,N29<28800),N29,NA()) -> 0.43110879 | Y29: =IF(AND(O29>0,O29<28800),O29,NA()) -> 0.48181313 | Z29: =IF(AND(P29>0,P29<28800),P29,NA()) -> 2.2713823 | AA29: =IF(AND(Q29>0,Q29<28800),Q29,NA()) -> #N/A | AB29: =IF(AND(R29>0,R29<28800),R29,NA()) -> 0.063612167
A30: =Sheet1!A58 -> [[28,6,6]] | B30: =MATCH($A30,INDIRECT("Sheet"&B$2&"!A:A"),) -> 58 | C30: =MATCH($A30,INDIRECT("Sheet"&C$2&"!A:A"),) -> 58 | D30: =MATCH($A30,INDIRECT("Sheet"&D$2&"!A:A"),) -> 58 | E30: =MATCH($A30,INDIRECT("Sheet"&E$2&"!A:A"),) -> 58 | F30: =MATCH($A30,INDIRECT("Sheet"&F$2&"!A:A"),) -> 58 | G30: =MATCH($A30,INDIRECT("Sheet"&G$2&"!A:A"),) -> 58 | H30: =MATCH($A30,INDIRECT("Sheet"&H$2&"!A:A"),) -> 58 | I30: =MATCH($A30,magma!A:A,) -> 53 | K30: {=OFFSET(INDIRECT("Sheet"&B$2&"!f1"),B30-1,)} -> 4.7309761 | L30: {=OFFSET(INDIRECT("Sheet"&C$2&"!f1"),C30-1,)} -> 3.6065824 | M30: {=OFFSET(INDIRECT("Sheet"&D$2&"!f1"),D30-1,)} -> 4.754103 | N30: {=OFFSET(INDIRECT("Sheet"&E$2&"!f1"),E30-1,)} -> 0.52300243 | O30: {=OFFSET(INDIRECT("Sheet"&F$2&"!f1"),F30-1,)} -> 0.57625727 | P30: {=OFFSET(INDIRECT("Sheet"&G$2&"!f1"),G30-1,)} -> 2.2809716 | Q30: {=OFFSET(INDIRECT("Sheet"&H$2&"!f1"),H30-1,)} -> 28800.11 | R30: =OFFSET(magma!$F$1,I30-1,)*1 -> 0.06321925 | T30: =Sheet1!B58 -> 28 | U30: =IF(AND(K30>0,K30<28800),K30,NA()) -> 4.7309761 | V30: =IF(AND(L30>0,L30<28800),L30,NA()) -> 3.6065824 | W30: =IF(AND(M30>0,M30<28800),M30,NA()) -> 4.754103 | X30: =IF(AND(N30>0,N30<28800),N30,NA()) -> 0.52300243 | Y30: =IF(AND(O30>0,O30<28800),O30,NA()) -> 0.57625727 | Z30: =IF(AND(P30>0,P30<28800),P30,NA()) -> 2.2809716 | AA30: =IF(AND(Q30>0,Q30<28800),Q30,NA()) -> #N/A | AB30: =IF(AND(R30>0,R30<28800),R30,NA()) -> 0.06321925
A31: =Sheet1!A59 -> [[29,6,7]] | B31: =MATCH($A31,INDIRECT("Sheet"&B$2&"!A:A"),) -> 59 | C31: =MATCH($A31,INDIRECT("Sheet"&C$2&"!A:A"),) -> 59 | D31: =MATCH($A31,INDIRECT("Sheet"&D$2&"!A:A"),) -> 59 | E31: =MATCH($A31,INDIRECT("Sheet"&E$2&"!A:A"),) -> 59 | F31: =MATCH($A31,INDIRECT("Sheet"&F$2&"!A:A"),) -> 59 | G31: =MATCH($A31,INDIRECT("Sheet"&G$2&"!A:A"),) -> 59 | H31: =MATCH($A31,INDIRECT("Sheet"&H$2&"!A:A"),) -> 59 | I31: =MATCH($A31,magma!A:A,) -> 54 | K31: {=OFFSET(INDIRECT("Sheet"&B$2&"!f1"),B31-1,)} -> 20.896152 | L31: {=OFFSET(INDIRECT("Sheet"&C$2&"!f1"),C31-1,)} -> 34.325612 | M31: {=OFFSET(INDIRECT("Sheet"&D$2&"!f1"),D31-1,)} -> 47.241989 | N31: {=OFFSET(INDIRECT("Sheet"&E$2&"!f1"),E31-1,)} -> 2.7633516 | O31: {=OFFSET(INDIRECT("Sheet"&F$2&"!f1"),F31-1,)} -> 3.0220317 | P31: {=OFFSET(INDIRECT("Sheet"&G$2&"!f1"),G31-1,)} -> 162.45235 | Q31: {=OFFSET(INDIRECT("Sheet"&H$2&"!f1"),H31-1,)} -> 28800.112 | R31: =OFFSET(magma!$F$1,I31-1,)*1 -> 0.12554296 | T31: =Sheet1!B59 -> 29 | U31: =IF(AND(K31>0,K31<28800),K31,NA()) -> 20.896152 | V31: =IF(AND(L31>0,L31<28800),L31,NA()) -> 34.325612 | W31: =IF(AND(M31>0,M31<28800),M31,NA()) -> 47.241989 | X31: =IF(AND(N31>0,N31<28800),N31,NA()) -> 2.7633516 | Y31: =IF(AND(O31>0,O31<28800),O31,NA()) -> 3.0220317 | Z31: =IF(AND(P31>0,P31<28800),P31,NA()) -> 162.45235 | AA31: =IF(AND(Q31>0,Q31<28800),Q31,NA()) -> #N/A | AB31: =IF(AND(R31>0,R31<28800),R31,NA()) -> 0.12554296
A32: =Sheet1!A60 -> [[30,9,6]] | B32: =MATCH($A32,INDIRECT("Sheet"&B$2&"!A:A"),) -> 60 | C32: =MATCH($A32,INDIRECT("Sheet"&C$2&"!A:A"),) -> 60 | D32: =MATCH($A32,INDIRECT("Sheet"&D$2&"!A:A"),) -> 60 | E32: =MATCH($A32,INDIRECT("Sheet"&E$2&"!A:A"),) -> 60 | F32: =MATCH($A32,INDIRECT("Sheet"&F$2&"!A:A"),) -> 60 | G32: =MATCH($A32,INDIRECT("Sheet"&G$2&"!A:A"),) -> 60 | H32: =MATCH($A32,INDIRECT("Sheet"&H$2&"!A:A"),) -> 60 | I32: =MATCH($A32,magma!A:A,) -> 55 | K32: {=OFFSET(INDIRECT("Sheet"&B$2&"!f1"),B32-1,)} -> 6.4265371 | L32: {=OFFSET(INDIRECT("Sheet"&C$2&"!f1"),C32-1,)} -> 6.0708239 | M32: {=OFFSET(INDIRECT("Sheet"&D$2&"!f1"),D32-1,)} -> 14.11278 | N32: {=OFFSET(INDIRECT("Sheet"&E$2&"!f1"),E32-1,)} -> 1.2614959 | O32: {=OFFSET(INDIRECT("Sheet"&F$2&"!f1"),F32-1,)} -> 1.3967292 | P32: {=OFFSET(INDIRECT("Sheet"&G$2&"!f1"),G32-1,)} -> 8.1521185 | Q32: {=OFFSET(INDIRECT("Sheet"&H$2&"!f1"),H32-1,)} -> 28800.111 | R32: =OFFSET(magma!$F$1,I32-1,)*1 -> 0.075886292 | T32: =Sheet1!B60 -> 30 | U32: =IF(AND(K32>0,K32<28800),K32,NA()) -> 6.4265371 | V32: =IF(AND(L32>0,L32<28800),L32,NA()) -> 6.0708239 | W32: =IF(AND(M32>0,M32<28800),M32,NA()) -> 14.11278 | X32: =IF(AND(N32>0,N32<28800),N32,NA()) -> 1.2614959 | Y32: =IF(AND(O32>0,O32<28800),O32,NA()) -> 1.3967292 | Z32: =IF(AND(P32>0,P32<28800),P32,NA()) -> 8.1521185 | AA32: =IF(AND(Q32>0,Q32<28800),Q32,NA()) -> #N/A | AB32: =IF(AND(R32>0,R32<28800),R32,NA()) -> 0.075886292
A33: =Sheet1!A61 -> [[31,9,6]] | B33: =MATCH($A33,INDIRECT("Sheet"&B$2&"!A:A"),) -> 61 | C33: =MATCH($A33,INDIRECT("Sheet"&C$2&"!A:A"),) -> 61 | D33: =MATCH($A33,INDIRECT("Sheet"&D$2&"!A:A"),) -> 61 | E33: =MATCH($A33,INDIRECT("Sheet"&E$2&"!A:A"),) -> 61 | F33: =MATCH($A33,INDIRECT("Sheet"&F$2&"!A:A"),) -> 61 | G33: =MATCH($A33,INDIRECT("Sheet"&G$2&"!A:A"),) -> 61 | H33: =MATCH($A33,INDIRECT("Sheet"&H$2&"!A:A"),) -> 61 | I33: =MATCH($A33,magma!A:A,) -> 56 | K33: {=OFFSET(INDIRECT("Sheet"&B$2&"!f1"),B33-1,)} -> 6.0603804 | L33: {=OFFSET(INDIRECT("Sheet"&C$2&"!f1"),C33-1,)} -> 7.1865105 | M33: {=OFFSET(INDIRECT("Sheet"&D$2&"!f1"),D33-1,)} -> 15.571771 | N33: {=OFFSET(INDIRECT("Sheet"&E$2&"!f1"),E33-1,)} -> 1.5111682 | O33: {=OFFSET(INDIRECT("Sheet"&F$2&"!f1"),F33-1,)} -> 1.6629113 | P33: {=OFFSET(INDIRECT("Sheet"&G$2&"!f1"),G33-1,)} -> 8.1546516 | Q33: {=OFFSET(INDIRECT("Sheet"&H$2&"!f1"),H33-1,)} -> 28801.866 | R33: =OFFSET(magma!$F$1,I33-1,)*1 -> 0.079208583 | T33: =Sheet1!B61 -> 31 | U33: =IF(AND(K33>0,K33<28800),K33,NA()) -> 6.0603804 | V33: =IF(AND(L33>0,L33<28800),L33,NA()) -> 7.1865105 | W33: =IF(AND(M33>0,M33<28800),M33,NA()) -> 15.571771 | X33: =IF(AND(N33>0,N33<28800),N33,NA()) -> 1.5111682 | Y33: =IF(AND(O33>0,O33<28800),O33,NA()) -> 1.6629113 | Z33: =IF(AND(P33>0,P33<28800),P33,NA()) -> 8.1546516 | AA33: =IF(AND(Q33>0,Q33<28800),Q33,NA()) -> #N/A | AB33: =IF(AND(R33>0,R33<28800),R33,NA()) -> 0.079208583
A34: =Sheet1!A62 -> [[32,5,8]] | B34: =MATCH($A34,INDIRECT("Sheet"&B$2&"!A:A"),) -> 62 | C34: =MATCH($A34,INDIRECT("Sheet"&C$2&"!A:A"),) -> 62 | D34: =MATCH($A34,INDIRECT("Sheet"&D$2&"!A:A"),) -> 62 | E34: =MATCH($A34,INDIRECT("Sheet"&E$2&"!A:A"),) -> 62 | F34: =MATCH($A34,INDIRECT("Sheet"&F$2&"!A:A"),) -> 62 | G34: =MATCH($A34,INDIRECT("Sheet"&G$2&"!A:A"),) -> 62 | H34: =MATCH($A34,INDIRECT("Sheet"&H$2&"!A:A"),) -> 62 | I34: =MATCH($A34,magma!A:A,) -> 57 | K34: {=OFFSET(INDIRECT("Sheet"&B$2&"!f1"),B34-1,)} -> 104.08217 | L34: {=OFFSET(INDIRECT("Sheet"&C$2&"!f1"),C34-1,)} -> 341.52507 | M34: {=OFFSET(INDIRECT("Sheet"&D$2&"!f1"),D34-1,)} -> 76.661032 | N34: {=OFFSET(INDIRECT("Sheet"&E$2&"!f1"),E34-1,)} -> 16.616575 | O34: {=OFFSET(INDIRECT("Sheet"&F$2&"!f1"),F34-1,)} -> 5.6824114 | P34: {=OFFSET(INDIRECT("Sheet"&G$2&"!f1"),G34-1,)} -> 7169.633 | Q34: {=OFFSET(INDIRECT("Sheet"&H$2&"!f1"),H34-1,)} -> 28800.11 | R34: =OFFSET(magma!$F$1,I34-1,)*1 -> 0.26050383 | T34: =Sheet1!B62 -> 32 | U34: =IF(AND(K34>0,K34<28800),K34,NA()) -> 104.08217 | V34: =IF(AND(L34>0,L34<28800),L34,NA()) -> 341.52507 | W34: =IF(AND(M34>0,M34<28800),M34,NA()) -> 76.661032 | X34: =IF(AND(N34>0,N34<28800),N34,NA()) -> 16.616575 | Y34: =IF(AND(O34>0,O34<28800),O34,NA()) -> 5.6824114 | Z34: =IF(AND(P34>0,P34<28800),P34,NA()) -> 7169.633 | AA34: =IF(AND(Q34>0,Q34<28800),Q34,NA()) -> #N/A | AB34: =IF(AND(R34>0,R34<28800),R34,NA()) -> 0.26050383
A35: =Sheet1!A63 -> [[33,7,8]] | B35: =MATCH($A35,INDIRECT("Sheet"&B$2&"!A:A"),) -> 63 | C35: =MATCH($A35,INDIRECT("Sheet"&C$2&"!A:A"),) -> 63 | D35: =MATCH($A35,INDIRECT("Sheet"&D$2&"!A:A"),) -> 63 | E35: =MATCH($A35,INDIRECT("Sheet"&E$2&"!A:A"),) -> 63 | F35: =MATCH($A35,INDIRECT("Sheet"&F$2&"!A:A"),) -> 63 | G35: =MATCH($A35,INDIRECT("Sheet"&G$2&"!A:A"),) -> 63 | H35: =MATCH($A35,INDIRECT("Sheet"&H$2&"!A:A"),) -> 63 | I35: =MATCH($A35,magma!A:A,) -> 58 | K35: {=OFFSET(INDIRECT("Sheet"&B$2&"!f1"),B35-1,)} -> 194.23774 | L35: {=OFFSET(INDIRECT("Sheet"&C$2&"!f1"),C35-1,)} -> 333.80225 | M35: {=OFFSET(INDIRECT("Sheet"&D$2&"!f1"),D35-1,)} -> 957.59383 | N35: {=OFFSET(INDIRECT("Sheet"&E$2&"!f1"),E35-1,)} -> 32.554674 | O35: {=OFFSET(INDIRECT("Sheet"&F$2&"!f1"),F35-1,)} -> 36.928359 | P35: {=OFFSET(INDIRECT("Sheet"&G$2&"!f1"),G35-1,)} -> 13337.342 | Q35: {=OFFSET(INDIRECT("Sheet"&H$2&"!f1"),H35-1,)} -> 28800.11 | R35: =OFFSET(magma!$F$1,I35-1,)*1 -> 1.1908723 | T35: =Sheet1!B63 -> 33 | U35: =IF(AND(K35>0,K35<28800),K35,NA()) -> 194.23774 | V35: =IF(AND(L35>0,L35<28800),L35,NA()) -> 333.80225 | W35: =IF(AND(M35>0,M35<28800),M35,NA()) -> 957.59383 | X35: =IF(AND(N35>0,N35<28800),N35,NA()) -> 32.554674 | Y35: =IF(AND(O35>0,O35<28800),O35,NA()) -> 36.928359 | Z35: =IF(AND(P35>0,P35<28800),P35,NA()) -> 13337.342 | AA35: =IF(AND(Q35>0,Q35<28800),Q35,NA()) -> #N/A | AB35: =IF(AND(R35>0,R35<28800),R35,NA()) -> 1.1908723
A36: =Sheet1!A64 -> [[34,17,5]] | B36: =MATCH($A36,INDIRECT("Sheet"&B$2&"!A:A"),) -> 64 | C36: =MATCH($A36,INDIRECT("Sheet"&C$2&"!A:A"),) -> 64 | D36: =MATCH($A36,INDIRECT("Sheet"&D$2&"!A:A"),) -> 64 | E36: =MATCH($A36,INDIRECT("Sheet"&E$2&"!A:A"),) -> 64 | F36: =MATCH($A36,INDIRECT("Sheet"&F$2&"!A:A"),) -> 64 | G36: =MATCH($A36,INDIRECT("Sheet"&G$2&"!A:A"),) -> 64 | H36: =MATCH($A36,INDIRECT("Sheet"&H$2&"!A:A"),) -> 64 | I36: =MATCH($A36,magma!A:A,) -> 59 | K36: {=OFFSET(INDIRECT("Sheet"&B$2&"!f1"),B36-1,)} -> 3.2938967 | L36: {=OFFSET(INDIRECT("Sheet"&C$2&"!f1"),C36-1,)} -> 3.0147598 | M36: {=OFFSET(INDIRECT("Sheet"&D$2&"!f1"),D36-1,)} -> 6.8014243 | N36: {=OFFSET(INDIRECT("Sheet"&E$2&"!f1"),E36-1,)} -> 53.149804 | O36: {=OFFSET(INDIRECT("Sheet"&F$2&"!f1"),F36-1,)} -> 1.0409764 | P36: {=OFFSET(INDIRECT("Sheet"&G$2&"!f1"),G36-1,)} -> 0.34773479 | Q36: {=OFFSET(INDIRECT("Sheet"&H$2&"!f1"),H36-1,)} -> 28800.112 | R36: =OFFSET(magma!$F$1,I36-1,)*1 -> 0.067020417 | T36: =Sheet1!B64 -> 34 | U36: =IF(AND(K36>0,K36<28800),K36,NA()) -> 3.2938967 | V36: =IF(AND(L36>0,L36<28800),L36,NA()) -> 3.0147598 | W36: =IF(AND(M36>0,M36<28800),M36,NA()) -> 6.8014243 | X36: =IF(AND(N36>0,N36<28800),N36,NA()) -> 53.149804 | Y36: =IF(AND(O36>0,O36<28800),O36,NA()) -> 1.0409764 | Z36: =IF(AND(P36>0,P36<28800),P36,NA()) -> 0.34773479 | AA36: =IF(AND(Q36>0,Q36<28800),Q36,NA()) -> #N/A | AB36: =IF(AND(R36>0,R36<28800),R36,NA()) -> 0.067020417
... A44: =Sheet1!A72 -> [[42,5,9]] | B44: =MATCH($A44,INDIRECT("Sheet"&B$2&"!A:A"),) -> 72 | C44: =MATCH($A44,INDIRECT("Sheet"&C$2&"!A:A"),) -> 72 | D44: =MATCH($A44,INDIRECT("Sheet"&D$2&"!A:A"),) -> 72 | E44: =MATCH($A44,INDIRECT("Sheet"&E$2&"!A:A"),) -> 72 | F44: =MATCH($A44,INDIRECT("Sheet"&F$2&"!A:A"),) -> 72 | G44: =MATCH($A44,INDIRECT("Sheet"&G$2&"!A:A"),) -> 72 | H44: =MATCH($A44,INDIRECT("Sheet"&H$2&"!A:A"),) -> 72 | I44: =MATCH($A44,magma!A:A,) -> 67 | K44: {=OFFSET(INDIRECT("Sheet"&B$2&"!f1"),B44-1,)} -> 7933.891 | L44: {=OFFSET(INDIRECT("Sheet"&C$2&"!f1"),C44-1,)} -> 5764.3249 | M44: {=OFFSET(INDIRECT("Sheet"&D$2&"!f1"),D44-1,)} -> 429.20032 | N44: {=OFFSET(INDIRECT("Sheet"&E$2&"!f1"),E44-1,)} -> 615.20297 | O44: {=OFFSET(INDIRECT("Sheet"&F$2&"!f1"),F44-1,)} -> 714.61376 | P44: {=OFFSET(INDIRECT("Sheet"&G$2&"!f1"),G44-1,)} -> 28800.112 | Q44: {=OFFSET(INDIRECT("Sheet"&H$2&"!f1"),H44-1,)} -> 28800.133 | R44: =OFFSET(magma!$F$1,I44-1,)*1 -> 4.4930965 | T44: =Sheet1!B72 -> 42 | U44: =IF(AND(K44>0,K44<28800),K44,NA()) -> 7933.891 | V44: =IF(AND(L44>0,L44<28800),L44,NA()) -> 5764.3249 | W44: =IF(AND(M44>0,M44<28800),M44,NA()) -> 429.20032 | X44: =IF(AND(N44>0,N44<28800),N44,NA()) -> 615.20297 | Y44: =IF(AND(O44>0,O44<28800),O44,NA()) -> 714.61376 | Z44: =IF(AND(P44>0,P44<28800),P44,NA()) -> #N/A | AA44: =IF(AND(Q44>0,Q44<28800),Q44,NA()) -> #N/A | AB44: =IF(AND(R44>0,R44<28800),R44,NA()) -> 4.4930965
A45: =Sheet1!A73 -> [[43,6,9]] | B45: =MATCH($A45,INDIRECT("Sheet"&B$2&"!A:A"),) -> 73 | C45: =MATCH($A45,INDIRECT("Sheet"&C$2&"!A:A"),) -> 73 | D45: =MATCH($A45,INDIRECT("Sheet"&D$2&"!A:A"),) -> 73 | E45: =MATCH($A45,INDIRECT("Sheet"&E$2&"!A:A"),) -> 73 | F45: =MATCH($A45,INDIRECT("Sheet"&F$2&"!A:A"),) -> 73 | G45: =MATCH($A45,INDIRECT("Sheet"&G$2&"!A:A"),) -> 73 | H45: =MATCH($A45,INDIRECT("Sheet"&H$2&"!A:A"),) -> 73 | I45: =MATCH($A45,magma!A:A,) -> 68 | K45: {=OFFSET(INDIRECT("Sheet"&B$2&"!f1"),B45-1,)} -> 2317.393 | L45: {=OFFSET(INDIRECT("Sheet"&C$2&"!f1"),C45-1,)} -> 14690.882 | M45: {=OFFSET(INDIRECT("Sheet"&D$2&"!f1"),D45-1,)} -> 4901.5741 | N45: {=OFFSET(INDIRECT("Sheet"&E$2&"!f1"),E45-1,)} -> 930.91817 | O45: {=OFFSET(INDIRECT("Sheet"&F$2&"!f1"),F45-1,)} -> 1112.9615 | P45: {=OFFSET(INDIRECT("Sheet"&G$2&"!f1"),G45-1,)} -> 28800.227 | Q45: {=OFFSET(INDIRECT("Sheet"&H$2&"!f1"),H45-1,)} -> 28800.111 | R45: =OFFSET(magma!$F$1,I45-1,)*1 -> 11.075542 | T45: =Sheet1!B73 -> 43 | U45: =IF(AND(K45>0,K45<28800),K45,NA()) -> 2317.393 | V45: =IF(AND(L45>0,L45<28800),L45,NA()) -> 14690.882 | W45: =IF(AND(M45>0,M45<28800),M45,NA()) -> 4901.5741 | X45: =IF(AND(N45>0,N45<28800),N45,NA()) -> 930.91817 | Y45: =IF(AND(O45>0,O45<28800),O45,NA()) -> 1112.9615 | Z45: =IF(AND(P45>0,P45<28800),P45,NA()) -> #N/A | AA45: =IF(AND(Q45>0,Q45<28800),Q45,NA()) -> #N/A | AB45: =IF(AND(R45>0,R45<28800),R45,NA()) -> 11.075542 | AD45: m4riCC
A46: =Sheet1!A74 -> [[44,6,9]] | B46: =MATCH($A46,INDIRECT("Sheet"&B$2&"!A:A"),) -> 74 | C46: =MATCH($A46,INDIRECT("Sheet"&C$2&"!A:A"),) -> 74 | D46: =MATCH($A46,INDIRECT("Sheet"&D$2&"!A:A"),) -> 74 | E46: =MATCH($A46,INDIRECT("Sheet"&E$2&"!A:A"),) -> 74 | F46: =MATCH($A46,INDIRECT("Sheet"&F$2&"!A:A"),) -> 74 | G46: =MATCH($A46,INDIRECT("Sheet"&G$2&"!A:A"),) -> 74 | H46: =MATCH($A46,INDIRECT("Sheet"&H$2&"!A:A"),) -> 74 | I46: =MATCH($A46,magma!A:A,) -> 69 | K46: {=OFFSET(INDIRECT("Sheet"&B$2&"!f1"),B46-1,)} -> 2629.168 | L46: {=OFFSET(INDIRECT("Sheet"&C$2&"!f1"),C46-1,)} -> 9101.9995 | M46: {=OFFSET(INDIRECT("Sheet"&D$2&"!f1"),D46-1,)} -> 696.78773 | N46: {=OFFSET(INDIRECT("Sheet"&E$2&"!f1"),E46-1,)} -> 1142.7423 | O46: {=OFFSET(INDIRECT("Sheet"&F$2&"!f1"),F46-1,)} -> 1328.0673 | P46: {=OFFSET(INDIRECT("Sheet"&G$2&"!f1"),G46-1,)} -> 28800.119 | Q46: {=OFFSET(INDIRECT("Sheet"&H$2&"!f1"),H46-1,)} -> 28800.114 | R46: =OFFSET(magma!$F$1,I46-1,)*1 -> 7.5369882 | T46: =Sheet1!B74 -> 44 | U46: =IF(AND(K46>0,K46<28800),K46,NA()) -> 2629.168 | V46: =IF(AND(L46>0,L46<28800),L46,NA()) -> 9101.9995 | W46: =IF(AND(M46>0,M46<28800),M46,NA()) -> 696.78773 | X46: =IF(AND(N46>0,N46<28800),N46,NA()) -> 1142.7423 | Y46: =IF(AND(O46>0,O46<28800),O46,NA()) -> 1328.0673 | Z46: =IF(AND(P46>0,P46<28800),P46,NA()) -> #N/A | AA46: =IF(AND(Q46>0,Q46<28800),Q46,NA()) -> #N/A | AB46: =IF(AND(R46>0,R46<28800),R46,NA()) -> 7.5369882
A47: =Sheet1!A75 -> [[45,6,9]] | B47: =MATCH($A47,INDIRECT("Sheet"&B$2&"!A:A"),) -> 75 | C47: =MATCH($A47,INDIRECT("Sheet"&C$2&"!A:A"),) -> 75 | D47: =MATCH($A47,INDIRECT("Sheet"&D$2&"!A:A"),) -> 75 | E47: =MATCH($A47,INDIRECT("Sheet"&E$2&"!A:A"),) -> 75 | F47: =MATCH($A47,INDIRECT("Sheet"&F$2&"!A:A"),) -> 75 | G47: =MATCH($A47,INDIRECT("Sheet"&G$2&"!A:A"),) -> 75 | H47: =MATCH($A47,INDIRECT("Sheet"&H$2&"!A:A"),) -> 75 | I47: =MATCH($A47,magma!A:A,) -> 70 | K47: {=OFFSET(INDIRECT("Sheet"&B$2&"!f1"),B47-1,)} -> 3039.4317 | L47: {=OFFSET(INDIRECT("Sheet"&C$2&"!f1"),C47-1,)} -> 13266.9 | M47: {=OFFSET(INDIRECT("Sheet"&D$2&"!f1"),D47-1,)} -> 6890.7503 | N47: {=OFFSET(INDIRECT("Sheet"&E$2&"!f1"),E47-1,)} -> 1405.6681 | O47: {=OFFSET(INDIRECT("Sheet"&F$2&"!f1"),F47-1,)} -> 1638.3674 | P47: {=OFFSET(INDIRECT("Sheet"&G$2&"!f1"),G47-1,)} -> 28800.138 | Q47: {=OFFSET(INDIRECT("Sheet"&H$2&"!f1"),H47-1,)} -> 28800.112 | R47: =OFFSET(magma!$F$1,I47-1,)*1 -> 15.035403 | T47: =Sheet1!B75 -> 45 | U47: =IF(AND(K47>0,K47<28800),K47,NA()) -> 3039.4317 | V47: =IF(AND(L47>0,L47<28800),L47,NA()) -> 13266.9 | W47: =IF(AND(M47>0,M47<28800),M47,NA()) -> 6890.7503 | X47: =IF(AND(N47>0,N47<28800),N47,NA()) -> 1405.6681 | Y47: =IF(AND(O47>0,O47<28800),O47,NA()) -> 1638.3674 | Z47: =IF(AND(P47>0,P47<28800),P47,NA()) -> #N/A | AA47: =IF(AND(Q47>0,Q47<28800),Q47,NA()) -> #N/A | AB47: =IF(AND(R47>0,R47<28800),R47,NA()) -> 15.035403
A48: =Sheet1!A76 -> [[46,7,9]] | B48: =MATCH($A48,INDIRECT("Sheet"&B$2&"!A:A"),) -> 76 | C48: =MATCH($A48,INDIRECT("Sheet"&C$2&"!A:A"),) -> #N/A | D48: =MATCH($A48,INDIRECT("Sheet"&D$2&"!A:A"),) -> 76 | E48: =MATCH($A48,INDIRECT("Sheet"&E$2&"!A:A"),) -> 76 | F48: =MATCH($A48,INDIRECT("Sheet"&F$2&"!A:A"),) -> 76 | G48: =MATCH($A48,INDIRECT("Sheet"&G$2&"!A:A"),) -> 76 | H48: =MATCH($A48,INDIRECT("Sheet"&H$2&"!A:A"),) -> 76 | I48: =MATCH($A48,magma!A:A,) -> 71 | K48: {=OFFSET(INDIRECT("Sheet"&B$2&"!f1"),B48-1,)} -> 8477.3824 | L48: {=OFFSET(INDIRECT("Sheet"&C$2&"!f1"),C48-1,)} -> #N/A | M48: {=OFFSET(INDIRECT("Sheet"&D$2&"!f1"),D48-1,)} -> 72620.546 | N48: {=OFFSET(INDIRECT("Sheet"&E$2&"!f1"),E48-1,)} -> 2015.0021 | O48: {=OFFSET(INDIRECT("Sheet"&F$2&"!f1"),F48-1,)} -> 2428.3175 | P48: {=OFFSET(INDIRECT("Sheet"&G$2&"!f1"),G48-1,)} -> 28800.114 | Q48: {=OFFSET(INDIRECT("Sheet"&H$2&"!f1"),H48-1,)} -> 28802.63 | R48: =OFFSET(magma!$F$1,I48-1,)*1 -> 75.22695 | T48: =Sheet1!B76 -> 46 | U48: =IF(AND(K48>0,K48<28800),K48,NA()) -> 8477.3824 | V48: =IF(AND(L48>0,L48<28800),L48,NA()) -> #N/A | W48: =IF(AND(M48>0,M48<28800),M48,NA()) -> #N/A | X48: =IF(AND(N48>0,N48<28800),N48,NA()) -> 2015.0021 | Y48: =IF(AND(O48>0,O48<28800),O48,NA()) -> 2428.3175 | Z48: =IF(AND(P48>0,P48<28800),P48,NA()) -> #N/A | AA48: =IF(AND(Q48>0,Q48<28800),Q48,NA()) -> #N/A | AB48: =IF(AND(R48>0,R48<28800),R48,NA()) -> 75.22695
A49: =Sheet1!A77 -> [[47,8,9]] | B49: =MATCH($A49,INDIRECT("Sheet"&B$2&"!A:A"),) -> 77 | C49: =MATCH($A49,INDIRECT("Sheet"&C$2&"!A:A"),) -> #N/A | D49: =MATCH($A49,INDIRECT("Sheet"&D$2&"!A:A"),) -> #N/A | E49: =MATCH($A49,INDIRECT("Sheet"&E$2&"!A:A"),) -> 77 | F49: =MATCH($A49,INDIRECT("Sheet"&F$2&"!A:A"),) -> 77 | G49: =MATCH($A49,INDIRECT("Sheet"&G$2&"!A:A"),) -> 77 | H49: =MATCH($A49,INDIRECT("Sheet"&H$2&"!A:A"),) -> 77 | I49: =MATCH($A49,magma!A:A,) -> 72 | K49: {=OFFSET(INDIRECT("Sheet"&B$2&"!f1"),B49-1,)} -> 8473.8554 | L49: {=OFFSET(INDIRECT("Sheet"&C$2&"!f1"),C49-1,)} -> #N/A | M49: {=OFFSET(INDIRECT("Sheet"&D$2&"!f1"),D49-1,)} -> #N/A | N49: {=OFFSET(INDIRECT("Sheet"&E$2&"!f1"),E49-1,)} -> 3026.6437 | O49: {=OFFSET(INDIRECT("Sheet"&F$2&"!f1"),F49-1,)} -> 3529.1309 | P49: {=OFFSET(INDIRECT("Sheet"&G$2&"!f1"),G49-1,)} -> 28800.114 | Q49: {=OFFSET(INDIRECT("Sheet"&H$2&"!f1"),H49-1,)} -> 28800.111 | R49: =OFFSET(magma!$F$1,I49-1,)*1 -> 104.37418 | T49: =Sheet1!B77 -> 47 | U49: =IF(AND(K49>0,K49<28800),K49,NA()) -> 8473.8554 | V49: =IF(AND(L49>0,L49<28800),L49,NA()) -> #N/A | W49: =IF(AND(M49>0,M49<28800),M49,NA()) -> #N/A | X49: =IF(AND(N49>0,N49<28800),N49,NA()) -> 3026.6437 | Y49: =IF(AND(O49>0,O49<28800),O49,NA()) -> 3529.1309 | Z49: =IF(AND(P49>0,P49<28800),P49,NA()) -> #N/A | AA49: =IF(AND(Q49>0,Q49<28800),Q49,NA()) -> #N/A | AB49: =IF(AND(R49>0,R49<28800),R49,NA()) -> 104.37418
A50: =Sheet1!A78 -> [[48,5,10]] | B50: =MATCH($A50,INDIRECT("Sheet"&B$2&"!A:A"),) -> 78 | C50: =MATCH($A50,INDIRECT("Sheet"&C$2&"!A:A"),) -> #N/A | D50: =MATCH($A50,INDIRECT("Sheet"&D$2&"!A:A"),) -> #N/A | E50: =MATCH($A50,INDIRECT("Sheet"&E$2&"!A:A"),) -> 78 | F50: =MATCH($A50,INDIRECT("Sheet"&F$2&"!A:A"),) -> 78 | G50: =MATCH($A50,INDIRECT("Sheet"&G$2&"!A:A"),) -> 78 | H50: =MATCH($A50,INDIRECT("Sheet"&H$2&"!A:A"),) -> 78 | I50: =MATCH($A50,magma!A:A,) -> 73 | K50: {=OFFSET(INDIRECT("Sheet"&B$2&"!f1"),B50-1,)} -> 28814.408 | L50: {=OFFSET(INDIRECT("Sheet"&C$2&"!f1"),C50-1,)} -> #N/A | M50: {=OFFSET(INDIRECT("Sheet"&D$2&"!f1"),D50-1,)} -> #N/A | N50: {=OFFSET(INDIRECT("Sheet"&E$2&"!f1"),E50-1,)} -> 9653.4172 | O50: {=OFFSET(INDIRECT("Sheet"&F$2&"!f1"),F50-1,)} -> 10942.61 | P50: {=OFFSET(INDIRECT("Sheet"&G$2&"!f1"),G50-1,)} -> 28800.23 | Q50: {=OFFSET(INDIRECT("Sheet"&H$2&"!f1"),H50-1,)} -> 28800.111 | R50: =OFFSET(magma!$F$1,I50-1,)*1 -> 19.976326 | T50: =Sheet1!B78 -> 48 | U50: =IF(AND(K50>0,K50<28800),K50,NA()) -> #N/A | V50: =IF(AND(L50>0,L50<28800),L50,NA()) -> #N/A | W50: =IF(AND(M50>0,M50<28800),M50,NA()) -> #N/A | X50: =IF(AND(N50>0,N50<28800),N50,NA()) -> 9653.4172 | Y50: =IF(AND(O50>0,O50<28800),O50,NA()) -> 10942.61 | Z50: =IF(AND(P50>0,P50<28800),P50,NA()) -> #N/A | AA50: =IF(AND(Q50>0,Q50<28800),Q50,NA()) -> #N/A | AB50: =IF(AND(R50>0,R50<28800),R50,NA()) -> 19.976326
A51: =Sheet1!A79 -> [[49,17,7]] | B51: =MATCH($A51,INDIRECT("Sheet"&B$2&"!A:A"),) -> 79 | C51: =MATCH($A51,INDIRECT("Sheet"&C$2&"!A:A"),) -> #N/A | D51: =MATCH($A51,INDIRECT("Sheet"&D$2&"!A:A"),) -> #N/A | E51: =MATCH($A51,INDIRECT("Sheet"&E$2&"!A:A"),) -> 79 | F51: =MATCH($A51,INDIRECT("Sheet"&F$2&"!A:A"),) -> 79 | G51: =MATCH($A51,INDIRECT("Sheet"&G$2&"!A:A"),) -> 79 | H51: =MATCH($A51,INDIRECT("Sheet"&H$2&"!A:A"),) -> 79 | I51: =MATCH($A51,magma!A:A,) -> 74 | K51: {=OFFSET(INDIRECT("Sheet"&B$2&"!f1"),B51-1,)} -> 511.41342 | L51: {=OFFSET(INDIRECT("Sheet"&C$2&"!f1"),C51-1,)} -> #N/A | M51: {=OFFSET(INDIRECT("Sheet"&D$2&"!f1"),D51-1,)} -> #N/A | N51: {=OFFSET(INDIRECT("Sheet"&E$2&"!f1"),E51-1,)} -> 316.37668 | O51: {=OFFSET(INDIRECT("Sheet"&F$2&"!f1"),F51-1,)} -> 381.64202 | P51: {=OFFSET(INDIRECT("Sheet"&G$2&"!f1"),G51-1,)} -> 8295.5894 | Q51: {=OFFSET(INDIRECT("Sheet"&H$2&"!f1"),H51-1,)} -> 28800.113 | R51: =OFFSET(magma!$F$1,I51-1,)*1 -> 4.7231277 | T51: =Sheet1!B79 -> 49 | U51: =IF(AND(K51>0,K51<28800),K51,NA()) -> 511.41342 | V51: =IF(AND(L51>0,L51<28800),L51,NA()) -> #N/A | W51: =IF(AND(M51>0,M51<28800),M51,NA()) -> #N/A | X51: =IF(AND(N51>0,N51<28800),N51,NA()) -> 316.37668 | Y51: =IF(AND(O51>0,O51<28800),O51,NA()) -> 381.64202 | Z51: =IF(AND(P51>0,P51<28800),P51,NA()) -> 8295.5894 | AA51: =IF(AND(Q51>0,Q51<28800),Q51,NA()) -> #N/A | AB51: =IF(AND(R51>0,R51<28800),R51,NA()) -> 4.7231277
A52: =Sheet1!A80 -> [[50,13,8]] | B52: =MATCH($A52,INDIRECT("Sheet"&B$2&"!A:A"),) -> 80 | C52: =MATCH($A52,INDIRECT("Sheet"&C$2&"!A:A"),) -> #N/A | D52: =MATCH($A52,INDIRECT("Sheet"&D$2&"!A:A"),) -> #N/A | E52: =MATCH($A52,INDIRECT("Sheet"&E$2&"!A:A"),) -> 80 | F52: =MATCH($A52,INDIRECT("Sheet"&F$2&"!A:A"),) -> 80 | G52: =MATCH($A52,INDIRECT("Sheet"&G$2&"!A:A"),) -> 80 | H52: =MATCH($A52,INDIRECT("Sheet"&H$2&"!A:A"),) -> 80 | I52: =MATCH($A52,magma!A:A,) -> 75 | K52: {=OFFSET(INDIRECT("Sheet"&B$2&"!f1"),B52-1,)} -> 1912.8248 | L52: {=OFFSET(INDIRECT("Sheet"&C$2&"!f1"),C52-1,)} -> #N/A | M52: {=OFFSET(INDIRECT("Sheet"&D$2&"!f1"),D52-1,)} -> #N/A | N52: {=OFFSET(INDIRECT("Sheet"&E$2&"!f1"),E52-1,)} -> 1602.1818 | O52: {=OFFSET(INDIRECT("Sheet"&F$2&"!f1"),F52-1,)} -> 12156.469 | P52: {=OFFSET(INDIRECT("Sheet"&G$2&"!f1"),G52-1,)} -> 28800.207 | Q52: {=OFFSET(INDIRECT("Sheet"&H$2&"!f1"),H52-1,)} -> 28800.153 | R52: =OFFSET(magma!$F$1,I52-1,)*1 -> 38.28068 | T52: =Sheet1!B80 -> 50 | U52: =IF(AND(K52>0,K52<28800),K52,NA()) -> 1912.8248 | V52: =IF(AND(L52>0,L52<28800),L52,NA()) -> #N/A | W52: =IF(AND(M52>0,M52<28800),M52,NA()) -> #N/A | X52: =IF(AND(N52>0,N52<28800),N52,NA()) -> 1602.1818 | Y52: =IF(AND(O52>0,O52<28800),O52,NA()) -> 12156.469 | Z52: =IF(AND(P52>0,P52<28800),P52,NA()) -> #N/A | AA52: =IF(AND(Q52>0,Q52<28800),Q52,NA()) -> #N/A | AB52: =IF(AND(R52>0,R52<28800),R52,NA()) -> 38.28068
A53: =Sheet1!A81 -> [[51,12,9]] | B53: =MATCH($A53,INDIRECT("Sheet"&B$2&"!A:A"),) -> 81 | C53: =MATCH($A53,INDIRECT("Sheet"&C$2&"!A:A"),) -> #N/A | D53: =MATCH($A53,INDIRECT("Sheet"&D$2&"!A:A"),) -> #N/A | E53: =MATCH($A53,INDIRECT("Sheet"&E$2&"!A:A"),) -> 81 | F53: =MATCH($A53,INDIRECT("Sheet"&F$2&"!A:A"),) -> 81 | G53: =MATCH($A53,INDIRECT("Sheet"&G$2&"!A:A"),) -> 81 | H53: =MATCH($A53,INDIRECT("Sheet"&H$2&"!A:A"),) -> 81 | I53: =MATCH($A53,magma!A:A,) -> 76 | K53: {=OFFSET(INDIRECT("Sheet"&B$2&"!f1"),B53-1,)} -> 7432.111 | L53: {=OFFSET(INDIRECT("Sheet"&C$2&"!f1"),C53-1,)} -> #N/A | M53: {=OFFSET(INDIRECT("Sheet"&D$2&"!f1"),D53-1,)} -> #N/A | N53: {=OFFSET(INDIRECT("Sheet"&E$2&"!f1"),E53-1,)} -> 10171.856 | O53: {=OFFSET(INDIRECT("Sheet"&F$2&"!f1"),F53-1,)} -> 12050.269 | P53: {=OFFSET(INDIRECT("Sheet"&G$2&"!f1"),G53-1,)} -> 28800.142 | Q53: {=OFFSET(INDIRECT("Sheet"&H$2&"!f1"),H53-1,)} -> 28803.299 | R53: =OFFSET(magma!$F$1,I53-1,)*1 -> 356.73267 | T53: =Sheet1!B81 -> 51 | U53: =IF(AND(K53>0,K53<28800),K53,NA()) -> 7432.111 | V53: =IF(AND(L53>0,L53<28800),L53,NA()) -> #N/A | W53: =IF(AND(M53>0,M53<28800),M53,NA()) -> #N/A | X53: =IF(AND(N53>0,N53<28800),N53,NA()) -> 10171.856 | Y53: =IF(AND(O53>0,O53<28800),O53,NA()) -> 12050.269 | Z53: =IF(AND(P53>0,P53<28800),P53,NA()) -> #N/A | AA53: =IF(AND(Q53>0,Q53<28800),Q53,NA()) -> #N/A | AB53: =IF(AND(R53>0,R53<28800),R53,NA()) -> 356.73267
A54: =Sheet1!A82 -> [[52,10,10]] | B54: =MATCH($A54,INDIRECT("Sheet"&B$2&"!A:A"),) -> 82 | C54: =MATCH($A54,INDIRECT("Sheet"&C$2&"!A:A"),) -> #N/A | D54: =MATCH($A54,INDIRECT("Sheet"&D$2&"!A:A"),) -> #N/A | E54: =MATCH($A54,INDIRECT("Sheet"&E$2&"!A:A"),) -> #N/A | F54: =MATCH($A54,INDIRECT("Sheet"&F$2&"!A:A"),) -> #N/A | G54: =MATCH($A54,INDIRECT("Sheet"&G$2&"!A:A"),) -> 82 | H54: =MATCH($A54,INDIRECT("Sheet"&H$2&"!A:A"),) -> 82 | I54: =MATCH($A54,magma!A:A,) -> 77 | K54: {=OFFSET(INDIRECT("Sheet"&B$2&"!f1"),B54-1,)} -> 28822.678 | L54: {=OFFSET(INDIRECT("Sheet"&C$2&"!f1"),C54-1,)} -> #N/A | M54: {=OFFSET(INDIRECT("Sheet"&D$2&"!f1"),D54-1,)} -> #N/A | N54: {=OFFSET(INDIRECT("Sheet"&E$2&"!f1"),E54-1,)} -> #N/A | O54: {=OFFSET(INDIRECT("Sheet"&F$2&"!f1"),F54-1,)} -> #N/A | P54: {=OFFSET(INDIRECT("Sheet"&G$2&"!f1"),G54-1,)} -> 28800.154 | Q54: {=OFFSET(INDIRECT("Sheet"&H$2&"!f1"),H54-1,)} -> 28800.112 | R54: =OFFSET(magma!$F$1,I54-1,)*1 -> 28800.033 | T54: =Sheet1!B82 -> 52 | U54: =IF(AND(K54>0,K54<28800),K54,NA()) -> #N/A | V54: =IF(AND(L54>0,L54<28800),L54,NA()) -> #N/A | W54: =IF(AND(M54>0,M54<28800),M54,NA()) -> #N/A | X54: =IF(AND(N54>0,N54<28800),N54,NA()) -> #N/A | Y54: =IF(AND(O54>0,O54<28800),O54,NA()) -> #N/A | Z54: =IF(AND(P54>0,P54<28800),P54,NA()) -> #N/A | AA54: =IF(AND(Q54>0,Q54<28800),Q54,NA()) -> #N/A | AB54: =IF(AND(R54>0,R54<28800),R54,NA()) -> #N/A
A55: =Sheet1!A83 -> [[53,6,11]] | B55: =MATCH($A55,INDIRECT("Sheet"&B$2&"!A:A"),) -> 83 | C55: =MATCH($A55,INDIRECT("Sheet"&C$2&"!A:A"),) -> #N/A | D55: =MATCH($A55,INDIRECT("Sheet"&D$2&"!A:A"),) -> #N/A | E55: =MATCH($A55,INDIRECT("Sheet"&E$2&"!A:A"),) -> #N/A | F55: =MATCH($A55,INDIRECT("Sheet"&F$2&"!A:A"),) -> #N/A | G55: =MATCH($A55,INDIRECT("Sheet"&G$2&"!A:A"),) -> 83 | H55: =MATCH($A55,INDIRECT("Sheet"&H$2&"!A:A"),) -> 83 | I55: =MATCH($A55,magma!A:A,) -> 78 | K55: {=OFFSET(INDIRECT("Sheet"&B$2&"!f1"),B55-1,)} -> 28839.105 | L55: {=OFFSET(INDIRECT("Sheet"&C$2&"!f1"),C55-1,)} -> #N/A | M55: {=OFFSET(INDIRECT("Sheet"&D$2&"!f1"),D55-1,)} -> #N/A | N55: {=OFFSET(INDIRECT("Sheet"&E$2&"!f1"),E55-1,)} -> #N/A | O55: {=OFFSET(INDIRECT("Sheet"&F$2&"!f1"),F55-1,)} -> #N/A | P55: {=OFFSET(INDIRECT("Sheet"&G$2&"!f1"),G55-1,)} -> 28800.142 | Q55: {=OFFSET(INDIRECT("Sheet"&H$2&"!f1"),H55-1,)} -> 28800.128 | R55: =OFFSET(magma!$F$1,I55-1,)*1 -> 846.85662 | T55: =Sheet1!B83 -> 53 | U55: =IF(AND(K55>0,K55<28800),K55,NA()) -> #N/A | V55: =IF(AND(L55>0,L55<28800),L55,NA()) -> #N/A | W55: =IF(AND(M55>0,M55<28800),M55,NA()) -> #N/A | X55: =IF(AND(N55>0,N55<28800),N55,NA()) -> #N/A | Y55: =IF(AND(O55>0,O55<28800),O55,NA()) -> #N/A | Z55: =IF(AND(P55>0,P55<28800),P55,NA()) -> #N/A | AA55: =IF(AND(Q55>0,Q55<28800),Q55,NA()) -> #N/A | AB55: =IF(AND(R55>0,R55<28800),R55,NA()) -> 846.85662

Sheet magma
A1: runMode: serial
A2: maxCount: 10000
A3: repeat: 1
A4: dataset: codeTables
A5: datafile: QECC_sample.txt
A6: method: magmaMinWeight
A7: ignoreTrivialCodes: 1
A8: resume: 0
A9: iterCount: 10000
A10: maxTime: 28800
A11: nThreads: 1
A12: verbose: False
... A26: #########################################
A27: name | B27: n | C27: k | D27: d | E27: delta d | F27: Time | G27: R | H27: T | I27: Progress
A28: [[3,1,1]] | B28: 3 | C28: 1 | D28: 1 | E28: 0 | F28: 0.8679157500009751 | G28: 1 | H28: 1 | I28: Magma V2.28-26 Tue Dec 30 2025 12:10:36 on Marks-MacBook-Air-2 [Seed = \n672301251]\nType ? for help. Type <Ctrl>-D to quit.\n[0 1 0 0 0 0]\n[0 0 1 0 0 0]\n[[3, 1]] quantum code over GF(2^2), stabilised by:\n[ 0 1 0]\n[ 0 0 1]\nCalculating the Weight Distribution for [3, 4] linear code, #R = 4\nNumber of threads: 1\nCalculating the Weight Distribution for [3, 2] linear code, #R = 4\nNumber of threads: 1\nDoing quick check for code being known to be MDS:\nCode is not known to be MDS\nCalculating the Weight Distribution for [3, 4] linear code, #R = 4\nNumber of threads: 1\nDoing quick check for code being known to be MDS:\nCode is not known to be MDS\nUsing the Dual\n1\n\nTotal time: 0.010 seconds, Total memory usage: 32.09MB\n
A29: [[4,1,2]] | B29: 4 | C29: 1 | D29: 2 | E29: 0 | F29: 0.057046084009925835 | G29: 1 | H29: 1 | I29: Magma V2.28-26 Tue Dec 30 2025 12:10:36 on Marks-MacBook-Air-2 [Seed = \n3555294009]\nType ? for help. Type <Ctrl>-D to quit.\n[1 0 1 0 0 0 0 0]\n[0 1 0 1 0 0 0 0]\n[0 0 0 0 1 1 1 1]\n[[4, 1]] quantum code over GF(2^2), stabilised by:\n[ 1 0 1 0]\n[ $.1 $.1 $.1 $.1]\n[ 0 1 0 1]\nCalculating the Weight Distribution for [4, 5] linear code, #R = 4\nNumber of threads: 1\nCalculating the Weight Distribution for [4, 3] linear code, #R = 4\nNumber of threads: 1\nDoing quick check for code being known to be MDS:\nCode is not known to be MDS\nCalculating the Weight Distribution for [4, 5] linear code, #R = 4\nNumber of threads: 1\nDoing quick check for code being known to be MDS:\nCode is not known to be MDS\nUsing the Dual\n2\n\nTotal time: 0.019 seconds, Total memory usage: 32.09MB\n
A30: [[5,1,3]] | B30: 5 | C30: 1 | D30: 3 | E30: 0 | F30: 0.057239332993049175 | G30: 1 | H30: 1 | I30: Magma V2.28-26 Tue Dec 30 2025 12:10:36 on Marks-MacBook-Air-2 [Seed = \n3722933559]\nType ? for help. Type <Ctrl>-D to quit.\n[1 0 0 1 1 1 0 1 0 1]\n[0 1 0 0 1 1 0 0 1 1]\n[0 0 1 1 0 1 0 0 1 1]\n[0 0 0 0 0 0 1 1 1 1]\n[[5, 1]] quantum code over GF(2^2), stabilised by:\n[ 1 0 $.1^2 $.1 1]\n[ $.1 0 1 $.1^2 $.1]\n[ 0 1 1 1 1]\n[ 0 $.1 $.1 $.1 $.1]\nCalculating the Weight Distribution for [5, 6] linear code, #R = 4\nNumber of threads: 1\nCalculating the Weight Distribution for [5, 4] linear code, #R = 4\nNumber of threads: 1\nDoing quick check for code being known to be MDS:\nCode is not known to be MDS\nCalculating the Weight Distribution for [5, 2] linear code, #R = 4\nNumber of threads: 1\nDoing quick check for code being known to be MDS:\nCode is not known to be MDS\nCalculating the Weight Distribution for [5, 6] linear code, #R = 4\nNumber of threads: 1\nDoing quick check for code being known to be MDS:\nCode is not known to be MDS\nUsing the Dual\n3\n\nTotal time: 0.019 seconds, Total memory usage: 32.09MB\n
A31: [[6,1,3]] | B31: 6 | C31: 1 | D31: 3 | E31: 0 | F31: 0.057163917 | G31: 1 | H31: 1 | I31: Magma V2.28-26 Tue Dec 30 2025 12:10:36 on Marks-MacBook-Air-2 [Seed = \n3355275053]\nType ? for help. Type <Ctrl>-D to quit.\n[1 0 0 1 1 0 1 0 1 0 1 0]\n[0 1 0 0 1 0 1 0 0 1 1 0]\n[0 0 1 1 0 0 1 0 0 1 1 0]\n[0 0 0 0 0 1 0 0 0 0 0 0]\n[0 0 0 0 0 0 0 1 1 1 1 0]\n[[6, 1]] quantum code over GF(2^2), stabilised by:\n[ 1 0 $.1^2 $.1 1 0]\n[ $.1 0 1 $.1^2 $.1 0]\n[ 0 1 1 1 1 0]\n[ 0 $.1 $.1 $.1 $.1 0]\n[ 0 0 0 0 0 1]\nQuantum GF(2)-Additive code over GF(4) of length 6 with 7 generators.\nLower Bound: 1, Upper Bound: 4\nConstructed 2 distinct generator matrices\nTotal Ranks: 4 4 \nRelative Ranks: 4 2 \n(4 4 4 2 )\n(4 4 4 2 )\nTime Taken: 0.00\nStarting search for low weight codewords... (reset timings)\nEnumerating using 1 generator at a time:\n New codeword identified of weight 3, time 0.00\n Impurity detected of weight 1, time 0.00\n Discarding non-contributing rank 2 matrix\n New Total Ranks: 4 \n New Relative Ranks: 4 \n Completed Matrix 1: lower = 2, upper = 3. Elapsed: 0.00s\nTermination predicted with 2 generators at matrix 1\nEnumerating using 2 generators at a time:\n Completed Matrix 1: lower = 3, upper = 3. Elapsed: 0.00s\nComputation complete \nFinal Results: lower = 3, upper = 3,\nTotal CPU time: 0.00, real time: 0.004\n3\n\nTotal time: 0.010 seconds, Total memory usage: 32.09MB\n
A32: [[7,1,3]] | B32: 7 | C32: 1 | D32: 3 | E32: 0 | F32: 0.055149333 | G32: 1 | H32: 1 | I32: Magma V2.28-26 Tue Dec 30 2025 12:10:36 on Marks-MacBook-Air-2 [Seed = \n3254479147]\nType ? for help. Type <Ctrl>-D to quit.\n[1 0 0 1 0 1 1 0 0 0 0 0 0 0]\n[0 1 0 1 1 1 0 0 0 0 0 0 0 0]\n[0 0 1 0 1 1 1 0 0 0 0 0 0 0]\n[0 0 0 0 0 0 0 1 0 0 1 0 1 1]\n[0 0 0 0 0 0 0 0 1 0 1 1 1 0]\n[0 0 0 0 0 0 0 0 0 1 0 1 1 1]\n[[7, 1]] quantum code over GF(2^2), stabilised by:\n[ 1 0 0 1 0 1 1]\n[ $.1 0 0 $.1 0 $.1 $.1]\n[ 0 1 0 1 1 1 0]\n[ 0 $.1 0 $.1 $.1 $.1 0]\n[ 0 0 1 0 1 1 1]\n[ 0 0 $.1 0 $.1 $.1 $.1]\nQuantum GF(2)-Additive code over GF(4) of length 7 with 8 generators.\nLower Bound: 1, Upper Bound: 4\nBCHBound gives the lower bound = 3\nConstructed 2 distinct generator matrices\nTotal Ranks: 4 4 \nRelative Ranks: 4 3 \n(4 4 4 4 )\n(4 4 4 4 )\nTime Taken: 0.00\nStarting search for low weight codewords... (reset timings)\nEnumerating using 1 generator at a time:\n New codeword identified of weight 3, time 0.00\nComputation complete \nFinal Results: lower = 3, upper = 3,\nTotal CPU time: 0.00, real time: 0.004\n3\n\nTotal time: 0.010 seconds, Total memory usage: 32.09MB\n
A33: [[8,1,3]] | B33: 8 | C33: 1 | D33: 3 | E33: 0 | F33: 0.0527205 | G33: 1 | H33: 1 | I33: Magma V2.28-26 Tue Dec 30 2025 12:10:36 on Marks-MacBook-Air-2 [Seed = \n3421594401]\nType ? for help. Type <Ctrl>-D to quit.\n[1 0 0 1 1 0 0 0 1 0 1 0 1 0 0 0]\n[0 1 0 0 1 0 0 0 1 0 0 1 1 0 0 0]\n[0 0 1 1 0 0 0 0 1 0 0 1 1 0 0 0]\n[0 0 0 0 0 1 0 0 0 0 0 0 0 0 0 0]\n[0 0 0 0 0 0 1 0 0 0 0 0 0 0 0 0]\n[0 0 0 0 0 0 0 1 0 0 0 0 0 0 0 0]\n[0 0 0 0 0 0 0 0 0 1 1 1 1 0 0 0]\n[[8, 1]] quantum code over GF(2^2), stabilised by:\n[ 1 0 $.1^2 $.1 1 0 0 0]\n[ $.1 0 1 $.1^2 $.1 0 0 0]\n[ 0 1 1 1 1 0 0 0]\n[ 0 $.1 $.1 $.1 $.1 0 0 0]\n[ 0 0 0 0 0 1 0 0]\n[ 0 0 0 0 0 0 1 0]\n[ 0 0 0 0 0 0 0 1]\nQuantum GF(2)-Additive code over GF(4) of length 8 with 9 generators.\nLower Bound: 1, Upper Bound: 5\nConstructed 2 distinct generator matrices\nTotal Ranks: 6 6 \nRelative Ranks: 6 2 \n(4 4 4 2 2 2 )\n(4 4 4 2 2 2 )\n Discarding non-contributing rank 2 matrix\n New Total Ranks: 6 \n New Relative Ranks: 6 \nTime Taken: 0.00\nStarting search for low weight codewords... (reset timings)\nEnumerating using 1 generator at a time:\n New codeword identified of weight 3, time 0.00\n Impurity detected of weight 1, time 0.00\n Completed Matrix 1: lower = 2, upper = 3. Elapsed: 0.00s\nTermination predicted with 2 generators at matrix 1\nEnumerating using 2 generators at a time:\n Completed Matrix 1: lower = 3, upper = 3. Elapsed: 0.00s\nComputation complete \nFinal Results: lower = 3, upper = 3,\nTotal CPU time: 0.00, real time: 0.001\n3\n\nTotal time: 0.010 seconds, Total memory usage: 32.09MB\n
A34: [[9,1,3]] | B34: 9 | C34: 1 | D34: 3 | E34: 0 | F34: 0.052406625 | G34: 1 | H34: 1 | I34: Magma V2.28-26 Tue Dec 30 2025 12:10:36 on Marks-MacBook-Air-2 [Seed = \n4124007711]\nType ? for help. Type <Ctrl>-D to quit.\n[1 0 0 1 1 0 0 0 0 1 0 1 0 1 0 0 0 0]\n[0 1 0 0 1 0 0 0 0 1 0 0 1 1 0 0 0 0]\n[0 0 1 1 0 0 0 0 0 1 0 0 1 1 0 0 0 0]\n[0 0 0 0 0 1 0 0 0 0 0 0 0 0 0 0 0 0]\n[0 0 0 0 0 0 1 0 0 0 0 0 0 0 0 0 0 0]\n[0 0 0 0 0 0 0 1 0 0 0 0 0 0 0 0 0 0]\n[0 0 0 0 0 0 0 0 1 0 0 0 0 0 0 0 0 0]\n[0 0 0 0 0 0 0 0 0 0 1 1 1 1 0 0 0 0]\n[[9, 1]] quantum code over GF(2^2), stabilised by:\n[ 1 0 $.1^2 $.1 1 0 0 0 0]\n[ $.1 0 1 $.1^2 $.1 0 0 0 0]\n[ 0 1 1 1 1 0 0 0 0]\n[ 0 $.1 $.1 $.1 $.1 0 0 0 0]\n[ 0 0 0 0 0 1 0 0 0]\n[ 0 0 0 0 0 0 1 0 0]\n[ 0 0 0 0 0 0 0 1 0]\n[ 0 0 0 0 0 0 0 0 1]\nQuantum GF(2)-Additive code over GF(4) of length 9 with 10 generators.\nLower Bound: 1, Upper Bound: 5\nConstructed 2 distinct generator matrices\nTotal Ranks: 7 7 \nRelative Ranks: 7 2 \n(4 4 4 2 2 2 2 )\n(4 4 4 2 2 2 2 )\n Discarding non-contributing rank 2 matrix\n New Total Ranks: 7 \n New Relative Ranks: 7 \nTime Taken: 0.00\nStarting search for low weight codewords... (reset timings)\nEnumerating using 1 generator at a time:\n New codeword identified of weight 3, time 0.00\n Impurity detected of weight 1, time 0.00\n Completed Matrix 1: lower = 2, upper = 3. Elapsed: 0.00s\nTermination predicted with 2 generators at matrix 1\nEnumerating using 2 generators at a time:\n Completed Matrix 1: lower = 3, upper = 3. Elapsed: 0.00s\nComputation complete \nFinal Results: lower = 3, upper = 3,\nTotal CPU time: 0.00, real time: 0.001\n3\n\nTotal time: 0.010 seconds, Total memory usage: 32.09MB\n
A35: [[10,1,4]] | B35: 10 | C35: 1 | D35: 4 | E35: 0 | F35: 0.052589167 | G35: 1 | H35: 1 | I35: Magma V2.28-26 Tue Dec 30 2025 12:10:36 on Marks-MacBook-Air-2 [Seed = \n4291122965]\nType ? for help. Type <Ctrl>-D to quit.\n[1 0 0 0 0 1 0 0 0 0 0 1 0 1 0 0 0 1 1 0]\n[0 1 0 0 0 1 0 0 0 0 0 1 0 1 1 1 0 0 1 1]\n[0 0 1 0 0 1 0 1 0 0 0 0 1 1 1 1 0 0 0 0]\n[0 0 0 1 0 1 0 0 0 0 0 1 1 1 0 1 1 0 0 1]\n[0 0 0 0 1 1 0 1 0 0 0 1 0 0 0 1 1 1 0 0]\n[0 0 0 0 0 0 1 1 0 0 0 1 1 0 1 1 0 0 1 1]\n[0 0 0 0 0 0 0 0 1 0 0 0 1 1 1 1 1 0 0 1]\n[0 0 0 0 0 0 0 0 0 1 0 1 1 1 1 0 0 1 1 0]\n[0 0 0 0 0 0 0 0 0 0 1 1 1 1 1 1 0 0 0 0]\n[[10, 1]] quantum code over GF(2^2), stabilised by:\n[ 1 0 0 0 0 1 $.1^2 $.1^2 1 0]\n[ $.1 0 0 0 0 $.1 0 $.1 $.1 1]\n[ 0 1 0 0 $.1 $.1^2 $.1^2 1 1 $.1]\n[ 0 $.1 0 0 0 $.1 $.1 $.1 $.1^2 $.1^2]\n[ 0 0 1 0 0 1 $.1 1 1 $.1]\n[ 0 0 $.1 0 $.1 0 $.1^2 $.1^2 1 1]\n[ 0 0 0 1 $.1 $.1^2 $.1 $.1 $.1 $.1^2]\n[ 0 0 0 $.1 0 $.1 1 $.1^2 0 $.1^2]\n[ 0 0 0 0 1 1 0 1 $.1^2 $.1^2]\nQuantum GF(2)-Additive code over GF(4) of length 10 with 11 generators.\nLower Bound: 1, Upper Bound: 6\nConstructed 2 distinct generator matrices\nTotal Ranks: 6 6 \nRelative Ranks: 6 4 \n(4 4 4 4 4 2 )\n(4 4 4 4 2 4 )\nTime Taken: 0.00\nStarting search for low weight codewords... (reset timings)\nEnumerating using 1 generator at a time:\n New codeword identified of weight 5, time 0.00\n New codeword identified of weight 4, time 0.00\n Completed Matrix 1: lower = 2, upper = 4. Elapsed: 0.00s\n Completed Matrix 2: lower = 2, upper = 4. Elapsed: 0.00s\nTermination predicted with 2 generators at matrix 2\nEnumerating using 2 generators at a time:\n Completed Matrix 1: lower = 3, upper = 4. Elapsed: 0.00s\n Completed Matrix 2: lower = 4, upper = 4. Elapsed: 0.00s\nComputation complete \nFinal Results: lower = 4, upper = 4,\nTotal CPU time: 0.00, real time: 0.001\n4\n\nTotal time: 0.010 seconds, Total memory usage: 32.09MB\n
A36: [[11,1,5]] | B36: 11 | C36: 1 | D36: 5 | E36: 0 | F36: 0.052994916 | G36: 1 | H36: 1 | I36: Magma V2.28-26 Tue Dec 30 2025 12:10:36 on Marks-MacBook-Air-2 [Seed = \n4190327058]\nType ? for help. Type <Ctrl>-D to quit.\n[1 0 0 0 0 1 0 0 0 0 0 0 1 0 1 0 0 0 1 1 0 0]\n[0 1 0 0 0 1 0 0 0 0 0 0 1 0 1 1 1 0 0 1 1 0]\n[0 0 1 0 0 1 0 0 0 0 0 0 1 0 0 1 0 0 0 0 1 1]\n[0 0 0 1 0 1 0 0 0 0 0 0 1 1 1 0 1 1 0 0 1 0]\n[0 0 0 0 1 1 0 0 0 0 0 0 0 1 1 0 0 1 1 0 1 1]\n[0 0 0 0 0 0 1 0 0 0 1 0 0 1 1 0 0 1 1 1 0 1]\n[0 0 0 0 0 0 0 1 0 0 1 0 1 0 1 1 1 1 1 0 1 1]\n[0 0 0 0 0 0 0 0 1 0 1 0 0 0 1 0 1 0 1 0 1 0]\n[0 0 0 0 0 0 0 0 0 1 1 0 1 0 1 0 0 1 0 1 0 0]\n[0 0 0 0 0 0 0 0 0 0 0 1 1 1 1 1 1 0 0 0 0 0]\n[[11, 1]] quantum code over GF(2^2), stabilised by:\n[ 1 0 0 0 0 1 $.1 $.1 0 1 1]\n[ $.1 0 0 0 0 $.1 1 $.1^2 $.1^2 0 1]\n[ 0 1 0 0 0 1 $.1 $.1^2 $.1 0 $.1^2]\n[ 0 $.1 0 0 0 $.1 $.1 $.1 $.1^2 $.1^2 0]\n[ 0 0 1 0 0 1 $.1 1 1 $.1 0]\n[ 0 0 $.1 0 0 $.1 $.1^2 0 $.1^2 $.1 $.1]\n[ 0 0 0 1 0 1 $.1^2 0 1 1 $.1^2]\n[ 0 0 0 $.1 0 $.1 0 $.1 1 $.1 1]\n[ 0 0 0 0 1 1 1 0 $.1 $.1 1]\n[ 0 0 0 0 $.1 $.1 0 $.1^2 $.1 $.1^2 $.1]\nQuantum GF(2)-Additive code over GF(4) of length 11 with 12 generators.\nLower Bound: 1, Upper Bound: 6\nConstructed 2 distinct generator matrices\nTotal Ranks: 6 6 \nRelative Ranks: 6 5 \n(4 4 4 4 4 4 )\n(4 4 4 4 4 4 )\nTime Taken: 0.00\nStarting search for low weight codewords... (reset timings)\nEnumerating using 1 generator at a time:\n New codeword identified of weight 5, time 0.00\n Completed Matrix 1: lower = 2, upper = 5. Elapsed: 0.00s\n Completed Matrix 2: lower = 3, upper = 5. Elapsed: 0.00s\nTermination predicted with 2 generators at matrix 2\nEnumerating using 2 generators at a time:\n Completed Matrix 1: lower = 4, upper = 5. Elapsed: 0.00s\n Completed Matrix 2: lower = 5, upper = 5. Elapsed: 0.00s\nComputation complete \nFinal Results: lower = 5, upper = 5,\nTotal CPU time: 0.00, real time: 0.001\n5\n\nTotal time: 0.010 seconds, Total memory usage: 32.09MB\n
A37: [[12,6,3]] | B37: 12 | C37: 6 | D37: 3 | E37: 0 | F37: 0.052198792 | G37: 1 | H37: 1 | I37: Magma V2.28-26 Tue Dec 30 2025 12:10:37 on Marks-MacBook-Air-2 [Seed = \n3822668552]\nType ? for help. Type <Ctrl>-D to quit.\n[1 0 0 0 0 1 0 1 0 1 0 1 1 0 0 1 0 1 0 0 1 1 1 1]\n[0 1 0 0 0 1 1 0 1 0 1 0 1 0 0 1 1 0 1 1 0 0 1 1]\n[0 0 1 0 0 0 0 1 1 0 0 1 0 1 0 0 1 0 0 1 0 1 1 0]\n[0 0 0 1 0 0 0 1 1 0 1 0 1 0 0 0 0 1 0 1 0 1 0 1]\n[0 0 0 0 1 1 1 1 1 1 0 0 1 1 0 0 1 1 0 0 0 0 1 1]\n[0 0 0 0 0 0 0 0 0 0 0 0 0 0 1 1 1 1 1 1 1 1 1 1]\n[[12, 6]] quantum code over GF(2^2), stabilised by:\n[ 1 0 0 $.1^2 0 1 0 $.1 $.1^2 1 $.1^2 1]\n[ $.1 0 0 1 0 $.1 0 $.1^2 1 $.1 1 $.1]\n[ 0 1 0 $.1^2 $.1 $.1^2 $.1^2 1 0 $.1 $.1 0]\n[ 0 $.1 0 1 $.1^2 1 1 $.1 0 $.1^2 $.1^2 0]\n[ 0 0 1 1 1 1 1 1 1 1 1 1]\n[ 0 0 $.1 $.1 $.1 $.1 $.1 $.1 $.1 $.1 $.1 $.1]\nQuantum GF(2)-Additive code over GF(4) of length 12 with 18 generators.\nLower Bound: 1, Upper Bound: 4\nConstructed 2 distinct generator matrices\nTotal Ranks: 9 9 \nRelative Ranks: 9 3 \n(4 4 4 4 4 4 4 4 4 )\n(4 4 4 4 4 4 4 4 4 )\n Discarding non-contributing rank 3 matrix\n New Total Ranks: 9 \n New Relative Ranks: 9 \nTime Taken: 0.00\nStarting search for low weight codewords... (reset timings)\nEnumerating using 1 generator at a time:\n New codeword identified of weight 3, time 0.00\n Completed Matrix 1: lower = 2, upper = 3. Elapsed: 0.00s\nTermination predicted with 2 generators at matrix 1\nEnumerating using 2 generators at a time:\n Completed Matrix 1: lower = 3, upper = 3. Elapsed: 0.00s\nComputation complete \nFinal Results: lower = 3, upper = 3,\nTotal CPU time: 0.00, real time: 0.001\n3\n\nTotal time: 0.010 seconds, Total memory usage: 32.09MB\n
A38: [[13,6,3]] | B38: 13 | C38: 6 | D38: 3 | E38: 0 | F38: 0.053350833 | G38: 1 | H38: 1 | I38: Magma V2.28-26 Tue Dec 30 2025 12:10:37 on Marks-MacBook-Air-2 [Seed = \n3990308102]\nType ? for help. Type <Ctrl>-D to quit.\n[1 0 0 0 0 1 0 1 0 1 0 1 0 1 0 0 1 0 1 0 0 1 1 1 1 0]\n[0 1 0 0 0 1 1 0 1 0 1 0 0 1 0 0 1 1 0 1 1 0 0 1 1 0]\n[0 0 1 0 0 0 0 1 1 0 0 1 0 0 1 0 0 1 0 0 1 0 1 1 0 0]\n[0 0 0 1 0 0 0 1 1 0 1 0 0 1 0 0 0 0 1 0 1 0 1 0 1 0]\n[0 0 0 0 1 1 1 1 1 1 0 0 0 1 1 0 0 1 1 0 0 0 0 1 1 0]\n[0 0 0 0 0 0 0 0 0 0 0 0 1 0 0 0 0 0 0 0 0 0 0 0 0 0]\n[0 0 0 0 0 0 0 0 0 0 0 0 0 0 0 1 1 1 1 1 1 1 1 1 1 0]\n[[13, 6]] quantum code over GF(2^2), stabilised by:\n[ 1 0 0 $.1^2 0 1 0 $.1 $.1^2 1 $.1^2 1 0]\n[ $.1 0 0 1 0 $.1 0 $.1^2 1 $.1 1 $.1 0]\n[ 0 1 0 $.1^2 $.1 $.1^2 $.1^2 1 0 $.1 $.1 0 0]\n[ 0 $.1 0 1 $.1^2 1 1 $.1 0 $.1^2 $.1^2 0 0]\n[ 0 0 1 1 1 1 1 1 1 1 1 1 0]\n[ 0 0 $.1 $.1 $.1 $.1 $.1 $.1 $.1 $.1 $.1 $.1 0]\n[ 0 0 0 0 0 0 0 0 0 0 0 0 1]\nQuantum GF(2)-Additive code over GF(4) of length 13 with 19 generators.\nLower Bound: 1, Upper Bound: 5\nConstructed 2 distinct generator matrices\nTotal Ranks: 10 10 \nRelative Ranks: 10 3 \n(4 4 4 4 4 4 4 4 4 2 )\n(4 4 4 4 4 4 4 4 4 2 )\n Discarding non-contributing rank 3 matrix\n New Total Ranks: 10 \n New Relative Ranks: 10 \nTime Taken: 0.00\nStarting search for low weight codewords... (reset timings)\nEnumerating using 1 generator at a time:\n New codeword identified of weight 3, time 0.00\n Impurity detected of weight 1, time 0.00\n Completed Matrix 1: lower = 2, upper = 3. Elapsed: 0.00s\nTermination predicted with 2 generators at matrix 1\nEnumerating using 2 generators at a time:\n Completed Matrix 1: lower = 3, upper = 3. Elapsed: 0.00s\nComputation complete \nFinal Results: lower = 3, upper = 3,\nTotal CPU time: 0.00, real time: 0.001\n3\n\nTotal time: 0.010 seconds, Total memory usage: 32.09MB\n
A39: [[14,2,5]] | B39: 14 | C39: 2 | D39: 5 | E39: 0 | F39: 0.053272625 | G39: 1 | H39: 1 | I39: Magma V2.28-26 Tue Dec 30 2025 12:10:37 on Marks-MacBook-Air-2 [Seed = \n2544713596]\nType ? for help. Type <Ctrl>-D to quit.\n[1 0 0 0 0 0 0 0 0 0 0 0 1 0 0 0 0 1 1 1 0 1 1 1 0 0 0 0]\n[0 1 0 0 0 0 0 0 0 0 0 0 0 1 0 0 0 0 1 1 1 0 1 1 1 0 0 0]\n[0 0 1 0 0 0 0 0 0 0 0 0 1 0 0 0 0 1 1 0 1 0 1 0 1 1 0 0]\n[0 0 0 1 0 0 0 0 0 0 0 0 0 1 0 0 0 0 1 1 0 1 0 1 0 1 1 0]\n[0 0 0 0 1 0 0 0 0 0 0 0 1 0 0 0 0 1 1 0 1 1 0 1 1 0 1 1]\n[0 0 0 0 0 1 0 0 0 0 0 0 0 1 1 0 0 0 1 1 0 1 1 0 1 1 0 1]\n[0 0 0 0 0 0 1 0 0 0 0 0 1 0 1 1 0 1 1 0 1 1 0 0 0 1 1 0]\n[0 0 0 0 0 0 0 1 0 0 0 0 0 1 0 1 1 0 1 1 0 1 1 0 0 0 1 1]\n[0 0 0 0 0 0 0 0 1 0 0 0 1 0 1 0 1 0 1 0 1 1 0 0 0 0 0 1]\n[0 0 0 0 0 0 0 0 0 1 0 0 0 1 1 1 0 1 0 1 0 1 1 0 0 0 0 0]\n[0 0 0 0 0 0 0 0 0 0 1 0 1 0 0 1 1 1 0 1 1 1 0 0 0 0 0 0]\n[0 0 0 0 0 0 0 0 0 0 0 1 0 1 0 0 1 1 1 0 1 1 1 0 0 0 0 0]\n[[14, 2]] quantum code over GF(2^2), stabilised by:\n[1 0 0 0 0 0 1 1 1 $.1 0 $.1 1 1]\n[$.1 0 0 0 0 0 $.1 $.1^2 $.1 1 0 1 $.1 $.1^2]\n[0 1 0 0 0 0 1 0 0 $.1^2 $.1 $.1 $.1^2 0]\n[0 $.1 0 0 0 0 $.1^2 0 0 1 1 $.1^2 $.1 0]\n[0 0 1 0 0 0 0 1 0 0 $.1^2 $.1 $.1 $.1^2]\n[0 0 $.1 0 0 0 0 $.1^2 0 0 1 1 $.1^2 $.1]\n[0 0 0 1 0 0 $.1^2 $.1 $.1 $.1^2 0 0 1 0]\n[0 0 0 $.1 0 0 $.1 $.1^2 1 1 0 0 $.1^2 0]\n[0 0 0 0 1 0 0 $.1^2 $.1 $.1 $.1^2 0 0 1]\n[0 0 0 0 $.1 0 0 $.1 $.1^2 1 1 0 0 $.1^2]\n[0 0 0 0 0 1 1 1 $.1 0 $.1 1 1 1]\n[0 0 0 0 0 $.1 $.1^2 $.1 1 0 1 $.1 $.1^2 $.1]\nQuantum GF(2)-Additive code over GF(4) of length 14 with 16 generators.\nLower Bound: 1, Upper Bound: 7\nConstructed 2 distinct generator matrices\nTotal Ranks: 8 8 \nRelative Ranks: 8 6 \n(4 4 4 4 4 4 4 4 )\n(4 4 4 4 4 4 4 4 )\nTime Taken: 0.00\nStarting search for low weight codewords... (reset timings)\nEnumerating using 1 generator at a time:\n New codeword identified of weight 5, time 0.00\n Completed Matrix 1: lower = 2, upper = 5. Elapsed: 0.00s\n Completed Matrix 2: lower = 2, upper = 5. Elapsed: 0.00s\nTermination predicted with 3 generators at matrix 1\nEnumerating using 2 generators at a time:\n Completed Matrix 1: lower = 3, upper = 5. Elapsed: 0.00s\n Completed Matrix 2: lower = 4, upper = 5. Elapsed: 0.00s\nTermination predicted with 3 generators at matrix 1\nEnumerating using 3 generators at a time:\n Completed Matrix 1: lower = 5, upper = 5. Elapsed: 0.00s\nComputation complete \nFinal Results: lower = 5, upper = 5,\nTotal CPU time: 0.00, real time: 0.001\n5\n\nTotal time: 0.010 seconds, Total memory usage: 32.09MB\n
A40: [[15,2,5]] | B40: 15 | C40: 2 | D40: 5 | E40: 0 | F40: 0.054226708991336636 | G40: 1 | H40: 1 | I40: Magma V2.28-26 Tue Dec 30 2025 12:10:37 on Marks-MacBook-Air-2 [Seed = \n2443917690]\nType ? for help. Type <Ctrl>-D to quit.\n[1 0 0 0 0 0 0 0 0 0 0 0 1 0 0 0 0 0 1 1 1 0 1 1 1 0 0 0 0 0]\n[0 1 0 0 0 0 0 0 0 0 0 0 0 1 0 0 0 0 0 1 1 1 0 1 1 1 0 0 0 0]\n[0 0 1 0 0 0 0 0 0 0 0 0 1 0 0 0 0 0 1 1 0 1 0 1 0 1 1 0 0 0]\n[0 0 0 1 0 0 0 0 0 0 0 0 0 1 0 0 0 0 0 1 1 0 1 0 1 0 1 1 0 0]\n[0 0 0 0 1 0 0 0 0 0 0 0 1 0 0 0 0 0 1 1 0 1 1 0 1 1 0 1 1 0]\n[0 0 0 0 0 1 0 0 0 0 0 0 0 1 0 1 0 0 0 1 1 0 1 1 0 1 1 0 1 0]\n[0 0 0 0 0 0 1 0 0 0 0 0 1 0 0 1 1 0 1 1 0 1 1 0 0 0 1 1 0 0]\n[0 0 0 0 0 0 0 1 0 0 0 0 0 1 0 0 1 1 0 1 1 0 1 1 0 0 0 1 1 0]\n[0 0 0 0 0 0 0 0 1 0 0 0 1 0 0 1 0 1 0 1 0 1 1 0 0 0 0 0 1 0]\n[0 0 0 0 0 0 0 0 0 1 0 0 0 1 0 1 1 0 1 0 1 0 1 1 0 0 0 0 0 0]\n[0 0 0 0 0 0 0 0 0 0 1 0 1 0 0 0 1 1 1 0 1 1 1 0 0 0 0 0 0 0]\n[0 0 0 0 0 0 0 0 0 0 0 1 0 1 0 0 0 1 1 1 0 1 1 1 0 0 0 0 0 0]\n[0 0 0 0 0 0 0 0 0 0 0 0 0 0 1 0 0 0 0 0 0 0 0 0 0 0 0 0 0 0]\n[[15, 2]] quantum code over GF(2^2), stabilised by:\n[1 0 0 0 0 0 1 1 1 $.1 0 $.1 1 1 0]\n[$.1 0 0 0 0 0 $.1 $.1^2 $.1 1 0 1 $.1 $.1^2 0]\n[0 1 0 0 0 0 1 0 0 $.1^2 $.1 $.1 $.1^2 0 0]\n[0 $.1 0 0 0 0 $.1^2 0 0 1 1 $.1^2 $.1 0 0]\n[0 0 1 0 0 0 0 1 0 0 $.1^2 $.1 $.1 $.1^2 0]\n[0 0 $.1 0 0 0 0 $.1^2 0 0 1 1 $.1^2 $.1 0]\n[0 0 0 1 0 0 $.1^2 $.1 $.1 $.1^2 0 0 1 0 0]\n[0 0 0 $.1 0 0 $.1 $.1^2 1 1 0 0 $.1^2 0 0]\n[0 0 0 0 1 0 0 $.1^2 $.1 $.1 $.1^2 0 0 1 0]\n[0 0 0 0 $.1 0 0 $.1 $.1^2 1 1 0 0 $.1^2 0]\n[0 0 0 0 0 1 1 1 $.1 0 $.1 1 1 1 0]\n[0 0 0 0 0 $.1 $.1^2 $.1 1 0 1 $.1 $.1^2 $.1 0]\n[0 0 0 0 0 0 0 0 0 0 0 0 0 0 1]\nQuantum GF(2)-Additive code over GF(4) of length 15 with 17 generators.\nLower Bound: 1, Upper Bound: 8\nConstructed 2 distinct generator matrices\nTotal Ranks: 9 9 \nRelative Ranks: 9 6 \n(4 4 4 4 4 4 4 4 2 )\n(4 4 4 4 4 4 4 4 2 )\nTime Taken: 0.00\nStarting search for low weight codewords... (reset timings)\nEnumerating using 1 generator at a time:\n New codeword identified of weight 5, time 0.00\n Impurity detected of weight 1, time 0.00\n Completed Matrix 1: lower = 2, upper = 5. Elapsed: 0.00s\n Completed Matrix 2: lower = 2, upper = 5. Elapsed: 0.00s\nTermination predicted with 3 generators at matrix 2\nEnumerating using 2 generators at a time:\n Completed Matrix 1: lower = 3, upper = 5. Elapsed: 0.00s\n Completed Matrix 2: lower = 3, upper = 5. Elapsed: 0.00s\nTermination predicted with 3 generators at matrix 2\nEnumerating using 3 generators at a time:\n Completed Matrix 1: lower = 4, upper = 5. Elapsed: 0.00s\n Completed Matrix 2: lower = 5, upper = 5. Elapsed: 0.00s\nComputation complete \nFinal Results: lower = 5, upper = 5,\nTotal CPU time: 0.00, real time: 0.002\n5\n\nTotal time: 0.010 seconds, Total memory usage: 32.09MB\n
A41: [[16,1,6]] | B41: 16 | C41: 1 | D41: 6 | E41: 0 | F41: 0.053124625 | G41: 1 | H41: 1 | I41: Magma V2.28-26 Tue Dec 30 2025 12:10:37 on Marks-MacBook-Air-2 [Seed = \n2611032944]\nType ? for help. Type <Ctrl>-D to quit.\n[1 0 0 0 0 0 0 0 0 0 0 0 0 0 0 1 0 1 1 0 0 1 1 1 1 1 1 0 0 1 1 0]\n[0 1 0 0 0 0 0 0 0 0 0 0 0 0 0 1 0 0 0 1 1 1 1 1 0 0 1 0 0 0 0 1]\n[0 0 1 0 0 0 0 0 0 0 0 0 0 0 0 1 1 1 1 0 1 0 0 0 0 1 1 1 0 1 1 0]\n[0 0 0 1 0 0 0 0 0 0 0 0 0 0 0 1 0 0 0 0 0 1 0 1 1 0 1 1 0 1 0 0]\n[0 0 0 0 1 0 0 0 0 0 0 0 0 0 0 1 0 0 1 0 1 1 1 0 0 0 0 0 1 0 0 0]\n[0 0 0 0 0 1 0 0 0 0 0 0 0 0 0 1 0 1 1 0 0 1 1 0 1 0 0 0 1 0 1 1]\n[0 0 0 0 0 0 1 0 0 0 0 0 0 0 0 1 1 0 0 0 1 0 0 1 1 1 1 1 1 1 1 0]\n[0 0 0 0 0 0 0 1 0 0 0 0 0 0 0 1 0 1 1 0 1 0 0 0 0 0 1 0 1 1 0 1]\n[0 0 0 0 0 0 0 0 1 0 0 0 0 0 0 1 1 1 0 1 0 0 1 1 1 1 1 1 0 0 0 0]\n[0 0 0 0 0 0 0 0 0 1 0 0 0 0 0 1 0 0 0 1 1 0 0 0 0 1 1 1 0 1 1 1]\n[0 0 0 0 0 0 0 0 0 0 1 0 0 0 0 1 1 0 1 1 0 1 1 0 1 0 0 0 0 0 0 0]\n[0 0 0 0 0 0 0 0 0 0 0 1 0 0 0 1 0 1 1 1 0 1 1 1 1 0 0 1 0 0 1 0]\n[0 0 0 0 0 0 0 0 0 0 0 0 1 0 0 1 0 1 0 0 1 0 1 0 0 1 0 0 0 1 1 0]\n[0 0 0 0 0 0 0 0 0 0 0 0 0 1 0 1 0 0 0 0 1 0 0 1 1 1 1 1 0 0 0 1]\n[0 0 0 0 0 0 0 0 0 0 0 0 0 0 1 1 1 1 1 0 0 0 1 1 0 0 0 1 1 1 1 0]\n[[16, 1]] quantum code over GF(2^2), stabilised by:\n[1 0 0 0 0 0 0 $.1 $.1 $.1^2 $.1 $.1^2 0 1 $.1 0]\n[$.1 0 0 0 0 0 0 $.1 $.1^2 $.1^2 0 0 1 0 0 $.1^2]\n[0 1 0 0 0 0 0 0 $.1 $.1 $.1^2 $.1 $.1^2 0 1 $.1]\n[0 $.1 0 0 0 0 0 0 $.1^2 $.1^2 1 $.1^2 1 0 $.1 $.1^2]\n[0 0 1 0 0 0 0 $.1 $.1^2 $.1^2 $.1^2 $.1^2 $.1 $.1 1 $.1]\n[0 0 $.1 0 0 0 0 $.1 1 $.1^2 $.1 0 $.1 1 1 0]\n[0 0 0 1 0 0 0 $.1 1 $.1 $.1 $.1^2 $.1^2 $.1^2 $.1^2 $.1]\n[0 0 0 $.1 0 0 0 $.1 $.1 1 0 0 0 $.1^2 $.1 0]\n[0 0 0 0 1 0 0 $.1 1 0 $.1^2 $.1 $.1^2 $.1 $.1 0]\n[0 0 0 0 $.1 0 0 $.1 $.1 $.1 $.1 $.1 0 1 0 $.1^2]\n[0 0 0 0 0 1 0 0 $.1 1 0 $.1^2 $.1 $.1^2 $.1 $.1]\n[0 0 0 0 0 $.1 0 0 $.1^2 $.1 0 1 $.1^2 1 $.1^2 $.1^2]\n[0 0 0 0 0 0 1 $.1 $.1^2 $.1^2 0 0 $.1^2 $.1^2 $.1 1]\n[0 0 0 0 0 0 $.1 $.1 1 $.1^2 $.1^2 1 0 $.1^2 0 1]\n[0 0 0 0 0 0 0 1 0 $.1 $.1^2 1 1 $.1 $.1^2 $.1^2]\nQuantum GF(2)-Additive code over GF(4) of length 16 with 17 generators.\nLower Bound: 1, Upper Bound: 9\nConstructed 2 distinct generator matrices\nTotal Ranks: 9 9 \nRelative Ranks: 9 7 \n(4 4 4 4 4 4 4 4 2 )\n(4 4 4 4 4 4 4 4 2 )\nTime Taken: 0.00\nStarting search for low weight codewords... (reset timings)\nEnumerating using 1 generator at a time:\n New codeword identified of weight 8, time 0.00\n New codeword identified of weight 7, time 0.00\n New codeword identified of weight 6, time 0.00\n Completed Matrix 1: lower = 2, upper = 6. Elapsed: 0.00s\n Completed Matrix 2: lower = 2, upper = 6. Elapsed: 0.00s\nTermination predicted with 3 generators at matrix 2\nEnumerating using 2 generators at a time:\n Completed Matrix 1: lower = 3, upper = 6. Elapsed: 0.00s\n Completed Matrix 2: lower = 4, upper = 6. Elapsed: 0.00s\nTermination predicted with 3 generators at matrix 2\nEnumerating using 3 generators at a time:\n Completed Matrix 1: lower = 5, upper = 6. Elapsed: 0.00s\n Completed Matrix 2: lower = 6, upper = 6. Elapsed: 0.00s\nComputation complete \nFinal Results: lower = 6, upper = 6,\nTotal CPU time: 0.00, real time: 0.001\n6\n\nTotal time: 0.010 seconds, Total memory usage: 32.09MB\n
A42: [[17,3,5]] | B42: 17 | C42: 3 | D42: 5 | E42: 0 | F42: 0.054344375006621704 | G42: 1 | H42: 1 | I42: Magma V2.28-26 Tue Dec 30 2025 12:10:37 on Marks-MacBook-Air-2 [Seed = \n2243898734]\nType ? for help. Type <Ctrl>-D to quit.\n[1 0 0 0 0 0 0 0 0 0 0 0 1 0 0 0 0 0 0 1 0 1 1 0 1 1 0 1 0 0 0 0 0 0]\n[0 1 0 0 0 0 0 0 0 0 0 0 0 1 0 0 0 0 0 0 1 0 1 1 0 1 1 0 1 0 0 0 0 0]\n[0 0 1 0 0 0 0 0 0 0 0 0 0 0 1 0 0 0 0 0 0 1 0 1 1 0 1 1 0 1 0 0 0 0]\n[0 0 0 1 0 0 0 0 0 0 0 0 1 0 0 0 0 0 1 0 0 1 1 1 1 1 1 1 1 0 0 1 0 0]\n[0 0 0 0 1 0 0 0 0 0 0 0 0 0 1 0 0 1 1 0 0 1 1 0 1 0 0 0 1 0 1 1 0 0]\n[0 0 0 0 0 1 0 0 0 0 0 0 1 1 1 0 0 1 1 0 0 0 1 1 0 0 0 1 0 0 0 1 0 0]\n[0 0 0 0 0 0 1 0 0 0 0 0 1 0 0 0 0 1 1 0 0 0 0 1 1 1 0 1 1 1 0 0 0 0]\n[0 0 0 0 0 0 0 1 0 0 0 0 0 1 0 0 0 0 1 1 0 0 0 0 1 1 1 0 1 1 1 0 0 0]\n[0 0 0 0 0 0 0 0 1 0 0 0 0 0 1 0 0 0 0 1 1 0 0 0 0 1 1 1 0 1 1 1 0 0]\n[0 0 0 0 0 0 0 0 0 1 0 0 1 1 1 0 0 1 0 1 1 1 0 0 0 1 1 0 1 1 1 1 0 0]\n[0 0 0 0 0 0 0 0 0 0 1 0 1 0 0 0 0 1 1 1 1 1 1 0 0 1 1 0 0 0 1 1 0 0]\n[0 0 0 0 0 0 0 0 0 0 0 1 0 0 1 0 0 1 0 0 1 0 1 0 0 1 0 0 0 1 1 0 0 0]\n[0 0 0 0 0 0 0 0 0 0 0 0 0 0 0 1 0 0 0 0 0 0 0 0 0 0 0 0 0 0 0 0 0 0]\n[0 0 0 0 0 0 0 0 0 0 0 0 0 0 0 0 1 0 0 0 0 0 0 0 0 0 0 0 0 0 0 0 0 0]\n[[17, 3]] quantum code over GF(2^2), stabilised by:\n[1 0 0 0 0 0 0 $.1 $.1 $.1^2 $.1 $.1^2 0 1 $.1 0 0]\n[$.1 0 0 0 0 0 0 $.1^2 $.1^2 1 $.1^2 1 0 $.1 $.1^2 0 0]\n[0 1 0 0 0 0 $.1 $.1^2 $.1^2 $.1^2 $.1^2 $.1 $.1 1 $.1 0 0]\n[0 $.1 0 0 0 0 $.1^2 1 1 1 1 $.1^2 $.1^2 $.1 $.1^2 0 0]\n[0 0 1 0 0 0 $.1 1 $.1 $.1 $.1^2 $.1^2 $.1^2 $.1^2 $.1 0 0]\n[0 0 $.1 0 0 0 $.1^2 $.1 $.1^2 $.1^2 1 1 1 1 $.1^2 0 0]\n[0 0 0 1 0 0 $.1 1 0 $.1^2 $.1 $.1^2 $.1 $.1 0 0 0]\n[0 0 0 $.1 0 0 $.1^2 $.1 0 1 $.1^2 1 $.1^2 $.1^2 0 0 0]\n[0 0 0 0 1 0 0 $.1 1 0 $.1^2 $.1 $.1^2 $.1 $.1 0 0]\n[0 0 0 0 $.1 0 0 $.1^2 $.1 0 1 $.1^2 1 $.1^2 $.1^2 0 0]\n[0 0 0 0 0 1 $.1 $.1^2 $.1^2 0 0 $.1^2 $.1^2 $.1 1 0 0]\n[0 0 0 0 0 $.1 $.1^2 1 1 0 0 1 1 $.1^2 $.1 0 0]\n[0 0 0 0 0 0 0 0 0 0 0 0 0 0 0 1 0]\n[0 0 0 0 0 0 0 0 0 0 0 0 0 0 0 0 1]\nQuantum GF(2)-Additive code over GF(4) of length 17 with 20 generators.\nLower Bound: 1, Upper Bound: 8\nConstructed 2 distinct generator matrices\nTotal Ranks: 11 11 \nRelative Ranks: 11 6 \n(4 4 4 4 4 4 4 4 4 2 2 )\n(4 4 4 4 4 4 4 4 4 2 2 )\nTime Taken: 0.00\nStarting search for low weight codewords... (reset timings)\nEnumerating using 1 generator at a time:\n New codeword identified of weight 6, time 0.00\n New codeword identified of weight 5, time 0.00\n Impurity detected of weight 1, time 0.00\n Discarding non-contributing rank 6 matrix\n New Total Ranks: 11 \n New Relative Ranks: 11 \n Completed Matrix 1: lower = 2, upper = 5. Elapsed: 0.00s\nTermination predicted with 4 generators at matrix 1\nEnumerating using 2 generators at a time:\n Completed Matrix 1: lower = 3, upper = 5. Elapsed: 0.00s\nTermination predicted with 4 generators at matrix 1\nEnumerating using 3 generators at a time:\n Completed Matrix 1: lower = 4, upper = 5. Elapsed: 0.00s\nTermination predicted with 4 generators at matrix 1\nEnumerating using 4 generators at a time:\n Completed Matrix 1: lower = 5, upper = 5. Elapsed: 0.00s\nComputation complete \nFinal Results: lower = 5, upper = 5,\nTotal CPU time: 0.00, real time: 0.002\n5\n\nTotal time: 0.010 seconds, Total memory usage: 32.09MB\n
A43: [[18,5,5]] | B43: 18 | C43: 5 | D43: 5 | E43: 0 | F43: 0.054014333 | G43: 1 | H43: 1 | I43: Magma V2.28-26 Tue Dec 30 2025 12:10:37 on Marks-MacBook-Air-2 [Seed = \n2411013988]\nType ? for help. Type <Ctrl>-D to quit.\n[1 0 0 0 0 0 0 0 0 0 0 0 0 1 1 0 0 0 1 0 1 1 1 0 0 0 1 1 1 1 0 1 0 1 0 0]\n[0 1 0 0 0 0 0 0 0 0 0 0 0 1 1 1 0 0 1 1 1 0 0 1 0 0 1 0 0 0 0 1 0 1 0 1]\n[0 0 1 0 0 0 0 0 0 0 0 0 0 1 1 1 1 0 0 1 0 0 1 0 1 0 1 0 1 1 1 1 0 1 0 1]\n[0 0 0 1 0 0 0 0 0 0 0 0 0 1 1 1 1 1 1 0 0 1 1 1 0 1 1 0 1 0 1 0 0 1 0 1]\n[0 0 0 0 1 0 0 0 0 0 0 0 0 0 0 0 0 0 0 1 1 1 0 1 0 1 1 1 0 1 0 1 0 0 1 0]\n[0 0 0 0 0 1 0 0 0 0 0 0 0 1 0 0 0 0 0 0 0 0 0 0 0 0 0 0 0 1 0 1 0 1 1 0]\n[0 0 0 0 0 0 1 0 0 0 0 0 0 1 0 0 0 1 0 0 0 1 1 0 0 0 0 1 0 1 1 1 0 1 1 1]\n[0 0 0 0 0 0 0 1 0 0 0 0 0 1 0 1 1 1 0 0 0 0 1 1 0 1 1 1 0 1 0 0 0 1 0 0]\n[0 0 0 0 0 0 0 0 1 0 0 0 0 1 0 1 0 0 1 0 0 0 0 1 0 1 0 0 0 1 1 1 1 1 0 1]\n[0 0 0 0 0 0 0 0 0 1 0 0 0 0 1 0 1 0 1 1 0 0 0 0 1 0 1 0 0 0 1 1 1 1 1 0]\n[0 0 0 0 0 0 0 0 0 0 1 0 0 0 0 1 0 1 0 1 1 0 0 0 0 1 0 1 0 0 0 1 1 1 1 1]\n[0 0 0 0 0 0 0 0 0 0 0 1 0 1 1 1 0 1 0 0 1 1 0 0 1 1 0 1 0 1 0 1 0 0 0 0]\n[0 0 0 0 0 0 0 0 0 0 0 0 1 1 1 1 1 1 0 0 0 0 0 0 1 1 1 1 1 1 1 1 1 1 1 1]\n[[18, 5]] quantum code over GF(2^2), stabilised by:\n[1 0 0 0 0 0 0 1 $.1^2 0 0 $.1^2 1 1 1 0 $.1 1]\n[$.1 0 0 0 0 $.1 0 $.1 1 0 0 $.1 $.1 $.1^2 $.1 $.1^2 0 $.1]\n[0 1 0 0 0 0 0 0 $.1^2 $.1 1 $.1 $.1 $.1 1 $.1^2 $.1 $.1^2]\n[0 $.1 0 0 0 $.1 0 0 1 $.1^2 $.1 0 $.1^2 $.1 $.1 $.1 0 1]\n[0 0 1 0 0 0 0 1 $.1^2 $.1^2 $.1 $.1 $.1 $.1^2 0 1 $.1^2 1]\n[0 0 $.1 0 0 $.1 0 $.1 1 1 $.1^2 0 $.1^2 0 0 1 $.1 $.1]\n[0 0 0 1 0 0 0 1 $.1 $.1^2 $.1^2 1 0 $.1^2 1 0 1 0]\n[0 0 0 $.1 0 $.1 0 $.1 $.1^2 1 1 1 0 0 $.1 $.1^2 1 0]\n[0 0 0 0 1 0 0 $.1 1 1 0 $.1^2 0 0 0 0 1 $.1^2]\n[0 0 0 0 $.1 $.1 0 $.1^2 $.1 $.1 0 $.1 0 1 0 $.1^2 1 1]\n[0 0 0 0 0 1 0 0 0 0 0 $.1 0 $.1^2 0 $.1 $.1 0]\n[0 0 0 0 0 0 1 1 1 1 1 1 $.1 $.1 $.1 $.1 $.1 $.1]\n[0 0 0 0 0 0 $.1 $.1 $.1 $.1 $.1 $.1 $.1^2 $.1^2 $.1^2 $.1^2 $.1^2 $.1^2]\nQuantum GF(2)-Additive code over GF(4) of length 18 with 23 generators.\nLower Bound: 1, Upper Bound: 8\nConstructed 2 distinct generator matrices\nTotal Ranks: 12 12 \nRelative Ranks: 12 6 \n(4 4 4 4 4 4 4 4 4 4 2 4 )\n(4 4 4 4 4 4 4 4 4 4 4 2 )\nTime Taken: 0.00\nStarting search for low weight codewords... (reset timings)\nEnumerating using 1 generator at a time:\n New codeword identified of weight 6, time 0.00\n New codeword identified of weight 5, time 0.00\n Discarding non-contributing rank 6 matrix\n New Total Ranks: 12 \n New Relative Ranks: 12 \n Completed Matrix 1: lower = 2, upper = 5. Elapsed: 0.00s\nTermination predicted with 4 generators at matrix 1\nEnumerating using 2 generators at a time:\n Completed Matrix 1: lower = 3, upper = 5. Elapsed: 0.00s\nTermination predicted with 4 generators at matrix 1\nEnumerating using 3 generators at a time:\n Completed Matrix 1: lower = 4, upper = 5. Elapsed: 0.00s\nTermination predicted with 4 generators at matrix 1\nEnumerating using 4 generators at a time:\n Completed Matrix 1: lower = 5, upper = 5. Elapsed: 0.00s\nComputation complete \nFinal Results: lower = 5, upper = 5,\nTotal CPU time: 0.00, real time: 0.002\n5\n\nTotal time: 0.010 seconds, Total memory usage: 32.09MB\n
A44: [[19,5,5]] | B44: 19 | C44: 5 | D44: 5 | E44: 0 | F44: 0.054391625002608635 | G44: 1 | H44: 1 | I44: Magma V2.28-26 Tue Dec 30 2025 12:10:37 on Marks-MacBook-Air-2 [Seed = \n2310218082]\nType ? for help. Type <Ctrl>-D to quit.\n[1 0 0 0 0 0 0 0 0 0 0 0 0 1 1 0 0 0 0 1 0 1 1 1 0 0 0 1 1 1 1 0 1 0 1 0 0 0]\n[0 1 0 0 0 0 0 0 0 0 0 0 0 1 1 1 0 0 0 1 1 1 0 0 1 0 0 1 0 0 0 0 1 0 1 0 1 0]\n[0 0 1 0 0 0 0 0 0 0 0 0 0 1 1 1 1 0 0 0 1 0 0 1 0 1 0 1 0 1 1 1 1 0 1 0 1 0]\n[0 0 0 1 0 0 0 0 0 0 0 0 0 1 1 1 1 1 0 1 0 0 1 1 1 0 1 1 0 1 0 1 0 0 1 0 1 0]\n[0 0 0 0 1 0 0 0 0 0 0 0 0 0 0 0 0 0 0 0 1 1 1 0 1 0 1 1 1 0 1 0 1 0 0 1 0 0]\n[0 0 0 0 0 1 0 0 0 0 0 0 0 1 0 0 0 0 0 0 0 0 0 0 0 0 0 0 0 0 1 0 1 0 1 1 0 0]\n[0 0 0 0 0 0 1 0 0 0 0 0 0 1 0 0 0 1 0 0 0 0 1 1 0 0 0 0 1 0 1 1 1 0 1 1 1 0]\n[0 0 0 0 0 0 0 1 0 0 0 0 0 1 0 1 1 1 0 0 0 0 0 1 1 0 1 1 1 0 1 0 0 0 1 0 0 0]\n[0 0 0 0 0 0 0 0 1 0 0 0 0 1 0 1 0 0 0 1 0 0 0 0 1 0 1 0 0 0 1 1 1 1 1 0 1 0]\n[0 0 0 0 0 0 0 0 0 1 0 0 0 0 1 0 1 0 0 1 1 0 0 0 0 1 0 1 0 0 0 1 1 1 1 1 0 0]\n[0 0 0 0 0 0 0 0 0 0 1 0 0 0 0 1 0 1 0 0 1 1 0 0 0 0 1 0 1 0 0 0 1 1 1 1 1 0]\n[0 0 0 0 0 0 0 0 0 0 0 1 0 1 1 1 0 1 0 0 0 1 1 0 0 1 1 0 1 0 1 0 1 0 0 0 0 0]\n[0 0 0 0 0 0 0 0 0 0 0 0 1 1 1 1 1 1 0 0 0 0 0 0 0 1 1 1 1 1 1 1 1 1 1 1 1 0]\n[0 0 0 0 0 0 0 0 0 0 0 0 0 0 0 0 0 0 1 0 0 0 0 0 0 0 0 0 0 0 0 0 0 0 0 0 0 0]\n[[19, 5]] quantum code over GF(2^2), stabilised by:\n[1 0 0 0 0 0 0 1 $.1^2 0 0 $.1^2 1 1 1 0 $.1 1 0]\n[$.1 0 0 0 0 $.1 0 $.1 1 0 0 $.1 $.1 $.1^2 $.1 $.1^2 0 $.1 0]\n[0 1 0 0 0 0 0 0 $.1^2 $.1 1 $.1 $.1 $.1 1 $.1^2 $.1 $.1^2 0]\n[0 $.1 0 0 0 $.1 0 0 1 $.1^2 $.1 0 $.1^2 $.1 $.1 $.1 0 1 0]\n[0 0 1 0 0 0 0 1 $.1^2 $.1^2 $.1 $.1 $.1 $.1^2 0 1 $.1^2 1 0]\n[0 0 $.1 0 0 $.1 0 $.1 1 1 $.1^2 0 $.1^2 0 0 1 $.1 $.1 0]\n[0 0 0 1 0 0 0 1 $.1 $.1^2 $.1^2 1 0 $.1^2 1 0 1 0 0]\n[0 0 0 $.1 0 $.1 0 $.1 $.1^2 1 1 1 0 0 $.1 $.1^2 1 0 0]\n[0 0 0 0 1 0 0 $.1 1 1 0 $.1^2 0 0 0 0 1 $.1^2 0]\n[0 0 0 0 $.1 $.1 0 $.1^2 $.1 $.1 0 $.1 0 1 0 $.1^2 1 1 0]\n[0 0 0 0 0 1 0 0 0 0 0 $.1 0 $.1^2 0 $.1 $.1 0 0]\n[0 0 0 0 0 0 1 1 1 1 1 1 $.1 $.1 $.1 $.1 $.1 $.1 0]\n[0 0 0 0 0 0 $.1 $.1 $.1 $.1 $.1 $.1 $.1^2 $.1^2 $.1^2 $.1^2 $.1^2 $.1^2 0]\n[0 0 0 0 0 0 0 0 0 0 0 0 0 0 0 0 0 0 1]\nQuantum GF(2)-Additive code over GF(4) of length 19 with 24 generators.\nLower Bound: 1, Upper Bound: 8\nConstructed 2 distinct generator matrices\nTotal Ranks: 13 13 \nRelative Ranks: 13 6 \n(4 4 4 4 4 4 4 4 4 4 2 4 2 )\n(4 4 4 4 4 4 4 4 4 4 4 2 2 )\n Discarding non-contributing rank 6 matrix\n New Total Ranks: 13 \n New Relative Ranks: 13 \nTime Taken: 0.00\nStarting search for low weight codewords... (reset timings)\nEnumerating using 1 generator at a time:\n New codeword identified of weight 6, time 0.00\n New codeword identified of weight 5, time 0.00\n Impurity detected of weight 1, time 0.00\n Completed Matrix 1: lower = 2, upper = 5. Elapsed: 0.00s\nTermination predicted with 4 generators at matrix 1\nEnumerating using 2 generators at a time:\n Completed Matrix 1: lower = 3, upper = 5. Elapsed: 0.00s\nTermination predicted with 4 generators at matrix 1\nEnumerating using 3 generators at a time:\n Completed Matrix 1: lower = 4, upper = 5. Elapsed: 0.00s\nTermination predicted with 4 generators at matrix 1\nEnumerating using 4 generators at a time:\n Completed Matrix 1: lower = 5, upper = 5. Elapsed: 0.00s\nComputation complete \nFinal Results: lower = 5, upper = 5,\nTotal CPU time: 0.00, real time: 0.002\n5\n\nTotal time: 0.010 seconds, Total memory usage: 32.09MB\n
A45: [[20,3,6]] | B45: 20 | C45: 3 | D45: 6 | E45: 0 | F45: 0.054379583001718856 | G45: 1 | H45: 1 | I45: Magma V2.28-26 Tue Dec 30 2025 12:10:37 on Marks-MacBook-Air-2 [Seed = \n3012107096]\nType ? for help. Type <Ctrl>-D to quit.\n[1 0 0 0 0 0 0 0 0 0 0 0 0 0 0 0 0 1 1 0 0 0 0 1 0 1 0 0 0 1 0 0 0 0 0 0 1 1 1 \n 0]\n[0 1 0 0 0 0 0 0 0 0 0 0 0 0 0 0 0 1 1 1 0 1 1 0 0 1 1 1 0 1 0 0 0 1 1 1 1 1 1 \n 1]\n[0 0 1 0 0 0 0 0 0 0 0 0 0 0 0 0 0 1 0 1 0 0 0 1 0 1 0 1 1 1 1 0 0 1 1 1 0 1 0 \n 0]\n[0 0 0 1 0 0 0 0 0 0 0 0 0 0 0 0 0 0 0 0 1 1 0 0 0 0 0 1 1 1 0 1 0 0 0 0 1 0 0 \n 1]\n[0 0 0 0 1 0 0 0 0 0 0 0 0 0 0 0 0 1 0 0 0 0 0 0 1 1 0 1 1 0 1 0 1 1 1 1 1 1 0 \n 0]\n[0 0 0 0 0 1 0 0 0 0 0 0 0 0 0 0 0 1 1 0 1 1 1 0 1 0 1 1 1 0 0 1 0 0 0 0 0 1 1 \n 0]\n[0 0 0 0 0 0 1 0 0 0 0 0 0 0 0 0 0 1 1 1 1 0 0 1 1 0 0 0 1 0 0 0 1 1 1 1 1 0 1 \n 1]\n[0 0 0 0 0 0 0 1 0 0 0 0 0 0 0 0 0 1 0 1 1 1 1 0 1 0 1 0 0 0 1 0 0 0 1 1 0 1 1 \n 0]\n[0 0 0 0 0 0 0 0 1 0 0 0 0 0 0 0 0 0 0 0 0 0 1 1 1 1 1 0 0 0 0 1 0 0 1 0 1 0 0 \n 0]\n[0 0 0 0 0 0 0 0 0 1 0 0 0 0 0 0 0 1 0 0 1 1 1 1 0 0 1 0 0 1 0 0 1 1 1 0 1 1 0 \n 0]\n[0 0 0 0 0 0 0 0 0 0 1 0 0 0 0 0 0 0 1 0 0 1 0 0 1 0 1 1 0 0 0 0 0 0 1 1 0 0 1 \n 1]\n[0 0 0 0 0 0 0 0 0 0 0 1 0 0 0 0 0 1 0 1 1 1 0 0 1 0 0 0 1 1 1 0 0 1 1 0 0 0 0 \n 1]\n[0 0 0 0 0 0 0 0 0 0 0 0 1 0 0 0 0 1 0 0 0 1 0 0 0 0 1 0 0 0 1 1 0 1 1 1 1 0 1 \n 1]\n[0 0 0 0 0 0 0 0 0 0 0 0 0 1 0 0 0 0 1 0 0 0 1 0 0 0 0 1 0 0 1 1 1 0 1 1 1 1 0 \n 1]\n[0 0 0 0 0 0 0 0 0 0 0 0 0 0 1 0 0 0 0 1 0 0 0 1 0 0 0 0 1 0 1 1 1 1 0 1 1 1 1 \n 0]\n[0 0 0 0 0 0 0 0 0 0 0 0 0 0 0 1 0 0 1 0 0 1 0 0 0 0 1 1 0 1 0 1 1 1 0 1 1 1 0 \n 0]\n[0 0 0 0 0 0 0 0 0 0 0 0 0 0 0 0 1 1 0 1 0 1 0 0 1 1 0 0 1 1 0 0 1 0 0 1 0 1 1 \n 0]\n[[20, 3]] quantum code over GF(2^2), stabilised by:\n[1 0 0 0 0 0 0 0 0 $.1^2 0 1 0 $.1^2 $.1 $.1^2 1 $.1 1 0]\n[$.1 0 0 0 0 0 0 0 $.1 1 0 $.1 0 $.1^2 1 $.1^2 0 1 $.1 $.1^2]\n[0 1 0 0 0 0 0 0 $.1 $.1^2 $.1 $.1^2 1 0 1 $.1^2 $.1^2 $.1^2 0 $.1]\n[0 $.1 0 0 0 0 0 0 0 1 $.1^2 1 $.1 $.1^2 1 $.1 $.1 $.1 0 $.1]\n[0 0 1 0 0 0 0 0 $.1 1 0 1 $.1^2 1 $.1 0 $.1^2 1 1 $.1^2]\n[0 0 $.1 0 0 0 0 0 0 $.1 0 $.1 1 1 0 $.1^2 $.1 1 $.1 0]\n[0 0 0 1 0 0 0 0 0 0 1 1 1 0 $.1 0 0 0 1 1]\n[0 0 0 $.1 0 0 0 0 $.1 0 $.1 $.1 $.1 $.1 1 $.1 $.1 $.1 $.1 1]\n[0 0 0 0 1 0 0 0 0 1 $.1^2 1 1 1 1 $.1^2 1 1 1 1]\n[0 0 0 0 $.1 0 0 0 0 $.1 1 $.1 $.1 $.1 $.1 1 $.1 $.1 $.1 $.1]\n[0 0 0 0 0 1 0 0 0 $.1^2 1 $.1 1 $.1 $.1^2 $.1 $.1 $.1^2 0 1]\n[0 0 0 0 0 $.1 0 0 $.1 1 $.1 $.1^2 $.1 1 $.1^2 1 1 $.1^2 0 1]\n[0 0 0 0 0 0 1 0 $.1 $.1^2 $.1^2 $.1 $.1 1 0 $.1 $.1 0 1 $.1^2]\n[0 0 0 0 0 0 $.1 0 0 1 1 $.1^2 $.1^2 1 $.1^2 0 0 $.1^2 $.1 0]\n[0 0 0 0 0 0 0 1 $.1 1 1 0 $.1 $.1 $.1^2 1 $.1 0 $.1 $.1]\n[0 0 0 0 0 0 0 $.1 0 $.1 $.1 0 $.1^2 0 $.1 1 0 $.1^2 $.1^2 $.1]\n[0 0 0 0 0 0 0 0 1 0 0 0 0 1 1 1 1 1 0 $.1]\nQuantum GF(2)-Additive code over GF(4) of length 20 with 23 generators.\nLower Bound: 1, Upper Bound: 10\nConstructed 2 distinct generator matrices\nTotal Ranks: 12 12 \nRelative Ranks: 12 8 \n(4 4 4 4 4 4 4 4 4 4 4 2 )\n(4 4 4 4 4 4 4 4 4 4 4 2 )\nTime Taken: 0.00\nStarting search for low weight codewords... (reset timings)\nEnumerating using 1 generator at a time:\n New codeword identified of weight 8, time 0.00\n New codeword identified of weight 7, time 0.00\n Completed Matrix 1: lower = 2, upper = 7. Elapsed: 0.00s\n New codeword identified of weight 6, time 0.00\n Completed Matrix 2: lower = 2, upper = 6. Elapsed: 0.00s\nTermination predicted with 4 generators at matrix 2\nEnumerating using 2 generators at a time:\n Completed Matrix 1: lower = 3, upper = 6. Elapsed: 0.00s\n Completed Matrix 2: lower = 3, upper = 6. Elapsed: 0.00s\nTermination predicted with 4 generators at matrix 2\nEnumerating using 3 generators at a time:\n Completed Matrix 1: lower = 4, upper = 6. Elapsed: 0.00s\n Completed Matrix 2: lower = 4, upper = 6. Elapsed: 0.00s\nTermination predicted with 4 generators at matrix 2\nEnumerating using 4 generators at a time:\n Completed Matrix 1: lower = 5, upper = 6. Elapsed: 0.00s\n Completed Matrix 2: lower = 6, upper = 6. Elapsed: 0.00s\nComputation complete \nFinal Results: lower = 6, upper = 6,\nTotal CPU time: 0.00, real time: 0.002\n6\n\nTotal time: 0.010 seconds, Total memory usage: 32.09MB\n
A46: [[21,3,6]] | B46: 21 | C46: 3 | D46: 6 | E46: 0 | F46: 0.083966417 | G46: 1 | H46: 1 | I46: Magma V2.28-26 Tue Dec 30 2025 12:10:37 on Marks-MacBook-Air-2 [Seed = \n3179746646]\nType ? for help. Type <Ctrl>-D to quit.\n[1 0 0 0 0 0 0 0 0 0 0 0 0 0 0 0 0 1 1 0 0 0 0 0 1 0 1 0 0 0 1 0 0 0 0 0 0 1 1 1\n 0 0]\n[0 1 0 0 0 0 0 0 0 0 0 0 0 0 0 0 0 1 1 1 0 0 1 1 0 0 1 1 1 0 1 0 0 0 1 1 1 1 1 1\n 1 0]\n[0 0 1 0 0 0 0 0 0 0 0 0 0 0 0 0 0 1 0 1 0 0 0 0 1 0 1 0 1 1 1 1 0 0 1 1 1 0 1 0\n 0 0]\n[0 0 0 1 0 0 0 0 0 0 0 0 0 0 0 0 0 0 0 0 0 1 1 0 0 0 0 0 1 1 1 0 1 0 0 0 0 1 0 0\n 1 0]\n[0 0 0 0 1 0 0 0 0 0 0 0 0 0 0 0 0 1 0 0 0 0 0 0 0 1 1 0 1 1 0 1 0 1 1 1 1 1 1 0\n 0 0]\n[0 0 0 0 0 1 0 0 0 0 0 0 0 0 0 0 0 1 1 0 0 1 1 1 0 1 0 1 1 1 0 0 1 0 0 0 0 0 1 1\n 0 0]\n[0 0 0 0 0 0 1 0 0 0 0 0 0 0 0 0 0 1 1 1 0 1 0 0 1 1 0 0 0 1 0 0 0 1 1 1 1 1 0 1\n 1 0]\n[0 0 0 0 0 0 0 1 0 0 0 0 0 0 0 0 0 1 0 1 0 1 1 1 0 1 0 1 0 0 0 1 0 0 0 1 1 0 1 1\n 0 0]\n[0 0 0 0 0 0 0 0 1 0 0 0 0 0 0 0 0 0 0 0 0 0 0 1 1 1 1 1 0 0 0 0 1 0 0 1 0 1 0 0\n 0 0]\n[0 0 0 0 0 0 0 0 0 1 0 0 0 0 0 0 0 1 0 0 0 1 1 1 1 0 0 1 0 0 1 0 0 1 1 1 0 1 1 0\n 0 0]\n[0 0 0 0 0 0 0 0 0 0 1 0 0 0 0 0 0 0 1 0 0 0 1 0 0 1 0 1 1 0 0 0 0 0 0 1 1 0 0 1\n 1 0]\n[0 0 0 0 0 0 0 0 0 0 0 1 0 0 0 0 0 1 0 1 0 1 1 0 0 1 0 0 0 1 1 1 0 0 1 1 0 0 0 0\n 1 0]\n[0 0 0 0 0 0 0 0 0 0 0 0 1 0 0 0 0 1 0 0 0 0 1 0 0 0 0 1 0 0 0 1 1 0 1 1 1 1 0 1\n 1 0]\n[0 0 0 0 0 0 0 0 0 0 0 0 0 1 0 0 0 0 1 0 0 0 0 1 0 0 0 0 1 0 0 1 1 1 0 1 1 1 1 0\n 1 0]\n[0 0 0 0 0 0 0 0 0 0 0 0 0 0 1 0 0 0 0 1 0 0 0 0 1 0 0 0 0 1 0 1 1 1 1 0 1 1 1 1\n 0 0]\n[0 0 0 0 0 0 0 0 0 0 0 0 0 0 0 1 0 0 1 0 0 0 1 0 0 0 0 1 1 0 1 0 1 1 1 0 1 1 1 0\n 0 0]\n[0 0 0 0 0 0 0 0 0 0 0 0 0 0 0 0 1 1 0 1 0 0 1 0 0 1 1 0 0 1 1 0 0 1 0 0 1 0 1 1\n 0 0]\n[0 0 0 0 0 0 0 0 0 0 0 0 0 0 0 0 0 0 0 0 1 0 0 0 0 0 0 0 0 0 0 0 0 0 0 0 0 0 0 0\n 0 0]\n[[21, 3]] quantum code over GF(2^2), stabilised by:\n[1 0 0 0 0 0 0 0 0 $.1^2 0 1 0 $.1^2 $.1 $.1^2 1 $.1 1 0 0]\n[$.1 0 0 0 0 0 0 0 $.1 1 0 $.1 0 $.1^2 1 $.1^2 0 1 $.1 $.1^2 0]\n[0 1 0 0 0 0 0 0 $.1 $.1^2 $.1 $.1^2 1 0 1 $.1^2 $.1^2 $.1^2 0 $.1 0]\n[0 $.1 0 0 0 0 0 0 0 1 $.1^2 1 $.1 $.1^2 1 $.1 $.1 $.1 0 $.1 0]\n[0 0 1 0 0 0 0 0 $.1 1 0 1 $.1^2 1 $.1 0 $.1^2 1 1 $.1^2 0]\n[0 0 $.1 0 0 0 0 0 0 $.1 0 $.1 1 1 0 $.1^2 $.1 1 $.1 0 0]\n[0 0 0 1 0 0 0 0 0 0 1 1 1 0 $.1 0 0 0 1 1 0]\n[0 0 0 $.1 0 0 0 0 $.1 0 $.1 $.1 $.1 $.1 1 $.1 $.1 $.1 $.1 1 0]\n[0 0 0 0 1 0 0 0 0 1 $.1^2 1 1 1 1 $.1^2 1 1 1 1 0]\n[0 0 0 0 $.1 0 0 0 0 $.1 1 $.1 $.1 $.1 $.1 1 $.1 $.1 $.1 $.1 0]\n[0 0 0 0 0 1 0 0 0 $.1^2 1 $.1 1 $.1 $.1^2 $.1 $.1 $.1^2 0 1 0]\n[0 0 0 0 0 $.1 0 0 $.1 1 $.1 $.1^2 $.1 1 $.1^2 1 1 $.1^2 0 1 0]\n[0 0 0 0 0 0 1 0 $.1 $.1^2 $.1^2 $.1 $.1 1 0 $.1 $.1 0 1 $.1^2 0]\n[0 0 0 0 0 0 $.1 0 0 1 1 $.1^2 $.1^2 1 $.1^2 0 0 $.1^2 $.1 0 0]\n[0 0 0 0 0 0 0 1 $.1 1 1 0 $.1 $.1 $.1^2 1 $.1 0 $.1 $.1 0]\n[0 0 0 0 0 0 0 $.1 0 $.1 $.1 0 $.1^2 0 $.1 1 0 $.1^2 $.1^2 $.1 0]\n[0 0 0 0 0 0 0 0 1 0 0 0 0 1 1 1 1 1 0 $.1 0]\n[0 0 0 0 0 0 0 0 0 0 0 0 0 0 0 0 0 0 0 0 1]\nQuantum GF(2)-Additive code over GF(4) of length 21 with 24 generators.\nLower Bound: 1, Upper Bound: 10\nConstructed 2 distinct generator matrices\nTotal Ranks: 13 13 \nRelative Ranks: 13 8 \n(4 4 4 4 4 4 4 4 4 4 4 2 2 )\n(4 4 4 4 4 4 4 4 4 4 4 2 2 )\nTime Taken: 0.00\nStarting search for low weight codewords... (reset timings)\nEnumerating using 1 generator at a time:\n New codeword identified of weight 8, time 0.00\n New codeword identified of weight 7, time 0.00\n Impurity detected of weight 1, time 0.00\n Completed Matrix 1: lower = 2, upper = 7. Elapsed: 0.00s\n New codeword identified of weight 6, time 0.00\n Discarding non-contributing rank 8 matrix\n New Total Ranks: 13 \n New Relative Ranks: 13 \n Completed Matrix 2: lower = 2, upper = 6. Elapsed: 0.00s\nTermination predicted with 5 generators at matrix 1\nEnumerating using 2 generators at a time:\n Completed Matrix 1: lower = 3, upper = 6. Elapsed: 0.00s\nTermination predicted with 5 generators at matrix 1\nEnumerating using 3 generators at a time:\n Completed Matrix 1: lower = 4, upper = 6. Elapsed: 0.00s\nTermination predicted with 5 generators at matrix 1\nEnumerating using 4 generators at a time:\n Completed Matrix 1: lower = 5, upper = 6. Elapsed: 0.00s\nTermination predicted with 5 generators at matrix 1\nEnumerating using 5 generators at a time:\n Completed Matrix 1: lower = 6, upper = 6. Elapsed: 0.00s\nComputation complete \nFinal Results: lower = 6, upper = 6,\nTotal CPU time: 0.00, real time: 0.003\n6\n\nTotal time: 0.010 seconds, Total memory usage: 32.09MB\n
A47: [[22,7,5]] | B47: 22 | C47: 7 | D47: 5 | E47: 0 | F47: 0.058356875 | G47: 1 | H47: 1 | I47: Magma V2.28-26 Tue Dec 30 2025 12:10:37 on Marks-MacBook-Air-2 [Seed = \n2778664270]\nType ? for help. Type <Ctrl>-D to quit.\n[1 0 0 0 0 0 0 0 0 0 0 1 0 1 0 1 0 1 1 0 0 0 0 0 0 0 1 0 0 1 1 1 0 0 1 0 0 1 0 0\n 1 0 1 0]\n[0 1 0 0 0 0 0 0 0 0 0 0 1 0 1 0 1 0 1 1 0 0 0 0 0 1 1 0 0 1 1 1 0 1 1 1 1 0 1 1\n 1 0 0 0]\n[0 0 1 0 0 0 0 0 0 0 0 0 0 1 0 1 0 1 0 1 1 0 0 0 0 0 1 1 0 0 1 1 1 0 1 1 1 1 0 1\n 1 1 0 0]\n[0 0 0 1 0 0 0 0 0 0 0 1 0 1 1 1 1 1 0 0 1 0 0 0 0 0 1 1 1 1 1 0 1 1 1 1 1 0 1 0\n 0 1 0 0]\n[0 0 0 0 1 0 0 0 0 0 0 1 1 1 1 0 1 0 0 0 0 0 0 0 0 0 1 1 1 0 0 0 0 1 0 1 1 0 0 1\n 1 0 0 0]\n[0 0 0 0 0 1 0 0 0 0 0 0 1 1 1 1 0 1 0 0 0 0 0 0 0 0 0 1 1 1 0 0 0 0 1 0 1 1 0 0\n 1 1 0 0]\n[0 0 0 0 0 0 1 0 0 0 0 0 0 1 1 1 1 0 1 0 0 0 0 0 0 0 0 0 1 1 1 0 0 0 0 1 0 1 1 0\n 0 1 1 0]\n[0 0 0 0 0 0 0 1 0 0 0 0 0 0 1 1 1 1 0 1 0 0 0 0 0 1 1 1 0 0 1 1 1 1 1 0 0 0 1 0\n 1 1 1 0]\n[0 0 0 0 0 0 0 0 1 0 0 0 0 0 0 1 1 1 1 0 1 0 0 0 0 1 0 0 1 1 0 1 0 0 0 1 1 0 0 0\n 1 0 1 0]\n[0 0 0 0 0 0 0 0 0 1 0 1 0 1 0 1 1 0 0 1 0 0 0 0 0 1 1 1 0 1 0 1 0 1 0 0 0 0 0 1\n 0 0 1 0]\n[0 0 0 0 0 0 0 0 0 0 1 0 1 0 1 0 1 1 0 0 1 0 0 0 0 1 0 0 1 1 1 0 0 1 0 0 1 0 0 1\n 0 1 0 0]\n[0 0 0 0 0 0 0 0 0 0 0 0 0 0 0 0 0 0 0 0 0 1 0 0 0 0 0 0 0 0 0 0 0 0 0 0 0 0 0 0\n 0 0 0 0]\n[0 0 0 0 0 0 0 0 0 0 0 0 0 0 0 0 0 0 0 0 0 0 1 0 0 1 1 1 0 1 0 0 1 1 1 0 1 0 0 1\n 1 1 0 0]\n[0 0 0 0 0 0 0 0 0 0 0 0 0 0 0 0 0 0 0 0 0 0 0 1 0 0 1 1 1 0 1 0 0 1 1 1 0 1 0 0\n 1 1 1 0]\n[0 0 0 0 0 0 0 0 0 0 0 0 0 0 0 0 0 0 0 0 0 0 0 0 1 1 1 0 1 0 0 1 1 1 0 1 0 0 1 1\n 1 0 1 0]\n[[22, 7]] quantum code over GF(2^2), stabilised by:\n[1 0 0 0 0 $.1 $.1 $.1 0 1 1 0 $.1^2 0 $.1^2 $.1 0 0 $.1^2 $.1^2 1 0]\n[$.1 0 0 0 0 0 0 0 0 $.1^2 $.1 1 $.1 1 $.1 1 1 0 $.1 $.1^2 $.1 0]\n[0 1 0 0 0 $.1 0 0 $.1 1 0 1 $.1^2 $.1^2 $.1^2 1 $.1 0 $.1^2 0 $.1 0]\n[0 $.1 0 0 0 0 0 0 0 $.1^2 1 $.1^2 $.1^2 $.1^2 $.1^2 $.1^2 0 1 $.1 1 1 0]\n[0 0 1 0 0 0 $.1 0 0 1 $.1^2 1 $.1^2 $.1 1 $.1 0 $.1 $.1 0 $.1 0]\n[0 0 $.1 0 0 $.1 $.1 $.1 0 1 $.1 1 0 $.1^2 0 1 $.1^2 0 $.1 1 0 0]\n[0 0 0 1 0 0 0 $.1 0 $.1^2 $.1^2 $.1 $.1^2 $.1 0 0 $.1^2 0 0 1 $.1 0]\n[0 0 0 $.1 0 0 $.1 $.1 $.1 0 1 $.1 1 0 $.1^2 0 1 $.1^2 0 $.1 1 0]\n[0 0 0 0 1 0 0 0 $.1 $.1^2 1 $.1 0 $.1 0 1 1 $.1^2 $.1 $.1^2 $.1^2 0]\n[0 0 0 0 $.1 $.1 $.1 0 $.1 $.1^2 1 1 1 1 $.1^2 1 0 1 0 $.1^2 $.1^2 0]\n[0 0 0 0 0 $.1^2 $.1 $.1 0 0 0 0 $.1^2 1 $.1^2 $.1^2 0 1 $.1 $.1 0 0]\n[0 0 0 0 0 0 $.1^2 $.1 $.1 0 0 0 0 $.1^2 1 $.1^2 $.1^2 0 1 $.1 $.1 0]\n[0 0 0 0 0 0 0 $.1^2 $.1 1 $.1 1 $.1 1 1 0 $.1 $.1^2 $.1 $.1 0 0]\n[0 0 0 0 0 0 0 0 $.1^2 $.1 1 $.1 1 $.1 1 1 0 $.1 $.1^2 $.1 $.1 0]\n[0 0 0 0 0 0 0 0 0 0 0 0 0 0 0 0 0 0 0 0 0 1]\nQuantum GF(2)-Additive code over GF(4) of length 22 with 29 generators.\nLower Bound: 1, Upper Bound: 9\nConstructed 2 distinct generator matrices\nTotal Ranks: 15 15 \nRelative Ranks: 15 7 \n(4 4 4 4 4 4 4 4 4 4 4 4 4 4 2 )\n(4 4 4 4 4 4 4 4 4 4 4 4 4 4 2 )\n Discarding non-contributing rank 7 matrix\n New Total Ranks: 15 \n New Relative Ranks: 15 \nTime Taken: 0.00\nStarting search for low weight codewords... (reset timings)\nEnumerating using 1 generator at a time:\n New codeword identified of weight 5, time 0.00\n Impurity detected of weight 1, time 0.00\n Completed Matrix 1: lower = 2, upper = 5. Elapsed: 0.00s\nTermination predicted with 4 generators at matrix 1\nEnumerating using 2 generators at a time:\n Completed Matrix 1: lower = 3, upper = 5. Elapsed: 0.00s\nTermination predicted with 4 generators at matrix 1\nEnumerating using 3 generators at a time:\n Completed Matrix 1: lower = 4, upper = 5. Elapsed: 0.00s\nTermination predicted with 4 generators at matrix 1\nEnumerating using 4 generators at a time:\n Completed Matrix 1: lower = 5, upper = 5. Elapsed: 0.00s\nComputation complete \nFinal Results: lower = 5, upper = 5,\nTotal CPU time: 0.00, real time: 0.003\n5\n\nTotal time: 0.010 seconds, Total memory usage: 32.09MB\n
A48: [[23,2,7]] | B48: 23 | C48: 2 | D48: 7 | E48: 0 | F48: 0.055515542000648566 | G48: 1 | H48: 1 | I48: Magma V2.28-26 Tue Dec 30 2025 12:10:37 on Marks-MacBook-Air-2 [Seed = \n2945779524]\nType ? for help. Type <Ctrl>-D to quit.\n[1 0 0 0 0 0 0 0 0 0 0 0 0 0 0 0 0 0 0 1 0 1 1 0 0 0 0 0 0 1 0 1 0 1 1 0 0 1 0 0\n 1 1 0 0 1 0]\n[0 1 0 0 0 0 0 0 0 0 0 0 0 0 0 0 0 0 1 0 0 1 1 0 0 0 0 0 1 0 0 0 0 1 1 1 1 0 1 1\n 1 1 1 1 0 1]\n[0 0 1 0 0 0 0 0 0 0 0 0 0 0 0 0 0 0 1 1 1 1 1 0 0 0 1 1 0 1 1 0 0 0 0 1 0 1 1 1\n 1 1 1 0 0 1]\n[0 0 0 1 0 0 0 0 0 0 0 0 0 0 0 0 0 0 1 1 0 0 1 0 0 0 1 0 1 0 0 1 0 0 1 0 0 0 0 1\n 1 1 1 0 1 1]\n[0 0 0 0 1 0 0 0 0 0 0 0 0 0 0 0 0 0 1 1 0 1 0 0 0 0 1 0 0 1 1 0 1 0 1 1 1 0 1 0\n 1 1 1 0 1 0]\n[0 0 0 0 0 1 0 0 0 0 0 0 0 0 0 0 0 0 0 1 1 0 1 0 0 0 0 1 0 0 1 1 0 1 0 1 1 1 0 1\n 0 1 1 1 0 1]\n[0 0 0 0 0 0 1 0 0 0 0 0 0 0 0 0 0 0 1 0 0 0 0 0 0 0 1 1 1 0 1 1 1 0 0 0 0 1 0 0\n 1 0 1 0 0 1]\n[0 0 0 0 0 0 0 1 0 0 0 0 0 0 0 0 0 0 0 1 0 0 0 0 0 0 1 0 0 1 0 1 0 0 1 0 0 0 0 1\n 1 1 0 1 1 1]\n[0 0 0 0 0 0 0 0 1 0 0 0 0 0 0 0 0 0 0 0 1 0 0 0 0 0 1 0 1 0 1 0 0 1 1 1 0 0 1 1\n 0 1 1 0 0 0]\n[0 0 0 0 0 0 0 0 0 1 0 0 0 0 0 0 0 0 0 0 0 1 0 0 0 0 0 1 0 1 0 1 0 0 1 1 1 0 0 1\n 1 0 1 1 0 0]\n[0 0 0 0 0 0 0 0 0 0 1 0 0 0 0 0 0 0 0 0 0 0 1 0 0 0 0 0 1 0 1 0 1 0 0 1 1 1 0 0\n 1 1 0 1 1 0]\n[0 0 0 0 0 0 0 0 0 0 0 1 0 0 0 0 0 0 1 0 1 1 0 0 0 0 0 0 1 1 1 1 1 0 0 0 0 1 1 1\n 1 1 1 1 1 1]\n[0 0 0 0 0 0 0 0 0 0 0 0 1 0 0 0 0 0 0 1 0 1 1 0 0 0 1 1 1 1 1 1 0 0 1 0 0 0 0 0\n 0 1 1 1 0 0]\n[0 0 0 0 0 0 0 0 0 0 0 0 0 1 0 0 0 0 1 0 0 1 1 0 0 0 0 1 0 1 0 1 0 1 0 1 1 0 0 1\n 1 0 1 0 1 0]\n[0 0 0 0 0 0 0 0 0 0 0 0 0 0 1 0 0 0 1 1 1 1 1 0 0 0 0 0 0 0 0 0 0 1 1 0 0 1 0 1\n 0 1 0 0 0 1]\n[0 0 0 0 0 0 0 0 0 0 0 0 0 0 0 1 0 0 1 1 0 0 1 0 0 0 1 1 0 0 1 0 0 0 0 1 1 0 0 0\n 1 0 1 1 1 1]\n[0 0 0 0 0 0 0 0 0 0 0 0 0 0 0 0 1 0 1 1 0 1 0 0 0 0 1 0 1 0 1 1 0 0 1 0 0 1 1 0\n 0 1 0 0 0 0]\n[0 0 0 0 0 0 0 0 0 0 0 0 0 0 0 0 0 1 0 1 1 0 1 0 0 0 0 1 0 1 0 1 1 0 0 1 0 0 1 1\n 0 0 1 0 0 0]\n[0 0 0 0 0 0 0 0 0 0 0 0 0 0 0 0 0 0 0 0 0 0 0 1 0 0 1 0 0 1 0 0 1 0 0 1 0 0 1 0\n 0 1 0 0 1 0]\n[0 0 0 0 0 0 0 0 0 0 0 0 0 0 0 0 0 0 0 0 0 0 0 0 1 0 0 1 0 0 1 0 0 1 0 0 1 0 0 1\n 0 0 1 0 0 1]\n[0 0 0 0 0 0 0 0 0 0 0 0 0 0 0 0 0 0 0 0 0 0 0 0 0 1 1 1 0 0 0 1 1 1 0 0 0 1 1 1\n 0 0 0 1 1 1]\n[[23, 2]] quantum code over GF(2^2), stabilised by:\n[1 0 0 0 0 0 0 0 0 0 1 1 $.1 $.1 1 $.1 0 $.1 0 $.1 0 $.1^2 1]\n[$.1 0 0 0 0 0 0 0 0 0 0 $.1^2 $.1 0 0 $.1 $.1^2 $.1 $.1 $.1^2 $.1^2 0 $.1]\n[0 1 0 0 0 0 0 0 0 0 1 $.1^2 $.1^2 $.1 $.1^2 1 $.1 0 $.1 1 $.1 $.1 1]\n[0 $.1 0 0 0 0 0 0 0 0 1 0 $.1^2 $.1 1 $.1^2 $.1 1 $.1 0 $.1 0 $.1^2]\n[0 0 1 0 0 0 0 0 0 0 1 $.1^2 1 $.1^2 $.1^2 $.1^2 1 $.1 0 $.1^2 1 0 0]\n[0 0 $.1 0 0 0 0 0 0 0 0 $.1^2 $.1 $.1^2 $.1 $.1 $.1^2 0 1 1 1 $.1^2 1]\n[0 0 0 1 0 0 0 0 0 0 0 1 $.1^2 1 $.1^2 $.1^2 $.1^2 1 $.1 0 $.1^2 1 0]\n[0 0 0 $.1 0 0 0 0 0 0 1 $.1 1 $.1 $.1 $.1 $.1 $.1^2 0 0 1 $.1^2 1]\n[0 0 0 0 1 0 0 0 0 0 0 0 1 $.1^2 1 $.1^2 $.1^2 $.1^2 1 $.1 0 $.1^2 1]\n[0 0 0 0 $.1 0 0 0 0 0 1 $.1^2 0 1 $.1^2 $.1 $.1 $.1 $.1^2 1 0 $.1^2 1]\n[0 0 0 0 0 1 0 0 0 0 1 $.1 $.1 1 $.1 1 $.1^2 $.1^2 $.1^2 0 $.1 $.1 1]\n[0 0 0 0 0 $.1 0 0 0 0 1 $.1^2 1 0 0 $.1^2 $.1 $.1 $.1 $.1 1 $.1 1]\n[0 0 0 0 0 0 1 0 0 0 1 $.1^2 0 $.1 0 $.1 1 $.1^2 $.1^2 $.1 0 0 0]\n[0 0 0 0 0 0 $.1 0 0 0 1 $.1^2 1 1 1 0 $.1^2 $.1 $.1 $.1^2 $.1 $.1^2 0]\n[0 0 0 0 0 0 0 1 0 0 0 1 $.1^2 0 $.1 0 $.1 1 $.1^2 $.1^2 $.1 0 0]\n[0 0 0 0 0 0 0 $.1 0 0 0 1 $.1^2 1 1 1 0 $.1^2 $.1 $.1 $.1^2 $.1 $.1^2]\n[0 0 0 0 0 0 0 0 1 0 0 0 1 $.1^2 0 $.1 0 $.1 1 $.1^2 $.1^2 $.1 0]\n[0 0 0 0 0 0 0 0 $.1 0 0 $.1 $.1^2 $.1^2 1 $.1 1 $.1 $.1^2 1 $.1^2 $.1 $.1^2]\n[0 0 0 0 0 0 0 0 0 1 0 0 0 1 $.1^2 0 $.1 0 $.1 1 $.1^2 $.1^2 $.1]\n[0 0 0 0 0 0 0 0 0 $.1 0 $.1 0 $.1^2 $.1^2 $.1 $.1 $.1^2 $.1 0 0 $.1 $.1^2]\n[0 0 0 0 0 0 0 0 0 0 $.1 $.1 0 0 $.1^2 0 $.1 0 $.1^2 1 1 1 $.1^2]\nQuantum GF(2)-Additive code over GF(4) of length 23 with 25 generators.\nLower Bound: 1, Upper Bound: 12\nConstructed 2 distinct generator matrices\nTotal Ranks: 13 13 \nRelative Ranks: 13 10 \n(4 4 4 4 4 4 4 4 4 4 4 4 2 )\n(4 4 4 4 4 4 4 4 4 4 4 4 2 )\nTime Taken: 0.00\nStarting search for low weight codewords... (reset timings)\nEnumerating using 1 generator at a time:\n New codeword identified of weight 11, time 0.00\n New codeword identified of weight 9, time 0.00\n New codeword identified of weight 8, time 0.00\n New codeword identified of weight 7, time 0.00\n Completed Matrix 1: lower = 2, upper = 7. Elapsed: 0.00s\n Completed Matrix 2: lower = 2, upper = 7. Elapsed: 0.00s\nTermination predicted with 4 generators at matrix 2\nEnumerating using 2 generators at a time:\n Completed Matrix 1: lower = 3, upper = 7. Elapsed: 0.00s\n Completed Matrix 2: lower = 3, upper = 7. Elapsed: 0.00s\nTermination predicted with 4 generators at matrix 2\nEnumerating using 3 generators at a time:\n Completed Matrix 1: lower = 4, upper = 7. Elapsed: 0.00s\n Completed Matrix 2: lower = 5, upper = 7. Elapsed: 0.00s\nTermination predicted with 4 generators at matrix 2\nEnumerating using 4 generators at a time:\n Completed Matrix 1: lower = 6, upper = 7. Elapsed: 0.00s\n Completed Matrix 2: lower = 7, upper = 7. Elapsed: 0.00s\nComputation complete \nFinal Results: lower = 7, upper = 7,\nTotal CPU time: 0.00, real time: 0.003\n7\n\nTotal time: 0.010 seconds, Total memory usage: 32.09MB\n
A49: [[24,8,5]] | B49: 24 | C49: 8 | D49: 5 | E49: 0 | F49: 0.055191625 | G49: 1 | H49: 1 | I49: Magma V2.28-26 Tue Dec 30 2025 12:10:37 on Marks-MacBook-Air-2 [Seed = \n2844983618]\nType ? for help. Type <Ctrl>-D to quit.\n[1 0 0 0 0 0 0 0 0 0 0 0 0 0 0 0 0 0 0 1 1 0 0 1 0 0 0 0 0 1 0 0 0 0 1 1 0 1 0 1\n 1 1 0 1 1 1 0 0]\n[0 1 0 0 0 0 0 0 0 0 0 0 0 0 0 0 1 0 0 0 1 1 0 0 0 0 0 0 0 0 1 0 1 0 0 1 1 0 1 0\n 0 1 1 0 1 1 1 0]\n[0 0 1 0 0 0 0 0 0 0 0 0 0 0 0 0 0 1 0 0 0 1 1 0 0 0 0 0 0 0 0 1 0 1 0 0 1 1 0 1\n 0 0 1 1 0 1 1 1]\n[0 0 0 1 0 0 0 0 0 0 0 0 0 0 0 0 0 0 1 0 0 0 1 1 0 1 1 1 1 1 1 1 1 0 1 0 0 1 1 0\n 0 1 1 0 0 1 0 0]\n[0 0 0 0 1 0 0 0 0 0 0 0 0 0 0 0 1 0 0 1 0 0 0 1 0 1 0 0 0 0 0 0 0 1 0 1 0 0 1 1\n 1 1 0 0 1 1 0 1]\n[0 0 0 0 0 1 0 0 0 0 0 0 0 0 0 0 1 1 0 0 1 0 0 0 0 0 1 0 0 0 0 0 1 0 1 0 1 0 0 1\n 1 1 1 0 0 1 1 0]\n[0 0 0 0 0 0 1 0 0 0 0 0 0 0 0 0 0 1 1 0 0 1 0 0 0 0 0 1 0 0 0 0 1 1 0 1 0 1 0 0\n 0 1 1 1 0 0 1 1]\n[0 0 0 0 0 0 0 1 0 0 0 0 0 0 0 0 0 0 1 1 0 0 1 0 0 0 0 0 1 0 0 0 0 1 1 0 1 0 1 0\n 1 0 1 1 1 0 0 1]\n[0 0 0 0 0 0 0 0 1 0 0 0 0 0 0 1 1 0 1 0 1 1 1 1 0 0 0 0 1 0 1 1 1 0 0 0 1 1 0 1\n 0 0 0 1 0 1 0 1]\n[0 0 0 0 0 0 0 0 0 1 0 0 0 0 0 1 0 1 1 1 1 0 0 0 0 1 1 1 0 0 0 1 0 1 0 0 1 0 1 1\n 0 1 1 0 0 0 0 0]\n[0 0 0 0 0 0 0 0 0 0 1 0 0 0 0 1 1 0 0 1 0 0 1 1 0 1 0 0 1 1 0 0 0 0 1 0 1 0 0 0\n 1 1 0 1 1 0 1 0]\n[0 0 0 0 0 0 0 0 0 0 0 1 0 0 0 1 0 1 1 0 0 1 1 0 0 0 1 0 1 1 0 1 1 0 0 1 1 0 0 1\n 0 1 1 1 1 0 0 0]\n[0 0 0 0 0 0 0 0 0 0 0 0 1 0 0 1 1 0 0 1 1 1 0 0 0 1 1 0 0 0 1 0 0 1 0 0 0 0 0 1\n 1 1 0 1 0 1 1 0]\n[0 0 0 0 0 0 0 0 0 0 0 0 0 1 0 1 1 1 1 0 0 0 0 1 0 0 1 1 1 0 1 0 0 0 1 0 1 1 0 1\n 0 1 1 1 1 1 1 0]\n[0 0 0 0 0 0 0 0 0 0 0 0 0 0 1 1 0 1 0 1 1 1 1 1 0 0 0 1 0 1 1 0 0 0 0 1 1 0 1 1\n 0 0 1 0 1 0 1 0]\n[0 0 0 0 0 0 0 0 0 0 0 0 0 0 0 0 0 0 0 0 0 0 0 0 1 1 1 1 1 1 1 1 0 0 0 0 0 0 0 0\n 1 1 1 1 1 1 1 1]\n[[24, 8]] quantum code over GF(2^2), stabilised by:\n[1 0 0 0 0 0 0 0 $.1 1 0 1 $.1^2 1 $.1 $.1 0 $.1^2 $.1^2 1 $.1^2 $.1 1 0]\n[$.1 0 0 0 0 0 0 0 $.1^2 $.1 0 $.1 1 $.1 $.1^2 $.1^2 0 1 1 $.1 1 $.1^2 $.1 0]\n[0 1 0 0 0 0 0 0 $.1 $.1 1 0 1 $.1^2 1 $.1 0 0 $.1^2 $.1^2 1 $.1^2 $.1 1]\n[0 $.1 0 0 0 0 0 0 $.1^2 $.1^2 $.1 0 $.1 1 $.1 $.1^2 0 0 1 1 $.1 1 $.1^2 $.1]\n[0 0 1 0 0 0 0 0 $.1 $.1 $.1 1 0 1 $.1^2 1 1 0 0 $.1^2 $.1^2 1 $.1^2 $.1]\n[0 0 $.1 0 0 0 0 0 $.1^2 $.1^2 $.1^2 $.1 0 $.1 1 $.1 $.1 0 0 1 1 $.1 1 $.1^2]\n[0 0 0 1 0 0 0 0 1 $.1 $.1 $.1 1 0 1 $.1^2 $.1 1 0 0 $.1^2 $.1^2 1 $.1^2]\n[0 0 0 $.1 0 0 0 0 $.1 $.1^2 $.1^2 $.1^2 $.1 0 $.1 1 $.1^2 $.1 0 0 1 1 $.1 1]\n[0 0 0 0 1 0 0 0 $.1^2 1 $.1 $.1 $.1 1 0 1 $.1^2 $.1 1 0 0 $.1^2 $.1^2 1]\n[0 0 0 0 $.1 0 0 0 1 $.1 $.1^2 $.1^2 $.1^2 $.1 0 $.1 1 $.1^2 $.1 0 0 1 1 $.1]\n[0 0 0 0 0 1 0 0 1 $.1^2 1 $.1 $.1 $.1 1 0 1 $.1^2 $.1 1 0 0 $.1^2 $.1^2]\n[0 0 0 0 0 $.1 0 0 $.1 1 $.1 $.1^2 $.1^2 $.1^2 $.1 0 $.1 1 $.1^2 $.1 0 0 1 1]\n[0 0 0 0 0 0 1 0 0 1 $.1^2 1 $.1 $.1 $.1 1 $.1^2 1 $.1^2 $.1 1 0 0 $.1^2]\n[0 0 0 0 0 0 $.1 0 0 $.1 1 $.1 $.1^2 $.1^2 $.1^2 $.1 1 $.1 1 $.1^2 $.1 0 0 1]\n[0 0 0 0 0 0 0 1 1 0 1 $.1^2 1 $.1 $.1 $.1 $.1^2 $.1^2 1 $.1^2 $.1 1 0 0]\n[0 0 0 0 0 0 0 $.1 $.1 0 $.1 1 $.1 $.1^2 $.1^2 $.1^2 1 1 $.1 1 $.1^2 $.1 0 0]\nQuantum GF(2)-Additive code over GF(4) of length 24 with 32 generators.\nLower Bound: 1, Upper Bound: 9\nConstructed 2 distinct generator matrices\nTotal Ranks: 16 16 \nRelative Ranks: 16 8 \n(4 4 4 4 4 4 4 4 4 4 4 4 4 4 4 4 )\n(4 4 4 4 4 4 4 4 4 4 4 4 4 4 4 4 )\n Discarding non-contributing rank 8 matrix\n New Total Ranks: 16 \n New Relative Ranks: 16 \nTime Taken: 0.00\nStarting search for low weight codewords... (reset timings)\nEnumerating using 1 generator at a time:\n New codeword identified of weight 7, time 0.00\n Completed Matrix 1: lower = 2, upper = 7. Elapsed: 0.00s\nTermination predicted with 6 generators at matrix 1\nEnumerating using 2 generators at a time:\n New codeword identified of weight 6, time 0.00\n New codeword identified of weight 5, time 0.00\n Completed Matrix 1: lower = 3, upper = 5. Elapsed: 0.00s\nTermination predicted with 4 generators at matrix 1\nEnumerating using 3 generators at a time:\n Completed Matrix 1: lower = 4, upper = 5. Elapsed: 0.00s\nTermination predicted with 4 generators at matrix 1\nEnumerating using 4 generators at a time:\n Completed Matrix 1: lower = 5, upper = 5. Elapsed: 0.00s\nComputation complete \nFinal Results: lower = 5, upper = 5,\nTotal CPU time: 0.00, real time: 0.004\n5\n\nTotal time: 0.010 seconds, Total memory usage: 32.09MB\n
A50: [[25,8,5]] | B50: 25 | C50: 8 | D50: 5 | E50: 0 | F50: 0.055713708003167994 | G50: 1 | H50: 1 | I50: Magma V2.28-26 Tue Dec 30 2025 12:10:37 on Marks-MacBook-Air-2 [Seed = \n1399454648]\nType ? for help. Type <Ctrl>-D to quit.\n[1 0 0 0 0 0 0 0 0 0 0 0 0 0 0 0 0 0 0 1 1 0 0 1 0 0 0 0 0 0 1 0 0 0 0 1 1 0 1 0\n 1 1 1 0 1 1 1 0 0 0]\n[0 1 0 0 0 0 0 0 0 0 0 0 0 0 0 0 1 0 0 0 1 1 0 0 0 0 0 0 0 0 0 1 0 1 0 0 1 1 0 1\n 0 0 1 1 0 1 1 1 0 0]\n[0 0 1 0 0 0 0 0 0 0 0 0 0 0 0 0 0 1 0 0 0 1 1 0 0 0 0 0 0 0 0 0 1 0 1 0 0 1 1 0\n 1 0 0 1 1 0 1 1 1 0]\n[0 0 0 1 0 0 0 0 0 0 0 0 0 0 0 0 0 0 1 0 0 0 1 1 0 0 1 1 1 1 1 1 1 1 0 1 0 0 1 1\n 0 0 1 1 0 0 1 0 0 0]\n[0 0 0 0 1 0 0 0 0 0 0 0 0 0 0 0 1 0 0 1 0 0 0 1 0 0 1 0 0 0 0 0 0 0 1 0 1 0 0 1\n 1 1 1 0 0 1 1 0 1 0]\n[0 0 0 0 0 1 0 0 0 0 0 0 0 0 0 0 1 1 0 0 1 0 0 0 0 0 0 1 0 0 0 0 0 1 0 1 0 1 0 0\n 1 1 1 1 0 0 1 1 0 0]\n[0 0 0 0 0 0 1 0 0 0 0 0 0 0 0 0 0 1 1 0 0 1 0 0 0 0 0 0 1 0 0 0 0 1 1 0 1 0 1 0\n 0 0 1 1 1 0 0 1 1 0]\n[0 0 0 0 0 0 0 1 0 0 0 0 0 0 0 0 0 0 1 1 0 0 1 0 0 0 0 0 0 1 0 0 0 0 1 1 0 1 0 1\n 0 1 0 1 1 1 0 0 1 0]\n[0 0 0 0 0 0 0 0 1 0 0 0 0 0 0 1 1 0 1 0 1 1 1 1 0 0 0 0 0 1 0 1 1 1 0 0 0 1 1 0\n 1 0 0 0 1 0 1 0 1 0]\n[0 0 0 0 0 0 0 0 0 1 0 0 0 0 0 1 0 1 1 1 1 0 0 0 0 0 1 1 1 0 0 0 1 0 1 0 0 1 0 1\n 1 0 1 1 0 0 0 0 0 0]\n[0 0 0 0 0 0 0 0 0 0 1 0 0 0 0 1 1 0 0 1 0 0 1 1 0 0 1 0 0 1 1 0 0 0 0 1 0 1 0 0\n 0 1 1 0 1 1 0 1 0 0]\n[0 0 0 0 0 0 0 0 0 0 0 1 0 0 0 1 0 1 1 0 0 1 1 0 0 0 0 1 0 1 1 0 1 1 0 0 1 1 0 0\n 1 0 1 1 1 1 0 0 0 0]\n[0 0 0 0 0 0 0 0 0 0 0 0 1 0 0 1 1 0 0 1 1 1 0 0 0 0 1 1 0 0 0 1 0 0 1 0 0 0 0 0\n 1 1 1 0 1 0 1 1 0 0]\n[0 0 0 0 0 0 0 0 0 0 0 0 0 1 0 1 1 1 1 0 0 0 0 1 0 0 0 1 1 1 0 1 0 0 0 1 0 1 1 0\n 1 0 1 1 1 1 1 1 0 0]\n[0 0 0 0 0 0 0 0 0 0 0 0 0 0 1 1 0 1 0 1 1 1 1 1 0 0 0 0 1 0 1 1 0 0 0 0 1 1 0 1\n 1 0 0 1 0 1 0 1 0 0]\n[0 0 0 0 0 0 0 0 0 0 0 0 0 0 0 0 0 0 0 0 0 0 0 0 1 0 0 0 0 0 0 0 0 0 0 0 0 0 0 0\n 0 0 0 0 0 0 0 0 0 0]\n[0 0 0 0 0 0 0 0 0 0 0 0 0 0 0 0 0 0 0 0 0 0 0 0 0 1 1 1 1 1 1 1 1 0 0 0 0 0 0 0\n 0 1 1 1 1 1 1 1 1 0]\n[[25, 8]] quantum code over GF(2^2), stabilised by:\n[1 0 0 0 0 0 0 0 $.1 1 0 1 $.1^2 1 $.1 $.1 0 $.1^2 $.1^2 1 $.1^2 $.1 1 0 0]\n[$.1 0 0 0 0 0 0 0 $.1^2 $.1 0 $.1 1 $.1 $.1^2 $.1^2 0 1 1 $.1 1 $.1^2 $.1 0 0]\n[0 1 0 0 0 0 0 0 $.1 $.1 1 0 1 $.1^2 1 $.1 0 0 $.1^2 $.1^2 1 $.1^2 $.1 1 0]\n[0 $.1 0 0 0 0 0 0 $.1^2 $.1^2 $.1 0 $.1 1 $.1 $.1^2 0 0 1 1 $.1 1 $.1^2 $.1 0]\n[0 0 1 0 0 0 0 0 $.1 $.1 $.1 1 0 1 $.1^2 1 1 0 0 $.1^2 $.1^2 1 $.1^2 $.1 0]\n[0 0 $.1 0 0 0 0 0 $.1^2 $.1^2 $.1^2 $.1 0 $.1 1 $.1 $.1 0 0 1 1 $.1 1 $.1^2 0]\n[0 0 0 1 0 0 0 0 1 $.1 $.1 $.1 1 0 1 $.1^2 $.1 1 0 0 $.1^2 $.1^2 1 $.1^2 0]\n[0 0 0 $.1 0 0 0 0 $.1 $.1^2 $.1^2 $.1^2 $.1 0 $.1 1 $.1^2 $.1 0 0 1 1 $.1 1 0]\n[0 0 0 0 1 0 0 0 $.1^2 1 $.1 $.1 $.1 1 0 1 $.1^2 $.1 1 0 0 $.1^2 $.1^2 1 0]\n[0 0 0 0 $.1 0 0 0 1 $.1 $.1^2 $.1^2 $.1^2 $.1 0 $.1 1 $.1^2 $.1 0 0 1 1 $.1 0]\n[0 0 0 0 0 1 0 0 1 $.1^2 1 $.1 $.1 $.1 1 0 1 $.1^2 $.1 1 0 0 $.1^2 $.1^2 0]\n[0 0 0 0 0 $.1 0 0 $.1 1 $.1 $.1^2 $.1^2 $.1^2 $.1 0 $.1 1 $.1^2 $.1 0 0 1 1 0]\n[0 0 0 0 0 0 1 0 0 1 $.1^2 1 $.1 $.1 $.1 1 $.1^2 1 $.1^2 $.1 1 0 0 $.1^2 0]\n[0 0 0 0 0 0 $.1 0 0 $.1 1 $.1 $.1^2 $.1^2 $.1^2 $.1 1 $.1 1 $.1^2 $.1 0 0 1 0]\n[0 0 0 0 0 0 0 1 1 0 1 $.1^2 1 $.1 $.1 $.1 $.1^2 $.1^2 1 $.1^2 $.1 1 0 0 0]\n[0 0 0 0 0 0 0 $.1 $.1 0 $.1 1 $.1 $.1^2 $.1^2 $.1^2 1 1 $.1 1 $.1^2 $.1 0 0 0]\n[0 0 0 0 0 0 0 0 0 0 0 0 0 0 0 0 0 0 0 0 0 0 0 0 1]\nQuantum GF(2)-Additive code over GF(4) of length 25 with 33 generators.\nLower Bound: 1, Upper Bound: 10\nConstructed 2 distinct generator matrices\nTotal Ranks: 17 17 \nRelative Ranks: 17 8 \n(4 4 4 4 4 4 4 4 4 4 4 4 4 4 4 4 2 )\n(4 4 4 4 4 4 4 4 4 4 4 4 4 4 4 4 2 )\n Discarding non-contributing rank 8 matrix\n New Total Ranks: 17 \n New Relative Ranks: 17 \nTime Taken: 0.00\nStarting search for low weight codewords... (reset timings)\nEnumerating using 1 generator at a time:\n New codeword identified of weight 7, time 0.00\n Impurity detected of weight 1, time 0.00\n Completed Matrix 1: lower = 2, upper = 7. Elapsed: 0.00s\nTermination predicted with 6 generators at matrix 1\nEnumerating using 2 generators at a time:\n New codeword identified of weight 6, time 0.00\n New codeword identified of weight 5, time 0.00\n Completed Matrix 1: lower = 3, upper = 5. Elapsed: 0.00s\nTermination predicted with 4 generators at matrix 1\nEnumerating using 3 generators at a time:\n Completed Matrix 1: lower = 4, upper = 5. Elapsed: 0.00s\nTermination predicted with 4 generators at matrix 1\nEnumerating using 4 generators at a time:\n Completed Matrix 1: lower = 5, upper = 5. Elapsed: 0.00s\nComputation complete \nFinal Results: lower = 5, upper = 5,\nTotal CPU time: 0.00, real time: 0.004\n5\n\nTotal time: 0.010 seconds, Total memory usage: 32.09MB\n
A51: [[26,6,6]] | B51: 26 | C51: 6 | D51: 6 | E51: 0 | F51: 0.06090825 | G51: 1 | H51: 1 | I51: Magma V2.28-26 Tue Dec 30 2025 12:10:37 on Marks-MacBook-Air-2 [Seed = \n1567094198]\nType ? for help. Type <Ctrl>-D to quit.\n[1 0 0 0 0 0 0 0 0 0 0 0 0 0 0 0 0 0 1 1 1 0 0 0 0 0 0 1 1 1 0 0 0 0 0 0 1 0 0 0\n 1 0 0 1 0 1 1 1 0 1 0 0]\n[0 1 0 0 0 0 0 0 0 0 0 0 0 0 0 0 0 0 1 1 0 1 1 1 0 0 1 1 1 0 0 1 1 0 0 0 1 1 1 1\n 1 1 1 1 0 1 0 1 0 1 0 0]\n[0 0 1 0 0 0 0 0 0 0 0 0 0 0 0 0 0 0 0 0 1 0 0 0 0 0 1 1 1 1 1 0 1 0 1 1 0 0 0 1\n 1 0 1 0 1 1 1 1 1 0 0 0]\n[0 0 0 1 0 0 0 0 0 0 0 0 0 0 0 0 0 0 0 0 0 1 0 0 0 0 0 1 1 1 1 1 0 1 0 1 1 0 0 0\n 1 1 0 1 0 1 1 1 1 1 0 0]\n[0 0 0 0 1 0 0 0 0 0 0 0 0 0 0 0 0 0 1 0 1 0 0 1 0 0 1 1 1 0 0 0 0 0 1 0 0 1 1 1\n 1 1 0 1 0 1 0 1 0 0 0 0]\n[0 0 0 0 0 1 0 0 0 0 0 0 0 0 0 0 0 0 1 0 1 1 0 0 0 0 0 0 1 0 0 1 1 1 1 0 1 1 1 0\n 0 0 0 0 0 0 0 1 0 1 0 0]\n[0 0 0 0 0 0 1 0 0 0 0 0 0 0 0 0 0 0 1 1 1 1 0 1 0 0 1 1 0 0 1 1 0 1 1 1 1 1 0 0\n 1 0 1 1 1 1 1 0 0 1 0 0]\n[0 0 0 0 0 0 0 1 0 0 0 0 0 0 0 0 0 0 0 0 1 1 0 1 0 0 1 1 1 0 1 1 1 1 0 0 1 0 0 0\n 0 0 0 0 1 0 1 0 0 0 0 0]\n[0 0 0 0 0 0 0 0 1 0 0 0 0 0 0 0 0 0 1 1 1 1 1 0 0 0 0 0 1 0 0 0 0 0 0 1 1 0 0 1\n 1 1 1 0 1 1 1 0 1 1 0 0]\n[0 0 0 0 0 0 0 0 0 1 0 0 0 0 0 0 0 0 1 1 0 1 0 0 0 0 1 1 0 0 1 1 1 0 0 0 0 1 1 1\n 0 1 0 0 1 0 0 1 1 0 0 0]\n[0 0 0 0 0 0 0 0 0 0 1 0 0 0 0 0 0 0 0 1 1 0 1 0 0 0 0 1 1 0 0 1 1 1 0 0 0 0 1 1\n 1 0 1 0 0 1 0 0 1 1 0 0]\n[0 0 0 0 0 0 0 0 0 0 0 1 0 0 0 0 0 0 1 0 0 1 1 0 0 0 1 1 1 0 1 1 0 1 1 0 1 0 1 0\n 0 1 1 0 1 1 0 0 1 0 0 0]\n[0 0 0 0 0 0 0 0 0 0 0 0 1 0 0 0 0 0 0 1 0 0 1 1 0 0 0 1 1 1 0 1 1 0 1 1 0 1 0 1\n 0 0 1 1 0 1 1 0 0 1 0 0]\n[0 0 0 0 0 0 0 0 0 0 0 0 0 1 0 0 0 0 0 1 1 0 1 0 0 0 1 0 1 1 0 0 1 0 1 0 1 1 0 0\n 1 1 0 0 1 1 1 0 0 0 0 0]\n[0 0 0 0 0 0 0 0 0 0 0 0 0 0 1 0 0 0 0 0 1 1 0 1 0 0 0 1 0 1 1 0 0 1 0 1 0 1 1 0\n 0 1 1 0 0 1 1 1 0 0 0 0]\n[0 0 0 0 0 0 0 0 0 0 0 0 0 0 0 1 0 0 1 1 1 1 1 0 0 0 0 1 1 1 1 0 1 1 0 1 0 1 1 0\n 1 1 0 1 1 0 0 0 0 1 0 0]\n[0 0 0 0 0 0 0 0 0 0 0 0 0 0 0 0 1 0 1 1 0 1 0 0 0 0 1 1 1 0 0 0 1 1 1 0 0 0 0 0\n 1 1 0 1 0 0 1 0 1 1 0 0]\n[0 0 0 0 0 0 0 0 0 0 0 0 0 0 0 0 0 1 1 1 0 0 0 1 0 0 1 0 1 0 1 1 1 1 1 1 1 0 1 1\n 1 1 0 1 0 1 1 1 1 0 0 0]\n[0 0 0 0 0 0 0 0 0 0 0 0 0 0 0 0 0 0 0 0 0 0 0 0 1 0 0 0 0 0 0 0 0 0 0 0 0 0 0 0\n 0 0 0 0 0 0 0 0 0 0 0 0]\n[0 0 0 0 0 0 0 0 0 0 0 0 0 0 0 0 0 0 0 0 0 0 0 0 0 1 0 0 0 0 0 0 0 0 0 0 0 0 0 0\n 0 0 0 0 0 0 0 0 0 0 0 0]\n[[26, 6]] quantum code over GF(2^2), stabilised by:\n[1 0 0 0 0 0 0 0 0 1 1 0 $.1^2 0 $.1 0 0 $.1^2 $.1^2 1 $.1 $.1^2 $.1 $.1 0 0]\n[$.1 0 0 0 0 0 0 0 0 $.1 $.1 0 1 0 $.1^2 0 0 1 1 $.1 $.1^2 1 $.1^2 $.1^2 0 0]\n[0 1 0 0 0 0 0 0 0 $.1 0 $.1 $.1^2 1 $.1^2 1 $.1 $.1 0 0 $.1^2 1 0 $.1^2 0 0]\n[0 $.1 0 0 0 0 0 0 0 $.1^2 0 $.1^2 1 $.1 1 $.1 $.1^2 $.1^2 0 0 1 $.1 0 1 0 0]\n[0 0 1 0 0 0 0 0 0 $.1^2 0 1 $.1^2 0 0 $.1 $.1 1 $.1^2 1 $.1^2 $.1 0 $.1 0 0]\n[0 0 $.1 0 0 0 0 0 0 1 0 $.1 1 0 0 $.1^2 $.1^2 $.1 1 $.1 1 $.1^2 0 $.1^2 0 0]\n[0 0 0 1 0 0 0 0 0 $.1 $.1 $.1^2 $.1 1 $.1^2 $.1^2 0 0 $.1 0 $.1^2 0 1 1 0 0]\n[0 0 0 $.1 0 0 0 0 0 $.1^2 $.1^2 1 $.1^2 $.1 1 1 0 0 $.1^2 0 1 0 $.1 $.1 0 0]\n[0 0 0 0 1 0 0 0 0 1 1 0 1 $.1^2 $.1^2 1 $.1 1 $.1 0 1 1 $.1 $.1 0 0]\n[0 0 0 0 $.1 0 0 0 0 $.1 $.1 0 $.1 1 1 $.1 $.1^2 $.1 $.1^2 0 $.1 $.1 $.1^2 $.1^2\n 0 0]\n[0 0 0 0 0 1 0 0 0 $.1 0 $.1 $.1^2 $.1^2 0 0 $.1^2 0 $.1 1 $.1 $.1 $.1 $.1^2 0 \n 0]\n[0 0 0 0 0 $.1 0 0 0 $.1^2 0 $.1^2 1 1 0 0 1 0 $.1^2 $.1 $.1^2 $.1^2 $.1^2 1 0 \n 0]\n[0 0 0 0 0 0 1 0 0 $.1^2 0 1 $.1^2 0 $.1 1 $.1^2 0 1 $.1^2 $.1 $.1^2 $.1^2 0 0 \n 0]\n[0 0 0 0 0 0 $.1 0 0 1 0 $.1 1 0 $.1^2 $.1 1 0 $.1 1 $.1^2 1 1 0 0 0]\n[0 0 0 0 0 0 0 1 0 0 $.1^2 0 1 $.1^2 0 $.1 1 $.1^2 0 1 $.1^2 $.1 $.1^2 $.1^2 0 \n 0]\n[0 0 0 0 0 0 0 $.1 0 0 1 0 $.1 1 0 $.1^2 $.1 1 0 $.1 1 $.1^2 1 1 0 0]\n[0 0 0 0 0 0 0 0 1 $.1^2 $.1 $.1 1 $.1 $.1 1 1 $.1 $.1 1 $.1 $.1 $.1^2 1 0 0]\n[0 0 0 0 0 0 0 0 $.1 1 $.1^2 $.1^2 $.1 $.1^2 $.1^2 $.1 $.1 $.1^2 $.1^2 $.1 $.1^2\n $.1^2 1 $.1 0 0]\n[0 0 0 0 0 0 0 0 0 0 0 0 0 0 0 0 0 0 0 0 0 0 0 0 1 0]\n[0 0 0 0 0 0 0 0 0 0 0 0 0 0 0 0 0 0 0 0 0 0 0 0 0 1]\nQuantum GF(2)-Additive code over GF(4) of length 26 with 32 generators.\nLower Bound: 1, Upper Bound: 11\nConstructed 2 distinct generator matrices\nTotal Ranks: 17 17 \nRelative Ranks: 17 9 \n(4 4 4 4 4 4 4 4 4 4 4 4 4 4 4 2 2 )\n(4 4 4 4 4 4 4 4 4 4 4 4 4 4 4 2 2 )\nTime Taken: 0.00\nStarting search for low weight codewords... (reset timings)\nEnumerating using 1 generator at a time:\n New codeword identified of weight 9, time 0.00\n New codeword identified of weight 8, time 0.00\n New codeword identified of weight 7, time 0.00\n New codeword identified of weight 6, time 0.00\n Impurity detected of weight 1, time 0.00\n Discarding non-contributing rank 9 matrix\n New Total Ranks: 17 \n New Relative Ranks: 17 \n Completed Matrix 1: lower = 2, upper = 6. Elapsed: 0.00s\nTermination predicted with 5 generators at matrix 1\nEnumerating using 2 generators at a time:\n Completed Matrix 1: lower = 3, upper = 6. Elapsed: 0.00s\nTermination predicted with 5 generators at matrix 1\nEnumerating using 3 generators at a time:\n Completed Matrix 1: lower = 4, upper = 6. Elapsed: 0.00s\nTermination predicted with 5 generators at matrix 1\nEnumerating using 4 generators at a time:\n Completed Matrix 1: lower = 5, upper = 6. Elapsed: 0.00s\nTermination predicted with 5 generators at matrix 1\nEnumerating using 5 generators at a time:\n Completed Matrix 1: lower = 6, upper = 6. Elapsed: 0.00s\nComputation complete \nFinal Results: lower = 6, upper = 6,\nTotal CPU time: 0.00, real time: 0.009\n6\n\nTotal time: 0.019 seconds, Total memory usage: 32.09MB\n
A52: [[27,6,6]] | B52: 27 | C52: 6 | D52: 6 | E52: 0 | F52: 0.063612167 | G52: 1 | H52: 1 | I52: Magma V2.28-26 Tue Dec 30 2025 12:10:37 on Marks-MacBook-Air-2 [Seed = \n1199435692]\nType ? for help. Type <Ctrl>-D to quit.\n[1 0 0 0 0 0 0 0 0 0 0 0 0 0 0 0 0 0 1 1 1 0 0 0 0 0 0 0 1 1 1 0 0 0 0 0 0 1 0 0\n 0 1 0 0 1 0 1 1 1 0 1 0 0 0]\n[0 1 0 0 0 0 0 0 0 0 0 0 0 0 0 0 0 0 1 1 0 1 1 1 0 0 0 1 1 1 0 0 1 1 0 0 0 1 1 1\n 1 1 1 1 1 0 1 0 1 0 1 0 0 0]\n[0 0 1 0 0 0 0 0 0 0 0 0 0 0 0 0 0 0 0 0 1 0 0 0 0 0 0 1 1 1 1 1 0 1 0 1 1 0 0 0\n 1 1 0 1 0 1 1 1 1 1 0 0 0 0]\n[0 0 0 1 0 0 0 0 0 0 0 0 0 0 0 0 0 0 0 0 0 1 0 0 0 0 0 0 1 1 1 1 1 0 1 0 1 1 0 0\n 0 1 1 0 1 0 1 1 1 1 1 0 0 0]\n[0 0 0 0 1 0 0 0 0 0 0 0 0 0 0 0 0 0 1 0 1 0 0 1 0 0 0 1 1 1 0 0 0 0 0 1 0 0 1 1\n 1 1 1 0 1 0 1 0 1 0 0 0 0 0]\n[0 0 0 0 0 1 0 0 0 0 0 0 0 0 0 0 0 0 1 0 1 1 0 0 0 0 0 0 0 1 0 0 1 1 1 1 0 1 1 1\n 0 0 0 0 0 0 0 0 1 0 1 0 0 0]\n[0 0 0 0 0 0 1 0 0 0 0 0 0 0 0 0 0 0 1 1 1 1 0 1 0 0 0 1 1 0 0 1 1 0 1 1 1 1 1 0\n 0 1 0 1 1 1 1 1 0 0 1 0 0 0]\n[0 0 0 0 0 0 0 1 0 0 0 0 0 0 0 0 0 0 0 0 1 1 0 1 0 0 0 1 1 1 0 1 1 1 1 0 0 1 0 0\n 0 0 0 0 0 1 0 1 0 0 0 0 0 0]\n[0 0 0 0 0 0 0 0 1 0 0 0 0 0 0 0 0 0 1 1 1 1 1 0 0 0 0 0 0 1 0 0 0 0 0 0 1 1 0 0\n 1 1 1 1 0 1 1 1 0 1 1 0 0 0]\n[0 0 0 0 0 0 0 0 0 1 0 0 0 0 0 0 0 0 1 1 0 1 0 0 0 0 0 1 1 0 0 1 1 1 0 0 0 0 1 1\n 1 0 1 0 0 1 0 0 1 1 0 0 0 0]\n[0 0 0 0 0 0 0 0 0 0 1 0 0 0 0 0 0 0 0 1 1 0 1 0 0 0 0 0 1 1 0 0 1 1 1 0 0 0 0 1\n 1 1 0 1 0 0 1 0 0 1 1 0 0 0]\n[0 0 0 0 0 0 0 0 0 0 0 1 0 0 0 0 0 0 1 0 0 1 1 0 0 0 0 1 1 1 0 1 1 0 1 1 0 1 0 1\n 0 0 1 1 0 1 1 0 0 1 0 0 0 0]\n[0 0 0 0 0 0 0 0 0 0 0 0 1 0 0 0 0 0 0 1 0 0 1 1 0 0 0 0 1 1 1 0 1 1 0 1 1 0 1 0\n 1 0 0 1 1 0 1 1 0 0 1 0 0 0]\n[0 0 0 0 0 0 0 0 0 0 0 0 0 1 0 0 0 0 0 1 1 0 1 0 0 0 0 1 0 1 1 0 0 1 0 1 0 1 1 0\n 0 1 1 0 0 1 1 1 0 0 0 0 0 0]\n[0 0 0 0 0 0 0 0 0 0 0 0 0 0 1 0 0 0 0 0 1 1 0 1 0 0 0 0 1 0 1 1 0 0 1 0 1 0 1 1\n 0 0 1 1 0 0 1 1 1 0 0 0 0 0]\n[0 0 0 0 0 0 0 0 0 0 0 0 0 0 0 1 0 0 1 1 1 1 1 0 0 0 0 0 1 1 1 1 0 1 1 0 1 0 1 1\n 0 1 1 0 1 1 0 0 0 0 1 0 0 0]\n[0 0 0 0 0 0 0 0 0 0 0 0 0 0 0 0 1 0 1 1 0 1 0 0 0 0 0 1 1 1 0 0 0 1 1 1 0 0 0 0\n 0 1 1 0 1 0 0 1 0 1 1 0 0 0]\n[0 0 0 0 0 0 0 0 0 0 0 0 0 0 0 0 0 1 1 1 0 0 0 1 0 0 0 1 0 1 0 1 1 1 1 1 1 1 0 1\n 1 1 1 0 1 0 1 1 1 1 0 0 0 0]\n[0 0 0 0 0 0 0 0 0 0 0 0 0 0 0 0 0 0 0 0 0 0 0 0 1 0 0 0 0 0 0 0 0 0 0 0 0 0 0 0\n 0 0 0 0 0 0 0 0 0 0 0 0 0 0]\n[0 0 0 0 0 0 0 0 0 0 0 0 0 0 0 0 0 0 0 0 0 0 0 0 0 1 0 0 0 0 0 0 0 0 0 0 0 0 0 0\n 0 0 0 0 0 0 0 0 0 0 0 0 0 0]\n[0 0 0 0 0 0 0 0 0 0 0 0 0 0 0 0 0 0 0 0 0 0 0 0 0 0 1 0 0 0 0 0 0 0 0 0 0 0 0 0\n 0 0 0 0 0 0 0 0 0 0 0 0 0 0]\n[[27, 6]] quantum code over GF(2^2), stabilised by:\n[1 0 0 0 0 0 0 0 0 1 1 0 $.1^2 0 $.1 0 0 $.1^2 $.1^2 1 $.1 $.1^2 $.1 $.1 0 0 0]\n[$.1 0 0 0 0 0 0 0 0 $.1 $.1 0 1 0 $.1^2 0 0 1 1 $.1 $.1^2 1 $.1^2 $.1^2 0 0 0]\n[0 1 0 0 0 0 0 0 0 $.1 0 $.1 $.1^2 1 $.1^2 1 $.1 $.1 0 0 $.1^2 1 0 $.1^2 0 0 0]\n[0 $.1 0 0 0 0 0 0 0 $.1^2 0 $.1^2 1 $.1 1 $.1 $.1^2 $.1^2 0 0 1 $.1 0 1 0 0 0]\n[0 0 1 0 0 0 0 0 0 $.1^2 0 1 $.1^2 0 0 $.1 $.1 1 $.1^2 1 $.1^2 $.1 0 $.1 0 0 0]\n[0 0 $.1 0 0 0 0 0 0 1 0 $.1 1 0 0 $.1^2 $.1^2 $.1 1 $.1 1 $.1^2 0 $.1^2 0 0 0]\n[0 0 0 1 0 0 0 0 0 $.1 $.1 $.1^2 $.1 1 $.1^2 $.1^2 0 0 $.1 0 $.1^2 0 1 1 0 0 0]\n[0 0 0 $.1 0 0 0 0 0 $.1^2 $.1^2 1 $.1^2 $.1 1 1 0 0 $.1^2 0 1 0 $.1 $.1 0 0 0]\n[0 0 0 0 1 0 0 0 0 1 1 0 1 $.1^2 $.1^2 1 $.1 1 $.1 0 1 1 $.1 $.1 0 0 0]\n[0 0 0 0 $.1 0 0 0 0 $.1 $.1 0 $.1 1 1 $.1 $.1^2 $.1 $.1^2 0 $.1 $.1 $.1^2 $.1^2\n 0 0 0]\n[0 0 0 0 0 1 0 0 0 $.1 0 $.1 $.1^2 $.1^2 0 0 $.1^2 0 $.1 1 $.1 $.1 $.1 $.1^2 0 0\n 0]\n[0 0 0 0 0 $.1 0 0 0 $.1^2 0 $.1^2 1 1 0 0 1 0 $.1^2 $.1 $.1^2 $.1^2 $.1^2 1 0 0\n 0]\n[0 0 0 0 0 0 1 0 0 $.1^2 0 1 $.1^2 0 $.1 1 $.1^2 0 1 $.1^2 $.1 $.1^2 $.1^2 0 0 0\n 0]\n[0 0 0 0 0 0 $.1 0 0 1 0 $.1 1 0 $.1^2 $.1 1 0 $.1 1 $.1^2 1 1 0 0 0 0]\n[0 0 0 0 0 0 0 1 0 0 $.1^2 0 1 $.1^2 0 $.1 1 $.1^2 0 1 $.1^2 $.1 $.1^2 $.1^2 0 0\n 0]\n[0 0 0 0 0 0 0 $.1 0 0 1 0 $.1 1 0 $.1^2 $.1 1 0 $.1 1 $.1^2 1 1 0 0 0]\n[0 0 0 0 0 0 0 0 1 $.1^2 $.1 $.1 1 $.1 $.1 1 1 $.1 $.1 1 $.1 $.1 $.1^2 1 0 0 0]\n[0 0 0 0 0 0 0 0 $.1 1 $.1^2 $.1^2 $.1 $.1^2 $.1^2 $.1 $.1 $.1^2 $.1^2 $.1 $.1^2\n $.1^2 1 $.1 0 0 0]\n[0 0 0 0 0 0 0 0 0 0 0 0 0 0 0 0 0 0 0 0 0 0 0 0 1 0 0]\n[0 0 0 0 0 0 0 0 0 0 0 0 0 0 0 0 0 0 0 0 0 0 0 0 0 1 0]\n[0 0 0 0 0 0 0 0 0 0 0 0 0 0 0 0 0 0 0 0 0 0 0 0 0 0 1]\nQuantum GF(2)-Additive code over GF(4) of length 27 with 33 generators.\nLower Bound: 1, Upper Bound: 12\nConstructed 2 distinct generator matrices\nTotal Ranks: 18 18 \nRelative Ranks: 18 9 \n(4 4 4 4 4 4 4 4 4 4 4 4 4 4 4 2 2 2 )\n(4 4 4 4 4 4 4 4 4 4 4 4 4 4 4 2 2 2 )\nTime Taken: 0.00\nStarting search for low weight codewords... (reset timings)\nEnumerating using 1 generator at a time:\n New codeword identified of weight 9, time 0.00\n New codeword identified of weight 8, time 0.00\n New codeword identified of weight 7, time 0.00\n New codeword identified of weight 6, time 0.00\n Impurity detected of weight 1, time 0.00\n Discarding non-contributing rank 9 matrix\n New Total Ranks: 18 \n New Relative Ranks: 18 \n Completed Matrix 1: lower = 2, upper = 6. Elapsed: 0.00s\nTermination predicted with 5 generators at matrix 1\nEnumerating using 2 generators at a time:\n Completed Matrix 1: lower = 3, upper = 6. Elapsed: 0.00s\nTermination predicted with 5 generators at matrix 1\nEnumerating using 3 generators at a time:\n Completed Matrix 1: lower = 4, upper = 6. Elapsed: 0.00s\nTermination predicted with 5 generators at matrix 1\nEnumerating using 4 generators at a time:\n Completed Matrix 1: lower = 5, upper = 6. Elapsed: 0.00s\nTermination predicted with 5 generators at matrix 1\nEnumerating using 5 generators at a time:\n Completed Matrix 1: lower = 6, upper = 6. Elapsed: 0.00s\nComputation complete \nFinal Results: lower = 6, upper = 6,\nTotal CPU time: 0.00, real time: 0.010\n6\n\nTotal time: 0.019 seconds, Total memory usage: 32.09MB\n
